the	5.44
to	5.14
and	5.12
of	5.11
a	5.07
in	4.98
i	4.80
is	4.77
for	4.72
that	4.72
you	4.69
it	4.66
on	4.62
with	4.56
this	4.53
was	4.53
be	4.50
as	4.48
are	4.45
have	4.42
at	4.41
he	4.40
not	4.40
by	4.37
but	4.34
from	4.34
my	4.28
or	4.25
we	4.25
an	4.24
your	4.24
all	4.23
so	4.23
his	4.22
they	4.21
me	4.19
if	4.18
one	4.18
can	4.17
will	4.16
just	4.14
like	4.12
about	4.11
up	4.10
out	4.09
what	4.09
has	4.08
when	4.08
more	4.07
do	4.06
no	4.06
were	4.05
who	4.05
had	4.04
it's	4.04
their	4.04
there	4.02
her	4.01
which	4.01
time	4.00
get	3.99
been	3.98
would	3.98
she	3.97
new	3.96
people	3.96
how	3.95
don't	3.91
some	3.91
also	3.90
them	3.90
now	3.89
other	3.87
i'm	3.86
its	3.85
our	3.85
than	3.84
good	3.83
only	3.83
after	3.82
first	3.82
him	3.82
into	3.82
know	3.81
see	3.81
two	3.81
make	3.79
over	3.79
think	3.79
any	3.77
then	3.77
could	3.77
back	3.75
these	3.75
us	3.75
want	3.75
because	3.74
go	3.74
well	3.74
said	3.72
way	3.72
most	3.71
much	3.71
very	3.71
where	3.71
even	3.70
should	3.70
may	3.69
here	3.68
need	3.68
really	3.68
did	3.67
right	3.67
work	3.67
year	3.67
years	3.67
being	3.66
day	3.66
too	3.66
going	3.65
before	3.64
off	3.64
why	3.64
made	3.63
still	3.63
take	3.63
got	3.62
many	3.62
never	3.62
those	3.61
life	3.60
say	3.60
world	3.60
down	3.59
great	3.59
through	3.58
you're	3.58
last	3.57
s	3.57
that's	3.57
while	3.57
best	3.55
such	3.55
love	3.53
man	3.53
home	3.52
long	3.52
look	3.52
something	3.52
use	3.52
can't	3.51
same	3.51
used	3.51
both	3.50
every	3.50
am	3.49
come	3.49
part	3.49
state	3.49
three	3.49
around	3.48
between	3.48
always	3.47
better	3.47
find	3.47
help	3.46
high	3.46
little	3.46
old	3.46
since	3.46
another	3.45
does	3.45
own	3.45
things	3.45
under	3.44
during	3.43
game	3.43
i've	3.43
thing	3.43
give	3.42
house	3.42
place	3.42
school	3.42
again	3.41
next	3.41
each	3.40
mr	3.40
without	3.40
against	3.39
didn't	3.39
end	3.39
found	3.39
must	3.39
show	3.39
big	3.38
feel	3.38
sure	3.38
team	3.38
ever	3.37
family	3.37
keep	3.37
might	3.37
please	3.37
put	3.37
money	3.35
free	3.34
second	3.34
someone	3.34
away	3.33
left	3.33
number	3.33
city	3.32
days	3.32
lot	3.32
name	3.32
night	3.32
play	3.32
until	3.32
company	3.31
doing	3.31
few	3.31
he's	3.31
let	3.31
real	3.31
called	3.30
different	3.30
having	3.30
set	3.30
thought	3.30
done	3.29
however	3.29
getting	3.28
god	3.28
government	3.28
group	3.28
looking	3.28
public	3.28
top	3.28
women	3.28
business	3.27
care	3.27
start	3.27
system	3.27
times	3.27
week	3.27
already	3.26
anything	3.26
case	3.26
nothing	3.26
person	3.26
today	3.26
change	3.25
enough	3.25
everything	3.25
full	3.25
live	3.25
making	3.25
point	3.25
read	3.25
there's	3.25
told	3.25
yet	3.25
bad	3.24
doesn't	3.24
four	3.24
hard	3.24
mean	3.24
once	3.24
support	3.24
tell	3.24
including	3.23
music	3.23
power	3.23
seen	3.23
states	3.23
stop	3.23
water	3.23
based	3.22
believe	3.22
call	3.22
head	3.22
men	3.22
national	3.22
small	3.22
took	3.22
white	3.22
came	3.21
far	3.21
job	3.21
side	3.21
though	3.21
try	3.21
went	3.21
yes	3.21
actually	3.20
american	3.20
later	3.20
less	3.20
line	3.20
order	3.20
party	3.20
run	3.20
says	3.20
service	3.20
country	3.19
open	3.19
season	3.19
shit	3.19
thank	3.19
children	3.18
everyone	3.18
general	3.18
they're	3.18
trying	3.18
united	3.18
using	3.18
area	3.17
black	3.17
d	3.17
following	3.17
law	3.17
makes	3.17
together	3.17
war	3.17
whole	3.17
car	3.16
face	3.16
five	3.16
kind	3.16
maybe	3.16
per	3.16
president	3.16
story	3.16
working	3.16
course	3.15
games	3.15
health	3.15
hope	3.15
important	3.15
least	3.15
means	3.15
news	3.15
within	3.15
able	3.14
book	3.14
early	3.14
friends	3.14
i'll	3.14
information	3.14
local	3.14
oh	3.14
post	3.14
t	3.14
thanks	3.14
video	3.14
young	3.14
ago	3.13
others	3.13
social	3.13
talk	3.13
court	3.12
fact	3.12
given	3.12
guys	3.12
half	3.12
hand	3.12
isn't	3.12
level	3.12
mind	3.12
often	3.12
single	3.12
become	3.11
body	3.11
coming	3.11
control	3.11
death	3.11
food	3.11
guy	3.11
hours	3.11
office	3.11
pay	3.11
problem	3.11
south	3.11
true	3.11
we're	3.11
almost	3.10
fuck	3.10
history	3.10
known	3.10
large	3.10
lost	3.10
m	3.10
research	3.10
room	3.10
several	3.10
started	3.10
taking	3.10
university	3.10
win	3.10
wrong	3.10
along	3.09
anyone	3.09
else	3.09
girl	3.09
john	3.09
matter	3.09
pretty	3.09
remember	3.09
air	3.08
bit	3.08
friend	3.08
hit	3.08
needs	3.08
nice	3.08
playing	3.08
probably	3.08
saying	3.08
understand	3.08
yeah	3.08
york	3.08
class	3.07
close	3.07
comes	3.07
i'd	3.07
idea	3.07
international	3.07
looks	3.07
past	3.07
possible	3.07
wanted	3.07
b	3.06
cause	3.06
due	3.06
happy	3.06
human	3.06
members	3.06
months	3.06
move	3.06
question	3.06
r	3.06
series	3.06
wait	3.06
woman	3.06
ask	3.05
community	3.05
data	3.05
late	3.05
leave	3.05
north	3.05
saw	3.05
special	3.05
watch	3.05
won't	3.05
c	3.04
either	3.04
fucking	3.04
future	3.04
light	3.04
low	3.04
million	3.04
morning	3.04
police	3.04
short	3.04
stay	3.04
taken	3.04
age	3.03
buy	3.03
deal	3.03
rather	3.03
reason	3.03
red	3.03
report	3.03
soon	3.03
third	3.03
turn	3.03
whether	3.03
among	3.02
check	3.02
development	3.02
form	3.02
further	3.02
heart	3.02
minutes	3.02
myself	3.02
services	3.02
yourself	3.02
act	3.01
although	3.01
asked	3.01
child	3.01
fire	3.01
fun	3.01
living	3.01
major	3.01
media	3.01
phone	3.01
players	3.01
art	3.00
behind	3.00
building	3.00
easy	3.00
gonna	3.00
market	3.00
near	3.00
non	3.00
plan	3.00
political	3.00
quite	3.00
six	3.00
talking	3.00
west	3.00
works	3.00
according	2.99
available	2.99
e	2.99
education	2.99
final	2.99
former	2.99
front	2.99
kids	2.99
list	2.99
ready	2.99
sometimes	2.99
son	2.99
street	2.99
wasn't	2.99
bring	2.98
college	2.98
current	2.98
example	2.98
experience	2.98
heard	2.98
london	2.98
meet	2.98
program	2.98
type	2.98
baby	2.97
chance	2.97
father	2.97
march	2.97
process	2.97
she's	2.97
song	2.97
study	2.97
word	2.97
across	2.96
action	2.96
clear	2.96
gave	2.96
gets	2.96
himself	2.96
month	2.96
outside	2.96
self	2.96
students	2.96
words	2.96
board	2.95
cost	2.95
cut	2.95
dr	2.95
field	2.95
held	2.95
instead	2.95
main	2.95
moment	2.95
mother	2.95
road	2.95
seems	2.95
thinking	2.95
town	2.95
wants	2.95
de	2.94
department	2.94
energy	2.94
fight	2.94
fine	2.94
force	2.94
hear	2.94
issue	2.94
played	2.94
points	2.94
price	2.94
re	2.94
rest	2.94
results	2.94
running	2.94
shows	2.94
space	2.94
summer	2.94
term	2.94
wife	2.94
america	2.93
beautiful	2.93
date	2.93
goes	2.93
killed	2.93
land	2.93
miss	2.93
project	2.93
sex	2.93
shot	2.93
site	2.93
strong	2.93
you'll	2.93
account	2.92
co	2.92
especially	2.92
eyes	2.92
include	2.92
june	2.92
parents	2.92
period	2.92
position	2.92
record	2.92
similar	2.92
total	2.92
w	2.92
above	2.91
club	2.91
common	2.91
died	2.91
film	2.91
happened	2.91
knew	2.91
lead	2.91
likely	2.91
military	2.91
perfect	2.91
personal	2.91
security	2.91
share	2.91
st	2.91
tv	2.91
what's	2.91
won	2.91
x	2.91
april	2.90
center	2.90
county	2.90
couple	2.90
dead	2.90
english	2.90
happen	2.90
hold	2.90
industry	2.90
inside	2.90
issues	2.90
online	2.90
player	2.90
private	2.90
problems	2.90
return	2.90
rights	2.90
sense	2.90
star	2.90
test	2.90
view	2.90
weeks	2.90
break	2.89
british	2.89
companies	2.89
event	2.89
higher	2.89
hour	2.89
l	2.89
member	2.89
middle	2.89
needed	2.89
present	2.89
result	2.89
sorry	2.89
takes	2.89
training	2.89
wish	2.89
wouldn't	2.89
answer	2.88
boy	2.88
design	2.88
finally	2.88
girls	2.88
gold	2.88
gone	2.88
guess	2.88
interest	2.88
july	2.88
king	2.88
learn	2.88
policy	2.88
society	2.88
added	2.87
al	2.87
alone	2.87
average	2.87
bank	2.87
brought	2.87
certain	2.87
church	2.87
east	2.87
hands	2.87
hot	2.87
let's	2.87
longer	2.87
medical	2.87
movie	2.87
original	2.87
park	2.87
performance	2.87
press	2.87
received	2.87
role	2.87
sent	2.87
themselves	2.87
tried	2.87
worked	2.87
worth	2.87
areas	2.86
became	2.86
bill	2.86
books	2.86
cool	2.86
director	2.86
exactly	2.86
giving	2.86
ground	2.86
meeting	2.86
n	2.86
provide	2.86
questions	2.86
relationship	2.86
september	2.86
sound	2.86
source	2.86
usually	2.86
value	2.86
evidence	2.85
follow	2.85
lives	2.85
official	2.85
ok	2.85
production	2.85
rate	2.85
reading	2.85
round	2.85
save	2.85
stand	2.85
stuff	2.85
tax	2.85
whatever	2.85
amount	2.84
blue	2.84
countries	2.84
david	2.84
drive	2.84
eat	2.84
fall	2.84
fast	2.84
federal	2.84
feeling	2.84
felt	2.84
green	2.84
league	2.84
management	2.84
match	2.84
model	2.84
p	2.84
picture	2.84
size	2.84
step	2.84
trust	2.84
you've	2.84
central	2.83
changes	2.83
england	2.83
forward	2.83
groups	2.83
hey	2.83
key	2.83
mom	2.83
o	2.83
page	2.83
paid	2.83
range	2.83
review	2.83
science	2.83
trade	2.83
uk	2.83
upon	2.83
various	2.83
attention	2.82
brother	2.82
cannot	2.82
character	2.82
chief	2.82
cup	2.82
football	2.82
hate	2.82
haven't	2.82
james	2.82
led	2.82
looked	2.82
lower	2.82
natural	2.82
october	2.82
property	2.82
quality	2.82
send	2.82
style	2.82
u	2.82
vote	2.82
amazing	2.81
august	2.81
blood	2.81
china	2.81
complete	2.81
dog	2.81
economic	2.81
hell	2.81
involved	2.81
itself	2.81
language	2.81
lord	2.81
november	2.81
oil	2.81
related	2.81
serious	2.81
stage	2.81
terms	2.81
title	2.81
add	2.80
article	2.80
attack	2.80
born	2.80
couldn't	2.80
damn	2.80
decided	2.80
decision	2.80
enjoy	2.80
entire	2.80
french	2.80
january	2.80
kill	2.80
met	2.80
perhaps	2.80
poor	2.80
release	2.80
situation	2.80
technology	2.80
turned	2.80
website	2.80
written	2.80
choice	2.79
code	2.79
considered	2.79
continue	2.79
council	2.79
cover	2.79
currently	2.79
door	2.79
election	2.79
european	2.79
events	2.79
f	2.79
financial	2.79
foreign	2.79
hair	2.79
increase	2.79
legal	2.79
lose	2.79
michael	2.79
pick	2.79
race	2.79
seem	2.79
seven	2.79
sign	2.79
simple	2.79
simply	2.79
staff	2.79
super	2.79
union	2.79
walk	2.79
washington	2.79
bed	2.77
began	2.77
built	2.77
career	2.77
changed	2.77
crazy	2.77
daily	2.77
daughter	2.77
december	2.77
die	2.77
difficult	2.77
figure	2.77
hospital	2.77
knows	2.77
loss	2.77
modern	2.77
ones	2.77
paper	2.77
parts	2.77
popular	2.77
published	2.77
safe	2.77
starting	2.77
systems	2.77
version	2.77
voice	2.77
whose	2.77
writing	2.77
army	2.77
australia	2.77
earth	2.77
forget	2.77
goal	2.77
h	2.77
huge	2.77
internet	2.77
listen	2.77
okay	2.77
practice	2.77
rules	2.77
sea	2.77
sir	2.77
success	2.77
towards	2.77
v	2.77
waiting	2.77
ways	2.77
access	2.76
aren't	2.76
base	2.76
below	2.76
created	2.76
deep	2.76
followed	2.76
la	2.76
lol	2.76
mark	2.76
missing	2.76
offer	2.76
pass	2.76
professional	2.76
released	2.76
risk	2.76
schools	2.76
sleep	2.76
table	2.76
ten	2.76
truth	2.76
ball	2.75
box	2.75
build	2.75
card	2.75
cases	2.75
dark	2.75
district	2.75
europe	2.75
george	2.75
india	2.75
mine	2.75
minister	2.75
note	2.75
percent	2.75
piece	2.75
products	2.75
recent	2.75
seeing	2.75
straight	2.75
visit	2.75
wall	2.75
wanna	2.75
we've	2.75
wrote	2.75
allowed	2.74
boys	2.74
culture	2.74
etc	2.74
fans	2.74
february	2.74
gives	2.74
growth	2.74
included	2.74
married	2.74
officer	2.74
pain	2.74
paul	2.74
places	2.74
respect	2.74
response	2.74
river	2.74
rock	2.74
shall	2.74
speak	2.74
specific	2.74
standard	2.74
tonight	2.74
write	2.74
y	2.74
album	2.73
century	2.73
charge	2.73
cold	2.73
create	2.73
effect	2.73
eight	2.73
except	2.73
eye	2.73
funny	2.73
ii	2.73
limited	2.73
moving	2.73
network	2.73
peace	2.73
provided	2.73
recently	2.73
required	2.73
sales	2.73
spent	2.73
store	2.73
student	2.73
tomorrow	2.73
track	2.73
via	2.73
watching	2.73
weight	2.73
addition	2.72
ahead	2.72
allow	2.72
anti	2.72
association	2.72
beat	2.72
brown	2.72
capital	2.72
chinese	2.72
committee	2.72
conference	2.72
difference	2.72
double	2.72
expect	2.72
gas	2.72
island	2.72
moved	2.72
normal	2.72
plans	2.72
population	2.72
potential	2.72
pressure	2.72
radio	2.72
russian	2.72
station	2.72
text	2.72
treatment	2.72
western	2.72
ass	2.71
beginning	2.71
california	2.71
campaign	2.71
certainly	2.71
completely	2.71
content	2.71
credit	2.71
cross	2.71
described	2.71
despite	2.71
female	2.71
focus	2.71
g	2.71
hi	2.71
husband	2.71
ice	2.71
individual	2.71
interesting	2.71
j	2.71
join	2.71
kept	2.71
leading	2.71
loved	2.71
message	2.71
miles	2.71
nearly	2.71
particular	2.71
previous	2.71
quickly	2.71
region	2.71
reported	2.71
section	2.71
sort	2.71
speed	2.71
travel	2.71
consider	2.70
contact	2.70
drop	2.70
fair	2.70
feet	2.70
jesus	2.70
kid	2.70
link	2.70
positive	2.70
sale	2.70
throughout	2.70
tour	2.70
welcome	2.70
absolutely	2.69
additional	2.69
beyond	2.69
conditions	2.69
earlier	2.69
extra	2.69
forces	2.69
immediately	2.69
jobs	2.69
leaving	2.69
minute	2.69
nature	2.69
numbers	2.69
quick	2.69
sell	2.69
significant	2.69
studies	2.69
unless	2.69
winning	2.69
agree	2.68
canada	2.68
clean	2.68
computer	2.68
construction	2.68
episode	2.68
favorite	2.68
income	2.68
justice	2.68
levels	2.68
manager	2.68
movement	2.68
photo	2.68
posted	2.68
safety	2.68
san	2.68
scene	2.68
sold	2.68
sounds	2.68
spend	2.68
statement	2.68
sun	2.68
teams	2.68
ability	2.67
announced	2.67
asking	2.67
calling	2.67
coach	2.67
collection	2.67
continued	2.67
costs	2.67
definitely	2.67
designed	2.67
expected	2.67
friday	2.67
gun	2.67
happens	2.67
heavy	2.67
includes	2.67
knowledge	2.67
particularly	2.67
search	2.67
subject	2.67
train	2.67
wide	2.67
wow	2.67
author	2.66
centre	2.66
claim	2.66
dad	2.66
developed	2.66
fear	2.66
fit	2.66
generally	2.66
german	2.66
global	2.66
goals	2.66
gotta	2.66
hotel	2.66
interested	2.66
judge	2.66
lady	2.66
leader	2.66
letter	2.66
lines	2.66
material	2.66
named	2.66
nobody	2.66
opportunity	2.66
plus	2.66
pre	2.66
product	2.66
regular	2.66
secretary	2.66
sister	2.66
stories	2.66
unit	2.66
workers	2.66
annual	2.65
anymore	2.65
bar	2.65
battle	2.65
brain	2.65
contract	2.65
degree	2.65
families	2.65
features	2.65
finished	2.65
floor	2.65
france	2.65
growing	2.65
hurt	2.65
image	2.65
insurance	2.65
majority	2.65
meant	2.65
opening	2.65
opinion	2.65
physical	2.65
pro	2.65
reach	2.65
rule	2.65
seriously	2.65
sports	2.65
stupid	2.65
successful	2.65
active	2.64
administration	2.64
approach	2.64
australian	2.64
biggest	2.64
cancer	2.64
civil	2.64
dance	2.64
defense	2.64
direction	2.64
independent	2.64
master	2.64
none	2.64
reasons	2.64
russia	2.64
ship	2.64
stock	2.64
trump	2.64
weekend	2.64
wonder	2.64
worst	2.64
africa	2.63
awesome	2.63
band	2.63
beach	2.63
cash	2.63
clearly	2.63
commercial	2.63
compared	2.63
effort	2.63
ended	2.63
fan	2.63
fighting	2.63
imagine	2.63
impact	2.63
lack	2.63
latest	2.63
learning	2.63
multiple	2.63
older	2.63
operation	2.63
organization	2.63
passed	2.63
pictures	2.63
protect	2.63
secret	2.63
senior	2.63
spring	2.63
sunday	2.63
telling	2.63
wear	2.63
activities	2.62
address	2.62
analysis	2.62
anyway	2.62
bought	2.62
calls	2.62
choose	2.62
christmas	2.62
color	2.62
commission	2.62
competition	2.62
details	2.62
direct	2.62
dream	2.62
easily	2.62
finish	2.62
grand	2.62
here's	2.62
increased	2.62
indian	2.62
k	2.62
literally	2.62
luck	2.62
marriage	2.62
names	2.62
necessary	2.62
patients	2.62
resources	2.62
rich	2.62
skin	2.62
speaking	2.62
supposed	2.62
sweet	2.62
thus	2.62
touch	2.62
yesterday	2.62
caught	2.61
closed	2.61
congress	2.61
damage	2.61
directly	2.61
disease	2.61
doctor	2.61
doubt	2.61
drink	2.61
driving	2.61
established	2.61
facebook	2.61
feels	2.61
fish	2.61
gay	2.61
germany	2.61
glad	2.61
greater	2.61
grow	2.61
largest	2.61
machine	2.61
notice	2.61
overall	2.61
planning	2.61
professor	2.61
programs	2.61
records	2.61
reports	2.61
shown	2.61
sit	2.61
trip	2.61
associated	2.60
basic	2.60
captain	2.60
carry	2.60
cars	2.60
crime	2.60
effective	2.60
effects	2.60
explain	2.60
fully	2.60
highly	2.60
holding	2.60
japan	2.60
laws	2.60
male	2.60
mrs	2.60
parties	2.60
plant	2.60
reality	2.60
smith	2.60
spot	2.60
texas	2.60
we'll	2.60
winter	2.60
worse	2.60
advice	2.59
agreement	2.59
ain't	2.59
award	2.59
block	2.59
broken	2.59
caused	2.59
challenge	2.59
characters	2.59
christian	2.59
comment	2.59
equipment	2.59
eventually	2.59
helped	2.59
holy	2.59
killing	2.59
lived	2.59
lots	2.59
nation	2.59
otherwise	2.59
peter	2.59
prices	2.59
primary	2.59
purpose	2.59
rates	2.59
responsible	2.59
shop	2.59
showing	2.59
sick	2.59
teacher	2.59
theory	2.59
uses	2.59
william	2.59
agency	2.58
avoid	2.58
camera	2.58
catch	2.58
cell	2.58
coast	2.58
comments	2.58
drug	2.58
economy	2.58
environment	2.58
executive	2.58
foot	2.58
hall	2.58
mass	2.58
meaning	2.58
mission	2.58
nine	2.58
officers	2.58
operations	2.58
politics	2.58
pop	2.58
produced	2.58
ran	2.58
saturday	2.58
status	2.58
therefore	2.58
trial	2.58
truly	2.58
weather	2.58
activity	2.57
app	2.57
application	2.57
claims	2.57
coffee	2.57
complex	2.57
condition	2.57
division	2.57
evening	2.57
flight	2.57
freedom	2.57
google	2.57
heat	2.57
highest	2.57
interview	2.57
library	2.57
located	2.57
location	2.57
murder	2.57
obama	2.57
offered	2.57
putting	2.57
queen	2.57
seconds	2.57
showed	2.57
sitting	2.57
standing	2.57
stars	2.57
walking	2.57
accept	2.56
actual	2.56
appear	2.56
attempt	2.56
broke	2.56
channel	2.56
distance	2.56
eating	2.56
exchange	2.56
fat	2.56
fell	2.56
finding	2.56
glass	2.56
learned	2.56
losing	2.56
mobile	2.56
northern	2.56
opened	2.56
placed	2.56
powerful	2.56
prior	2.56
protection	2.56
reached	2.56
receive	2.56
religious	2.56
ride	2.56
robert	2.56
royal	2.56
screen	2.56
serve	2.56
signed	2.56
slow	2.56
species	2.56
speech	2.56
traffic	2.56
tree	2.56
types	2.56
vs	2.56
wearing	2.56
who's	2.56
whom	2.56
wonderful	2.56
agreed	2.55
airport	2.55
animals	2.55
appears	2.55
begin	2.55
benefits	2.55
bottom	2.55
cities	2.55
demand	2.55
engine	2.55
everybody	2.55
famous	2.55
ideas	2.55
investment	2.55
keeping	2.55
lie	2.55
notes	2.55
partner	2.55
plays	2.55
raised	2.55
runs	2.55
sad	2.55
solution	2.55
songs	2.55
sources	2.55
southern	2.55
square	2.55
stopped	2.55
structure	2.55
thomas	2.55
traditional	2.55
twice	2.55
wind	2.55
worry	2.55
americans	2.54
appeared	2.54
becomes	2.54
brand	2.54
bus	2.54
cent	2.54
chicago	2.54
count	2.54
covered	2.54
critical	2.54
digital	2.54
forced	2.54
fourth	2.54
fresh	2.54
lake	2.54
mental	2.54
mentioned	2.54
missed	2.54
mostly	2.54
mouth	2.54
owner	2.54
photos	2.54
previously	2.54
realize	2.54
remain	2.54
scale	2.54
score	2.54
separate	2.54
smart	2.54
starts	2.54
surface	2.54
throw	2.54
tom	2.54
totally	2.54
twitter	2.54
views	2.54
wedding	2.54
you'd	2.54
acting	2.53
actions	2.53
african	2.53
arms	2.53
benefit	2.53
budget	2.53
click	2.53
estate	2.53
failed	2.53
faith	2.53
fashion	2.53
feature	2.53
fund	2.53
generation	2.53
hearing	2.53
hill	2.53
jack	2.53
larger	2.53
louis	2.53
metal	2.53
mid	2.53
paris	2.53
profile	2.53
pull	2.53
push	2.53
returned	2.53
rose	2.53
seat	2.53
seemed	2.53
sexual	2.53
shouldn't	2.53
target	2.53
understanding	2.53
village	2.53
agent	2.52
animal	2.52
apply	2.52
authority	2.52
basis	2.52
becoming	2.52
chris	2.52
draw	2.52
dude	2.52
employees	2.52
enter	2.52
ex	2.52
follows	2.52
foundation	2.52
gain	2.52
http	2.52
individuals	2.52
japanese	2.52
leaders	2.52
memory	2.52
prime	2.52
projects	2.52
ring	2.52
rise	2.52
selling	2.52
served	2.52
silver	2.52
soul	2.52
spread	2.52
supply	2.52
waste	2.52
weird	2.52
adult	2.51
apparently	2.51
artist	2.51
chairman	2.51
edition	2.51
engineering	2.51
grade	2.51
happening	2.51
healthy	2.51
institute	2.51
method	2.51
mike	2.51
monday	2.51
nations	2.51
obviously	2.51
option	2.51
prison	2.51
provides	2.51
remains	2.51
senate	2.51
smaller	2.51
somebody	2.51
stone	2.51
strength	2.51
users	2.51
wild	2.51
window	2.51
winner	2.51
arrived	2.50
bag	2.50
bet	2.50
camp	2.50
cast	2.50
christ	2.50
continues	2.50
correct	2.50
dangerous	2.50
ed	2.50
extremely	2.50
firm	2.50
greatest	2.50
handle	2.50
improve	2.50
indeed	2.50
leaves	2.50
movies	2.50
negative	2.50
prevent	2.50
removed	2.50
richard	2.50
spirit	2.50
television	2.50
till	2.50
trouble	2.50
usa	2.50
videos	2.50
advantage	2.49
apart	2.49
aware	2.49
cat	2.49
customers	2.49
decide	2.49
dinner	2.49
dollars	2.49
eastern	2.49
fifth	2.49
function	2.49
gift	2.49
helping	2.49
herself	2.49
impossible	2.49
influence	2.49
items	2.49
joe	2.49
los	2.49
marketing	2.49
mary	2.49
materials	2.49
nor	2.49
produce	2.49
progress	2.49
proud	2.49
require	2.49
shooting	2.49
shut	2.49
standards	2.49
tells	2.49
thinks	2.49
van	2.49
wood	2.49
background	2.48
birth	2.48
bridge	2.48
carried	2.48
charles	2.48
classes	2.48
completed	2.48
concept	2.48
copy	2.48
dear	2.48
dogs	2.48
drugs	2.48
efforts	2.48
garden	2.48
host	2.48
housing	2.48
inc	2.48
israel	2.48
journal	2.48
labor	2.48
leadership	2.48
length	2.48
lucky	2.48
neither	2.48
onto	2.48
patient	2.48
possibly	2.48
prove	2.48
rare	2.48
setting	2.48
skills	2.48
software	2.48
thousands	2.48
tough	2.48
units	2.48
ad	2.47
alive	2.47
apple	2.47
balance	2.47
birthday	2.47
bitch	2.47
boss	2.47
cards	2.47
changing	2.47
connection	2.47
dress	2.47
easier	2.47
fellow	2.47
florida	2.47
horse	2.47
knowing	2.47
liked	2.47
magic	2.47
managed	2.47
map	2.47
net	2.47
owned	2.47
request	2.47
stick	2.47
they've	2.47
turns	2.47
vehicle	2.47
volume	2.47
wake	2.47
aid	2.46
beauty	2.46
believed	2.46
billion	2.46
busy	2.46
buying	2.46
cells	2.46
concerned	2.46
conversation	2.46
corner	2.46
criminal	2.46
cultural	2.46
develop	2.46
driver	2.46
ends	2.46
existing	2.46
farm	2.46
file	2.46
fix	2.46
fly	2.46
frank	2.46
guide	2.46
images	2.46
investigation	2.46
mexico	2.46
operating	2.46
paying	2.46
presented	2.46
raise	2.46
responsibility	2.46
roll	2.46
slightly	2.46
suggest	2.46
surprise	2.46
technical	2.46
thoughts	2.46
treat	2.46
unique	2.46
variety	2.46
violence	2.46
weapons	2.46
yours	2.46
youth	2.46
appreciate	2.45
bigger	2.45
breaking	2.45
discovered	2.45
dont	2.45
dry	2.45
edge	2.45
evil	2.45
excited	2.45
forever	2.45
funds	2.45
helps	2.45
henry	2.45
injury	2.45
iron	2.45
lovely	2.45
mad	2.45
magazine	2.45
martin	2.45
models	2.45
offers	2.45
ordered	2.45
parliament	2.45
prepared	2.45
reference	2.45
religion	2.45
sites	2.45
somewhere	2.45
stated	2.45
strategy	2.45
teachers	2.45
web	2.45
wine	2.45
accounts	2.44
angeles	2.44
arm	2.44
audience	2.44
bay	2.44
blog	2.44
closer	2.44
core	2.44
democratic	2.44
description	2.44
dropped	2.44
excellent	2.44
exist	2.44
figures	2.44
forms	2.44
guard	2.44
honest	2.44
issued	2.44
joined	2.44
jones	2.44
lee	2.44
lies	2.44
likes	2.44
medicine	2.44
mention	2.44
mountain	2.44
nuclear	2.44
orders	2.44
port	2.44
presence	2.44
reaction	2.44
reduce	2.44
shoot	2.44
sides	2.44
solid	2.44
spanish	2.44
sport	2.44
steps	2.44
stress	2.44
taste	2.44
tea	2.44
victory	2.44
afternoon	2.43
assistant	2.43
britain	2.43
citizens	2.43
classic	2.43
clothes	2.43
decisions	2.43
electric	2.43
emergency	2.43
entered	2.43
entirely	2.43
facts	2.43
failure	2.43
festival	2.43
flat	2.43
fuel	2.43
harry	2.43
hello	2.43
houses	2.43
ill	2.43
initial	2.43
introduced	2.43
johnson	2.43
kick	2.43
links	2.43
mail	2.43
massive	2.43
matters	2.43
pair	2.43
picked	2.43
pieces	2.43
plane	2.43
plenty	2.43
prince	2.43
proper	2.43
providing	2.43
quarter	2.43
regional	2.43
scott	2.43
session	2.43
shape	2.43
sky	2.43
teaching	2.43
toward	2.43
transfer	2.43
upper	2.43
useful	2.43
valley	2.43
watched	2.43
willing	2.43
windows	2.43
zone	2.43
accident	2.42
advanced	2.42
alternative	2.42
anywhere	2.42
articles	2.42
awards	2.42
bear	2.42
boat	2.42
bringing	2.42
capacity	2.42
cheap	2.42
climate	2.42
communities	2.42
discussion	2.42
drinking	2.42
duty	2.42
fantastic	2.42
feelings	2.42
flying	2.42
governor	2.42
hasn't	2.42
hundred	2.42
industrial	2.42
joint	2.42
mix	2.42
museum	2.42
options	2.42
path	2.42
plants	2.42
policies	2.42
promise	2.42
proposed	2.42
purchase	2.42
rain	2.42
remove	2.42
signs	2.42
spending	2.42
steel	2.42
steve	2.42
supporting	2.42
terrible	2.42
they'll	2.42
tired	2.42
treated	2.42
turning	2.42
vice	2.42
warm	2.42
afraid	2.41
arts	2.41
beer	2.41
border	2.41
canadian	2.41
command	2.41
crew	2.41
crowd	2.41
dating	2.41
dick	2.41
elements	2.41
enemy	2.41
ensure	2.41
environmental	2.41
filled	2.41
fixed	2.41
forest	2.41
intelligence	2.41
intended	2.41
labour	2.41
limit	2.41
moon	2.41
ocean	2.41
powers	2.41
profit	2.41
proof	2.41
republican	2.41
soldiers	2.41
suit	2.41
wins	2.41
women's	2.41
appearance	2.40
asian	2.40
attorney	2.40
banks	2.40
behavior	2.40
ben	2.40
bodies	2.40
brothers	2.40
buildings	2.40
chair	2.40
creating	2.40
debt	2.40
domestic	2.40
expensive	2.40
grew	2.40
historical	2.40
homes	2.40
honestly	2.40
honor	2.40
im	2.40
jump	2.40
launch	2.40
listed	2.40
minimum	2.40
native	2.40
noted	2.40
originally	2.40
planned	2.40
pm	2.40
ray	2.40
sets	2.40
suddenly	2.40
supreme	2.40
survey	2.40
tech	2.40
trees	2.40
update	2.40
user	2.40
writer	2.40
yellow	2.40
younger	2.40
ancient	2.39
attacks	2.39
charges	2.39
combined	2.39
communication	2.39
connected	2.39
contains	2.39
download	2.39
email	2.39
ending	2.39
exercise	2.39
express	2.39
flow	2.39
formed	2.39
girlfriend	2.39
hero	2.39
illegal	2.39
increasing	2.39
joke	2.39
loan	2.39
methods	2.39
officials	2.39
people's	2.39
performed	2.39
planet	2.39
relationships	2.39
restaurant	2.39
scotland	2.39
selected	2.39
shared	2.39
shopping	2.39
soft	2.39
stuck	2.39
sugar	2.39
suggested	2.39
supported	2.39
surprised	2.39
taught	2.39
transport	2.39
weren't	2.39
accepted	2.38
adding	2.38
affairs	2.38
allows	2.38
appeal	2.38
applied	2.38
appropriate	2.38
artists	2.38
boston	2.38
ca	2.38
confirmed	2.38
device	2.38
drama	2.38
entry	2.38
era	2.38
factor	2.38
feed	2.38
golden	2.38
grant	2.38
grown	2.38
heads	2.38
hoping	2.38
keeps	2.38
lawyer	2.38
legs	2.38
lying	2.38
measures	2.38
mistake	2.38
ms	2.38
muslim	2.38
organizations	2.38
platform	2.38
pool	2.38
pulled	2.38
regarding	2.38
relations	2.38
requires	2.38
route	2.38
saved	2.38
schedule	2.38
scientific	2.38
shoes	2.38
smoke	2.38
squad	2.38
teach	2.38
testing	2.38
tests	2.38
values	2.38
walked	2.38
williams	2.38
ya	2.38
abuse	2.37
angry	2.37
businesses	2.37
candidate	2.37
comfortable	2.37
concern	2.37
developing	2.37
discuss	2.37
elections	2.37
emotional	2.37
et	2.37
everywhere	2.37
facilities	2.37
falling	2.37
fox	2.37
guns	2.37
hole	2.37
holiday	2.37
interests	2.37
internal	2.37
ireland	2.37
italian	2.37
italy	2.37
jersey	2.37
laugh	2.37
leg	2.37
letters	2.37
liberal	2.37
listening	2.37
ll	2.37
loves	2.37
lunch	2.37
max	2.37
milk	2.37
pack	2.37
payment	2.37
perform	2.37
recorded	2.37
relatively	2.37
sector	2.37
sharing	2.37
snow	2.37
storm	2.37
streets	2.37
strike	2.37
studio	2.37
sub	2.37
weak	2.37
youtube	2.37
actor	2.36
advance	2.36
apartment	2.36
asia	2.36
chain	2.36
chapter	2.36
committed	2.36
confidence	2.36
cook	2.36
cute	2.36
equal	2.36
fake	2.36
finance	2.36
focused	2.36
hits	2.36
identity	2.36
journey	2.36
kitchen	2.36
korea	2.36
leads	2.36
maintain	2.36
measure	2.36
mm	2.36
numerous	2.36
owners	2.36
posts	2.36
properties	2.36
quiet	2.36
revealed	2.36
specifically	2.36
split	2.36
task	2.36
taxes	2.36
taylor	2.36
twenty	2.36
urban	2.36
acts	2.35
affected	2.35
aircraft	2.35
applications	2.35
approved	2.35
approximately	2.35
argument	2.35
arrested	2.35
claimed	2.35
conflict	2.35
considering	2.35
corporate	2.35
debate	2.35
determined	2.35
distribution	2.35
documents	2.35
escape	2.35
extended	2.35
factors	2.35
faster	2.35
fault	2.35
fill	2.35
films	2.35
flowers	2.35
friendly	2.35
ladies	2.35
lay	2.35
lights	2.35
millions	2.35
mixed	2.35
phase	2.35
properly	2.35
pure	2.35
reduced	2.35
requirements	2.35
residents	2.35
revenue	2.35
sam	2.35
sat	2.35
secure	2.35
smile	2.35
strange	2.35
talent	2.35
temperature	2.35
thousand	2.35
tony	2.35
troops	2.35
truck	2.35
votes	2.35
ah	2.34
authorities	2.34
basically	2.34
besides	2.34
bird	2.34
blame	2.34
bob	2.34
bowl	2.34
causes	2.34
chicken	2.34
collected	2.34
context	2.34
coverage	2.34
determine	2.34
display	2.34
dying	2.34
elected	2.34
examples	2.34
experienced	2.34
falls	2.34
false	2.34
fired	2.34
forgot	2.34
funding	2.34
identified	2.34
iii	2.34
incredible	2.34
inspired	2.34
launched	2.34
ma	2.34
meat	2.34
ministry	2.34
mode	2.34
neck	2.34
noticed	2.34
novel	2.34
obvious	2.34
passing	2.34
positions	2.34
remaining	2.34
scored	2.34
shirt	2.34
shots	2.34
slowly	2.34
stadium	2.34
stores	2.34
surgery	2.34
trading	2.34
tuesday	2.34
vision	2.34
whenever	2.34
worried	2.34
zero	2.34
alex	2.33
allowing	2.33
begins	2.33
champion	2.33
charged	2.33
cream	2.33
crisis	2.33
daniel	2.33
delivered	2.33
editor	2.33
estimated	2.33
eu	2.33
giant	2.33
iran	2.33
jail	2.33
jim	2.33
kingdom	2.33
literature	2.33
mayor	2.33
minor	2.33
moments	2.33
opposite	2.33
orange	2.33
ourselves	2.33
pages	2.33
remained	2.33
selection	2.33
serving	2.33
signal	2.33
stream	2.33
struggle	2.33
suicide	2.33
talked	2.33
theme	2.33
thursday	2.33
tiny	2.33
typically	2.33
un	2.33
unfortunately	2.33
usual	2.33
vehicles	2.33
virginia	2.33
voted	2.33
voting	2.33
walls	2.33
wave	2.33
alcohol	2.32
assembly	2.32
breakfast	2.32
bright	2.32
brings	2.32
capable	2.32
carrying	2.32
chosen	2.32
combination	2.32
conservative	2.32
customer	2.32
cutting	2.32
desire	2.32
destroyed	2.32
draft	2.32
drunk	2.32
essential	2.32
fail	2.32
familiar	2.32
finds	2.32
granted	2.32
guilty	2.32
humans	2.32
hundreds	2.32
id	2.32
improved	2.32
jewish	2.32
largely	2.32
laughing	2.32
markets	2.32
medium	2.32
ohio	2.32
opportunities	2.32
papers	2.32
perfectly	2.32
recommend	2.32
referred	2.32
relevant	2.32
seek	2.32
sending	2.32
solo	2.32
spoke	2.32
stands	2.32
talks	2.32
ticket	2.32
unable	2.32
upset	2.32
wing	2.32
world's	2.32
answers	2.31
birds	2.31
bomb	2.31
creative	2.31
cycle	2.31
dealing	2.31
directed	2.31
don	2.31
educational	2.31
entertainment	2.31
extreme	2.31
facility	2.31
fields	2.31
goods	2.31
hang	2.31
holds	2.31
info	2.31
mainly	2.31
maximum	2.31
newspaper	2.31
offering	2.31
painting	2.31
republic	2.31
reserve	2.31
returns	2.31
row	2.31
salt	2.31
scared	2.31
scottish	2.31
shares	2.31
statistics	2.31
switch	2.31
territory	2.31
threat	2.31
tickets	2.31
wales	2.31
adults	2.30
affect	2.30
appointed	2.30
armed	2.30
aside	2.30
assistance	2.30
bell	2.30
blow	2.30
bond	2.30
boyfriend	2.30
careful	2.30
circumstances	2.30
communications	2.30
concerns	2.30
controlled	2.30
corporation	2.30
cry	2.30
danger	2.30
deals	2.30
delivery	2.30
deserve	2.30
devices	2.30
dollar	2.30
dreams	2.30
empty	2.30
enjoyed	2.30
explained	2.30
faces	2.30
folks	2.30
fucked	2.30
gender	2.30
instance	2.30
kim	2.30
kinda	2.30
matches	2.30
mile	2.30
motion	2.30
moves	2.30
nick	2.30
pacific	2.30
prize	2.30
realized	2.30
reasonable	2.30
receiving	2.30
register	2.30
resolution	2.30
rural	2.30
ryan	2.30
saving	2.30
sees	2.30
singing	2.30
spain	2.30
tools	2.30
typical	2.30
universe	2.30
warning	2.30
wars	2.30
wednesday	2.30
admit	2.29
attitude	2.29
branch	2.29
brazil	2.29
conducted	2.29
decades	2.29
dedicated	2.29
definition	2.29
drawing	2.29
favor	2.29
flag	2.29
frame	2.29
guest	2.29
ha	2.29
heaven	2.29
independence	2.29
institutions	2.29
it'll	2.29
jackson	2.29
kiss	2.29
load	2.29
plot	2.29
possibility	2.29
random	2.29
recovery	2.29
rent	2.29
replace	2.29
represent	2.29
reviews	2.29
scenes	2.29
seeking	2.29
senator	2.29
sentence	2.29
teeth	2.29
tips	2.29
trained	2.29
understood	2.29
academic	2.28
academy	2.28
accurate	2.28
achieve	2.28
adam	2.28
afford	2.28
andrew	2.28
assume	2.28
bbc	2.28
bottle	2.28
bunch	2.28
category	2.28
chat	2.28
cheese	2.28
chemical	2.28
clinton	2.28
competitive	2.28
detail	2.28
diet	2.28
em	2.28
favourite	2.28
fruit	2.28
harder	2.28
he'd	2.28
index	2.28
item	2.28
lane	2.28
mess	2.28
navy	2.28
normally	2.28
occurred	2.28
opposition	2.28
parent	2.28
permanent	2.28
personally	2.28
pleasure	2.28
prefer	2.28
programme	2.28
representative	2.28
scheme	2.28
shift	2.28
stood	2.28
storage	2.28
tank	2.28
tend	2.28
tight	2.28
transportation	2.28
ultimately	2.28
unlike	2.28
weekly	2.28
yard	2.28
anybody	2.27
assets	2.27
basketball	2.27
button	2.27
candidates	2.27
combat	2.27
constitution	2.27
consumer	2.27
counter	2.27
creation	2.27
crown	2.27
crying	2.27
dc	2.27
defined	2.27
depending	2.27
depression	2.27
describe	2.27
drivers	2.27
el	2.27
employment	2.27
exclusive	2.27
excuse	2.27
expert	2.27
frequently	2.27
golf	2.27
grace	2.27
hopefully	2.27
identify	2.27
importance	2.27
kevin	2.27
laid	2.27
latter	2.27
manufacturing	2.27
mining	2.27
object	2.27
partners	2.27
pattern	2.27
performing	2.27
personnel	2.27
perspective	2.27
pregnant	2.27
premier	2.27
promote	2.27
q	2.27
revolution	2.27
rooms	2.27
severe	2.27
sleeping	2.27
suppose	2.27
tool	2.27
tournament	2.27
turkey	2.27
ve	2.27
victim	2.27
victims	2.27
agents	2.26
amazon	2.26
arrest	2.26
attend	2.26
ban	2.26
brilliant	2.26
carbon	2.26
catholic	2.26
chose	2.26
circle	2.26
concert	2.26
crash	2.26
declared	2.26
deliver	2.26
depth	2.26
deputy	2.26
dirty	2.26
doctors	2.26
earned	2.26
electronic	2.26
error	2.26
existence	2.26
experiences	2.26
expression	2.26
factory	2.26
headed	2.26
interior	2.26
joy	2.26
jr	2.26
legislation	2.26
maintenance	2.26
manner	2.26
mate	2.26
matt	2.26
nearby	2.26
noise	2.26
origin	2.26
pakistan	2.26
panel	2.26
personality	2.26
plate	2.26
practices	2.26
prepare	2.26
relief	2.26
replaced	2.26
resistance	2.26
retail	2.26
rice	2.26
roads	2.26
roof	2.26
shame	2.26
ships	2.26
somewhat	2.26
staying	2.26
stronger	2.26
surely	2.26
tip	2.26
updated	2.26
writers	2.26
absolute	2.25
advertising	2.25
agencies	2.25
baseball	2.25
bathroom	2.25
bible	2.25
cable	2.25
calm	2.25
championship	2.25
checked	2.25
client	2.25
constant	2.25
da	2.25
dates	2.25
degrees	2.25
democrats	2.25
doors	2.25
driven	2.25
dumb	2.25
empire	2.25
exciting	2.25
expansion	2.25
he'll	2.25
heavily	2.25
hide	2.25
incident	2.25
irish	2.25
linked	2.25
manage	2.25
messages	2.25
michigan	2.25
multi	2.25
nfl	2.25
politicians	2.25
print	2.25
quit	2.25
refused	2.25
reporting	2.25
sight	2.25
significantly	2.25
sing	2.25
soviet	2.25
weapon	2.25
wet	2.25
widely	2.25
worldwide	2.25
ages	2.24
anniversary	2.24
attractive	2.24
bike	2.24
broad	2.24
burn	2.24
cake	2.24
causing	2.24
closely	2.24
constantly	2.24
contest	2.24
deaths	2.24
depends	2.24
drawn	2.24
fees	2.24
francisco	2.24
haha	2.24
hardly	2.24
hat	2.24
height	2.24
hidden	2.24
hong	2.24
invited	2.24
letting	2.24
loud	2.24
manchester	2.24
marine	2.24
motor	2.24
officially	2.24
pc	2.24
peak	2.24
portion	2.24
pounds	2.24
princess	2.24
protein	2.24
puts	2.24
raw	2.24
reform	2.24
regions	2.24
represented	2.24
respond	2.24
retirement	2.24
sample	2.24
seats	2.24
secondary	2.24
solar	2.24
somehow	2.24
stayed	2.24
suffering	2.24
sydney	2.24
today's	2.24
tries	2.24
ultimate	2.24
unknown	2.24
wilson	2.24
wondering	2.24
attached	2.23
attacked	2.23
automatically	2.23
balls	2.23
battery	2.23
bills	2.23
blind	2.23
breath	2.23
brief	2.23
carolina	2.23
chest	2.23
conduct	2.23
debut	2.23
decade	2.23
destroy	2.23
differences	2.23
edward	2.23
engaged	2.23
experts	2.23
expressed	2.23
external	2.23
fantasy	2.23
ft	2.23
grab	2.23
hollywood	2.23
immediate	2.23
introduction	2.23
joseph	2.23
license	2.23
paint	2.23
pilot	2.23
pink	2.23
presidential	2.23
principal	2.23
recognize	2.23
recognized	2.23
registered	2.23
regularly	2.23
representatives	2.23
rising	2.23
seasons	2.23
shipping	2.23
singer	2.23
smoking	2.23
steam	2.23
suffered	2.23
survive	2.23
tall	2.23
thats	2.23
theatre	2.23
therapy	2.23
witness	2.23
adopted	2.22
aim	2.22
campus	2.22
cap	2.22
chances	2.22
childhood	2.22
clinical	2.22
clubs	2.22
comedy	2.22
commander	2.22
comparison	2.22
covers	2.22
dan	2.22
defeat	2.22
defence	2.22
democracy	2.22
detailed	2.22
entitled	2.22
exact	2.22
exposed	2.22
fed	2.22
fee	2.22
injured	2.22
jan	2.22
jordan	2.22
kinds	2.22
lets	2.22
loans	2.22
lock	2.22
musical	2.22
nose	2.22
objects	2.22
opposed	2.22
organized	2.22
plastic	2.22
protected	2.22
purposes	2.22
quote	2.22
recording	2.22
semi	2.22
statements	2.22
suspect	2.22
swear	2.22
techniques	2.22
tie	2.22
tim	2.22
trend	2.22
valuable	2.22
wealth	2.22
wise	2.22
yards	2.22
aged	2.21
approval	2.21
aspects	2.21
attempts	2.21
bread	2.21
burning	2.21
champions	2.21
contain	2.21
convention	2.21
dancing	2.21
document	2.21
eggs	2.21
employee	2.21
en	2.21
engineer	2.21
equivalent	2.21
facing	2.21
fairly	2.21
fingers	2.21
ford	2.21
founded	2.21
functions	2.21
gang	2.21
graduate	2.21
greek	2.21
hanging	2.21
inner	2.21
islands	2.21
le	2.21
lift	2.21
marked	2.21
memories	2.21
miller	2.21
monthly	2.21
mountains	2.21
neighborhood	2.21
operate	2.21
outstanding	2.21
permission	2.21
porn	2.21
racing	2.21
recommended	2.21
regulations	2.21
reply	2.21
republicans	2.21
rid	2.21
roman	2.21
scientists	2.21
shoulder	2.21
shower	2.21
solutions	2.21
sons	2.21
stations	2.21
stephen	2.21
tower	2.21
tradition	2.21
visited	2.21
visual	2.21
wheel	2.21
zealand	2.21
achieved	2.20
admitted	2.20
appointment	2.20
authors	2.20
barely	2.20
bc	2.20
bush	2.20
cabinet	2.20
celebrate	2.20
challenges	2.20
chocolate	2.20
coal	2.20
colour	2.20
contemporary	2.20
criticism	2.20
davis	2.20
dna	2.20
effectively	2.20
eric	2.20
extensive	2.20
faced	2.20
filed	2.20
formation	2.20
fought	2.20
gained	2.20
gallery	2.20
highway	2.20
historic	2.20
hunt	2.20
improvement	2.20
inch	2.20
initially	2.20
junior	2.20
jury	2.20
kong	2.20
korean	2.20
marks	2.20
monster	2.20
obtained	2.20
olympic	2.20
philosophy	2.20
pride	2.20
promised	2.20
repeat	2.20
returning	2.20
riding	2.20
rough	2.20
santa	2.20
settlement	2.20
smell	2.20
sought	2.20
speaker	2.20
studied	2.20
suggests	2.20
surrounding	2.20
tone	2.20
topic	2.20
toronto	2.20
universal	2.20
vast	2.20
visitors	2.20
wanting	2.20
auto	2.19
consistent	2.19
continuing	2.19
earn	2.19
exists	2.19
finger	2.19
grey	2.19
guitar	2.19
heading	2.19
howard	2.19
ignore	2.19
involving	2.19
latin	2.19
lewis	2.19
meal	2.19
meanwhile	2.19
meetings	2.19
naturally	2.19
necessarily	2.19
offices	2.19
pants	2.19
partnership	2.19
payments	2.19
percentage	2.19
pocket	2.19
practical	2.19
primarily	2.19
proved	2.19
rape	2.19
regardless	2.19
relative	2.19
represents	2.19
rescue	2.19
resulting	2.19
rush	2.19
sarah	2.19
sessions	2.19
sharp	2.19
simon	2.19
soccer	2.19
stable	2.19
structures	2.19
supplies	2.19
symptoms	2.19
temporary	2.19
tested	2.19
trick	2.19
attended	2.18
audio	2.18
bone	2.18
brian	2.18
bullshit	2.18
chamber	2.18
chart	2.18
children's	2.18
circuit	2.18
clothing	2.18
complicated	2.18
confused	2.18
consequences	2.18
defend	2.18
divided	2.18
elizabeth	2.18
everyday	2.18
extent	2.18
fishing	2.18
format	2.18
gap	2.18
gate	2.18
gotten	2.18
harm	2.18
healthcare	2.18
household	2.18
immigration	2.18
impressive	2.18
jews	2.18
joining	2.18
killer	2.18
lesson	2.18
limits	2.18
loving	2.18
ltd	2.18
managers	2.18
membership	2.18
miami	2.18
mirror	2.18
mount	2.18
nights	2.18
occur	2.18
parking	2.18
proposal	2.18
province	2.18
purchased	2.18
recognition	2.18
reputation	2.18
rolling	2.18
shortly	2.18
situations	2.18
strongly	2.18
tears	2.18
technique	2.18
thin	2.18
tied	2.18
z	2.18
accused	2.17
adventure	2.17
argue	2.17
assessment	2.17
atmosphere	2.17
awful	2.17
bedroom	2.17
belief	2.17
bound	2.17
breaks	2.17
carefully	2.17
cats	2.17
ceo	2.17
choices	2.17
closing	2.17
cloud	2.17
colorado	2.17
colors	2.17
contrast	2.17
courses	2.17
courts	2.17
donald	2.17
drew	2.17
egg	2.17
element	2.17
elsewhere	2.17
establish	2.17
extension	2.17
files	2.17
founder	2.17
gear	2.17
georgia	2.17
hills	2.17
hip	2.17
hitting	2.17
increases	2.17
infrastructure	2.17
jason	2.17
locations	2.17
loose	2.17
machines	2.17
men's	2.17
moral	2.17
offensive	2.17
pa	2.17
package	2.17
pointed	2.17
poverty	2.17
processes	2.17
processing	2.17
qualified	2.17
railway	2.17
reaching	2.17
ridiculous	2.17
sensitive	2.17
server	2.17
shock	2.17
silence	2.17
soldier	2.17
superior	2.17
supporters	2.17
thick	2.17
threw	2.17
tons	2.17
transition	2.17
violent	2.17
voters	2.17
wash	2.17
acid	2.16
actress	2.16
administrative	2.16
alan	2.16
alongside	2.16
angel	2.16
anxiety	2.16
babies	2.16
bars	2.16
bonus	2.16
castle	2.16
charity	2.16
clients	2.16
compare	2.16
contained	2.16
cooking	2.16
covering	2.16
curious	2.16
directors	2.16
discovery	2.16
discussed	2.16
duke	2.16
egypt	2.16
encourage	2.16
enforcement	2.16
featuring	2.16
finals	2.16
flash	2.16
formal	2.16
formula	2.16
fort	2.16
governments	2.16
gray	2.16
gross	2.16
horses	2.16
hungry	2.16
informed	2.16
innocent	2.16
jeff	2.16
losses	2.16
luke	2.16
mac	2.16
math	2.16
minds	2.16
mistakes	2.16
mystery	2.16
networks	2.16
olympics	2.16
palace	2.16
passes	2.16
penalty	2.16
pet	2.16
phones	2.16
photography	2.16
producing	2.16
protest	2.16
publication	2.16
rating	2.16
refer	2.16
respectively	2.16
rome	2.16
scheduled	2.16
select	2.16
silent	2.16
spoken	2.16
successfully	2.16
suffer	2.16
temple	2.16
tracks	2.16
trail	2.16
uncle	2.16
unusual	2.16
waters	2.16
woods	2.16
yo	2.16
arrival	2.15
asks	2.15
assault	2.15
awareness	2.15
badly	2.15
bath	2.15
captured	2.15
chase	2.15
components	2.15
concrete	2.15
dave	2.15
deeply	2.15
expectations	2.15
explanation	2.15
exposure	2.15
featured	2.15
fiction	2.15
guarantee	2.15
happiness	2.15
harris	2.15
hearts	2.15
horrible	2.15
ideal	2.15
illinois	2.15
injuries	2.15
islamic	2.15
jimmy	2.15
kelly	2.15
legend	2.15
lieutenant	2.15
mini	2.15
mood	2.15
muscle	2.15
muslims	2.15
passion	2.15
picking	2.15
pleased	2.15
procedure	2.15
producer	2.15
pushing	2.15
rank	2.15
replacement	2.15
retired	2.15
roles	2.15
sand	2.15
savings	2.15
settled	2.15
shadow	2.15
singles	2.15
tag	2.15
tape	2.15
thread	2.15
victoria	2.15
visiting	2.15
wage	2.15
we'd	2.15
wings	2.15
andy	2.14
avenue	2.14
bags	2.14
beating	2.14
believes	2.14
blocks	2.14
boring	2.14
charlie	2.14
checking	2.14
clock	2.14
commissioner	2.14
commitment	2.14
confident	2.14
containing	2.14
copies	2.14
crimes	2.14
custom	2.14
denied	2.14
desk	2.14
drinks	2.14
ear	2.14
electricity	2.14
episodes	2.14
farmers	2.14
fbi	2.14
grounds	2.14
gym	2.14
helpful	2.14
horror	2.14
iphone	2.14
iraq	2.14
label	2.14
liverpool	2.14
locked	2.14
naked	2.14
ny	2.14
opens	2.14
output	2.14
persons	2.14
pitch	2.14
pizza	2.14
plain	2.14
pushed	2.14
raising	2.14
rear	2.14
reveal	2.14
romantic	2.14
scores	2.14
sisters	2.14
speaks	2.14
stages	2.14
strategic	2.14
swimming	2.14
welfare	2.14
winners	2.14
wire	2.14
worker	2.14
afterwards	2.13
alright	2.13
android	2.13
anger	2.13
architecture	2.13
assist	2.13
attempted	2.13
behalf	2.13
belt	2.13
capture	2.13
centers	2.13
ceremony	2.13
comic	2.13
cops	2.13
cuts	2.13
dallas	2.13
designer	2.13
diamond	2.13
disappointed	2.13
dressed	2.13
economics	2.13
efficient	2.13
electrical	2.13
employed	2.13
enjoying	2.13
entering	2.13
essentially	2.13
establishment	2.13
expecting	2.13
explains	2.13
flower	2.13
ghost	2.13
guests	2.13
handed	2.13
hockey	2.13
houston	2.13
https	2.13
hunting	2.13
industries	2.13
islam	2.13
jane	2.13
judges	2.13
kit	2.13
lab	2.13
languages	2.13
maps	2.13
min	2.13
morgan	2.13
moscow	2.13
na	2.13
nervous	2.13
newly	2.13
odd	2.13
op	2.13
ordinary	2.13
participate	2.13
philadelphia	2.13
prayer	2.13
principles	2.13
racist	2.13
rarely	2.13
references	2.13
sexy	2.13
skill	2.13
soil	2.13
solve	2.13
stomach	2.13
struck	2.13
studying	2.13
suck	2.13
supports	2.13
trash	2.13
ugly	2.13
vegas	2.13
virus	2.13
walker	2.13
whoever	2.13
amounts	2.12
anthony	2.12
arthur	2.12
aspect	2.12
banned	2.12
boost	2.12
bureau	2.12
colonel	2.12
comfort	2.12
controls	2.12
cousin	2.12
crack	2.12
deck	2.12
demands	2.12
dies	2.12
dragon	2.12
dramatic	2.12
dust	2.12
dutch	2.12
engineers	2.12
evolution	2.12
foods	2.12
hired	2.12
illness	2.12
inspiration	2.12
institution	2.12
kings	2.12
knife	2.12
lately	2.12
lowest	2.12
memorial	2.12
mexican	2.12
minority	2.12
mum	2.12
opinions	2.12
patterns	2.12
presents	2.12
priority	2.12
promotion	2.12
rail	2.12
readers	2.12
remote	2.12
repair	2.12
root	2.12
saint	2.12
steal	2.12
stolen	2.12
telephone	2.12
tho	2.12
titles	2.12
trans	2.12
ups	2.12
vol	2.12
whereas	2.12
abandoned	2.11
acquired	2.11
actors	2.11
alexander	2.11
alliance	2.11
annoying	2.11
ap	2.11
bid	2.11
bro	2.11
buddy	2.11
buried	2.11
butter	2.11
cares	2.11
columbia	2.11
conclusion	2.11
confirm	2.11
congratulations	2.11
contracts	2.11
convinced	2.11
crap	2.11
crystal	2.11
dean	2.11
decent	2.11
decline	2.11
delay	2.11
describes	2.11
desert	2.11
downtown	2.11
elite	2.11
enemies	2.11
forgotten	2.11
forth	2.11
gods	2.11
hadn't	2.11
hire	2.11
hop	2.11
hopes	2.11
insane	2.11
installed	2.11
israeli	2.11
landing	2.11
layer	2.11
managing	2.11
marry	2.11
nah	2.11
nowhere	2.11
nurse	2.11
obtain	2.11
organic	2.11
ownership	2.11
participants	2.11
pennsylvania	2.11
poetry	2.11
pot	2.11
pray	2.11
printed	2.11
recall	2.11
rugby	2.11
sake	2.11
sheet	2.11
signing	2.11
smooth	2.11
spiritual	2.11
stops	2.11
string	2.11
sudden	2.11
sweden	2.11
syria	2.11
throwing	2.11
thrown	2.11
vacation	2.11
abroad	2.10
arab	2.10
assigned	2.10
associate	2.10
assumed	2.10
atlantic	2.10
bench	2.10
bother	2.10
broadcast	2.10
bye	2.10
cambridge	2.10
citizen	2.10
cleaning	2.10
compete	2.10
consists	2.10
consumers	2.10
contributed	2.10
cricket	2.10
critics	2.10
damaged	2.10
disaster	2.10
discover	2.10
disney	2.10
entrance	2.10
equally	2.10
fallen	2.10
figured	2.10
fitness	2.10
francis	2.10
friendship	2.10
gary	2.10
handling	2.10
idiot	2.10
intense	2.10
keys	2.10
lawyers	2.10
lifetime	2.10
liquid	2.10
makeup	2.10
medal	2.10
mortgage	2.10
narrative	2.10
narrow	2.10
nba	2.10
observed	2.10
occasionally	2.10
one's	2.10
pan	2.10
physics	2.10
posting	2.10
potentially	2.10
reduction	2.10
reflect	2.10
refuse	2.10
researchers	2.10
resource	2.10
roger	2.10
ross	2.10
sciences	2.10
seattle	2.10
serves	2.10
shell	2.10
silly	2.10
subsequent	2.10
they'd	2.10
towns	2.10
translation	2.10
visible	2.10
yep	2.10
adds	2.09
allen	2.09
amendment	2.09
angle	2.09
arizona	2.09
arrive	2.09
belong	2.09
berlin	2.09
bishop	2.09
channels	2.09
clark	2.09
commonly	2.09
connect	2.09
defensive	2.09
designs	2.09
efficiency	2.09
enterprise	2.09
experiment	2.09
feb	2.09
females	2.09
findings	2.09
firms	2.09
forum	2.09
gifts	2.09
grass	2.09
hence	2.09
increasingly	2.09
incredibly	2.09
iv	2.09
jay	2.09
journalist	2.09
kicked	2.09
lessons	2.09
lists	2.09
maintained	2.09
mill	2.09
mo	2.09
occasion	2.09
oxford	2.09
pace	2.09
passenger	2.09
pen	2.09
pope	2.09
possession	2.09
pp	2.09
races	2.09
rapid	2.09
regulation	2.09
resident	2.09
rocks	2.09
shaped	2.09
sixth	2.09
spin	2.09
styles	2.09
subjects	2.09
sucks	2.09
suitable	2.09
thirty	2.09
valid	2.09
vital	2.09
whilst	2.09
year's	2.09
agriculture	2.08
alleged	2.08
anna	2.08
atlanta	2.08
bands	2.08
christians	2.08
collect	2.08
commerce	2.08
cop	2.08
creek	2.08
currency	2.08
emotions	2.08
exhibition	2.08
fraud	2.08
funeral	2.08
genuine	2.08
god's	2.08
gordon	2.08
honey	2.08
honour	2.08
hook	2.08
hunter	2.08
immigrants	2.08
improving	2.08
instructions	2.08
introduce	2.08
kansas	2.08
km	2.08
lands	2.08
legacy	2.08
log	2.08
matthew	2.08
merely	2.08
monitor	2.08
mother's	2.08
nov	2.08
patrick	2.08
phil	2.08
prisoners	2.08
programming	2.08
publishing	2.08
ratio	2.08
regret	2.08
rejected	2.08
remind	2.08
resort	2.08
resulted	2.08
reverse	2.08
routine	2.08
scary	2.08
seed	2.08
settle	2.08
sin	2.08
spell	2.08
summary	2.08
survival	2.08
sword	2.08
tongue	2.08
ward	2.08
waves	2.08
wayne	2.08
achievement	2.07
anderson	2.07
argued	2.07
asleep	2.07
austin	2.07
automatic	2.07
begun	2.07
behaviour	2.07
cd	2.07
cents	2.07
coat	2.07
comprehensive	2.07
consent	2.07
daddy	2.07
destruction	2.07
diego	2.07
diseases	2.07
divorce	2.07
doc	2.07
drove	2.07
ears	2.07
engage	2.07
extraordinary	2.07
fate	2.07
frequency	2.07
gaming	2.07
gene	2.07
glory	2.07
headquarters	2.07
heritage	2.07
initiative	2.07
interviews	2.07
jean	2.07
juice	2.07
landscape	2.07
logic	2.07
meets	2.07
melbourne	2.07
microsoft	2.07
objective	2.07
organisation	2.07
privacy	2.07
procedures	2.07
profits	2.07
reducing	2.07
regard	2.07
representing	2.07
residence	2.07
roughly	2.07
salary	2.07
scoring	2.07
script	2.07
searching	2.07
sections	2.07
strip	2.07
surrounded	2.07
threatened	2.07
transferred	2.07
tube	2.07
universities	2.07
walter	2.07
wisconsin	2.07
would've	2.07
writes	2.07
ambassador	2.06
ann	2.06
apps	2.06
awarded	2.06
banking	2.06
breast	2.06
cant	2.06
carter	2.06
chelsea	2.06
chemistry	2.06
concluded	2.06
consumption	2.06
corruption	2.06
cotton	2.06
crossed	2.06
detroit	2.06
discount	2.06
dozen	2.06
engines	2.06
epic	2.06
exception	2.06
exit	2.06
expand	2.06
fancy	2.06
gorgeous	2.06
grateful	2.06
heroes	2.06
holes	2.06
impression	2.06
inches	2.06
indicate	2.06
input	2.06
johnny	2.06
josh	2.06
knock	2.06
leather	2.06
lips	2.06
luxury	2.06
lyrics	2.06
manufacturers	2.06
masters	2.06
movements	2.06
oct	2.06
operated	2.06
ought	2.06
outcome	2.06
painted	2.06
poll	2.06
preferred	2.06
pulling	2.06
ranked	2.06
referring	2.06
removal	2.06
rep	2.06
reporter	2.06
rio	2.06
risks	2.06
rob	2.06
screaming	2.06
sept	2.06
sequence	2.06
singapore	2.06
stretch	2.06
tear	2.06
tennis	2.06
terrorist	2.06
theater	2.06
ties	2.06
twelve	2.06
versions	2.06
virgin	2.06
voices	2.06
wishes	2.06
wolf	2.06
absence	2.05
agricultural	2.05
asshole	2.05
ate	2.05
athletes	2.05
bears	2.05
blues	2.05
boxes	2.05
bruce	2.05
bull	2.05
cameras	2.05
commonwealth	2.05
contribute	2.05
contribution	2.05
contributions	2.05
couples	2.05
delicious	2.05
deny	2.05
deserves	2.05
ease	2.05
extend	2.05
fame	2.05
flood	2.05
generated	2.05
genetic	2.05
glasses	2.05
impressed	2.05
indicated	2.05
instant	2.05
investors	2.05
involves	2.05
kate	2.05
kills	2.05
liberty	2.05
man's	2.05
maria	2.05
ministers	2.05
monitoring	2.05
occurs	2.05
passengers	2.05
photographs	2.05
principle	2.05
producers	2.05
progressive	2.05
punishment	2.05
rally	2.05
rapidly	2.05
reader	2.05
representation	2.05
restaurants	2.05
reveals	2.05
roots	2.05
samples	2.05
shops	2.05
sum	2.05
swing	2.05
tail	2.05
texts	2.05
twin	2.05
upcoming	2.05
veterans	2.05
alert	2.04
arena	2.04
arguments	2.04
aug	2.04
billy	2.04
boom	2.04
boots	2.04
brave	2.04
claiming	2.04
column	2.04
commit	2.04
compensation	2.04
composition	2.04
computers	2.04
conservation	2.04
constitutional	2.04
crossing	2.04
defending	2.04
density	2.04
di	2.04
difficulty	2.04
dropping	2.04
drops	2.04
elementary	2.04
ethnic	2.04
expenses	2.04
fleet	2.04
foster	2.04
fuckin	2.04
fundamental	2.04
gen	2.04
genius	2.04
greatly	2.04
guidance	2.04
hospitals	2.04
infection	2.04
instagram	2.04
intention	2.04
iowa	2.04
jokes	2.04
knee	2.04
mechanical	2.04
nigeria	2.04
parks	2.04
participation	2.04
periods	2.04
precious	2.04
pregnancy	2.04
premium	2.04
preparing	2.04
pretend	2.04
priest	2.04
prominent	2.04
proven	2.04
radical	2.04
remembered	2.04
requested	2.04
residential	2.04
reward	2.04
rings	2.04
robin	2.04
russell	2.04
satellite	2.04
shake	2.04
shore	2.04
spots	2.04
stats	2.04
struggling	2.04
substantial	2.04
teen	2.04
temperatures	2.04
transmission	2.04
trap	2.04
uniform	2.04
wildlife	2.04
wooden	2.04
ads	2.03
aggressive	2.03
anne	2.03
answered	2.03
apparent	2.03
bang	2.03
blast	2.03
bones	2.03
brands	2.03
centuries	2.03
communist	2.03
complaint	2.03
component	2.03
connections	2.03
courage	2.03
cure	2.03
del	2.03
desperate	2.03
diversity	2.03
duties	2.03
encouraged	2.03
eve	2.03
faculty	2.03
feedback	2.03
fighter	2.03
frozen	2.03
guards	2.03
hiding	2.03
humanity	2.03
ian	2.03
il	2.03
innovation	2.03
instruments	2.03
invest	2.03
jacket	2.03
justin	2.03
legislative	2.03
listing	2.03
manual	2.03
mothers	2.03
murdered	2.03
nursing	2.03
occupied	2.03
ongoing	2.03
operator	2.03
painful	2.03
pound	2.03
preparation	2.03
punch	2.03
purple	2.03
railroad	2.03
registration	2.03
releases	2.03
rick	2.03
romance	2.03
someone's	2.03
submitted	2.03
sufficient	2.03
survived	2.03
suspended	2.03
technologies	2.03
tissue	2.03
trailer	2.03
trends	2.03
trials	2.03
ukraine	2.03
underground	2.03
versus	2.03
virtual	2.03
walks	2.03
wounded	2.03
ali	2.02
amongst	2.02
announcement	2.02
arranged	2.02
arsenal	2.02
attending	2.02
attracted	2.02
biological	2.02
bite	2.02
blocked	2.02
boards	2.02
burned	2.02
categories	2.02
checks	2.02
chip	2.02
company's	2.02
concerning	2.02
dare	2.02
database	2.02
define	2.02
discrimination	2.02
disorder	2.02
distributed	2.02
districts	2.02
documentary	2.02
domain	2.02
dynamic	2.02
edited	2.02
engagement	2.02
explore	2.02
favour	2.02
fewer	2.02
footage	2.02
giants	2.02
grave	2.02
hamilton	2.02
implementation	2.02
indiana	2.02
investigate	2.02
jazz	2.02
jon	2.02
jonathan	2.02
laboratory	2.02
lawrence	2.02
lincoln	2.02
literary	2.02
mask	2.02
massachusetts	2.02
midnight	2.02
minnesota	2.02
mouse	2.02
oscar	2.02
packed	2.02
piano	2.02
praise	2.02
presentation	2.02
psychology	2.02
relation	2.02
restrictions	2.02
rocket	2.02
ruin	2.02
saudi	2.02
sean	2.02
sec	2.02
secrets	2.02
slave	2.02
stability	2.02
steady	2.02
stones	2.02
symbol	2.02
terminal	2.02
toilet	2.02
treaty	2.02
triple	2.02
unlikely	2.02
updates	2.02
vietnam	2.02
viewed	2.02
affair	2.01
agenda	2.01
bat	2.01
bow	2.01
calendar	2.01
cape	2.01
collective	2.01
conversations	2.01
cooperation	2.01
craft	2.01
darkness	2.01
deeper	2.01
devil	2.01
edit	2.01
enable	2.01
equity	2.01
estimates	2.01
failing	2.01
finishing	2.01
fortune	2.01
gates	2.01
goodbye	2.01
graham	2.01
hardware	2.01
hillary	2.01
hurts	2.01
intellectual	2.01
invite	2.01
involvement	2.01
kentucky	2.01
madrid	2.01
mi	2.01
nuts	2.01
oregon	2.01
partly	2.01
petition	2.01
phrase	2.01
physically	2.01
protecting	2.01
racial	2.01
rated	2.01
regime	2.01
rivers	2.01
rounds	2.01
ruled	2.01
sa	2.01
sauce	2.01
seal	2.01
separated	2.01
shield	2.01
similarly	2.01
slide	2.01
stem	2.01
summit	2.01
talented	2.01
throat	2.01
tiger	2.01
touched	2.01
toy	2.01
visits	2.01
warriors	2.01
wisdom	2.01
accounting	2.00
alien	2.00
attacking	2.00
awkward	2.00
beast	2.00
beef	2.00
candy	2.00
carrier	2.00
celebration	2.00
celebrity	2.00
certificate	2.00
cited	2.00
clay	2.00
coaching	2.00
colleagues	2.00
constructed	2.00
dated	2.00
dec	2.00
default	2.00
delhi	2.00
derived	2.00
dialogue	2.00
disabled	2.00
distinct	2.00
drag	2.00
educated	2.00
eligible	2.00
estimate	2.00
execution	2.00
existed	2.00
fifty	2.00
followers	2.00
fool	2.00
framework	2.00
franchise	2.00
funded	2.00
furniture	2.00
generations	2.00
guaranteed	2.00
integrated	2.00
intelligent	2.00
interaction	2.00
jet	2.00
journalists	2.00
lifestyle	2.00
lighting	2.00
lisa	2.00
loop	2.00
mall	2.00
mp	2.00
overseas	2.00
performances	2.00
philippines	2.00
polish	2.00
recommendations	2.00
recover	2.00
regarded	2.00
relax	2.00
reliable	2.00
rely	2.00
remarkable	2.00
responses	2.00
ruling	2.00
sacrifice	2.00
se	2.00
sole	2.00
stopping	2.00
strategies	2.00
succeed	2.00
tables	2.00
tale	2.00
targets	2.00
timing	2.00
ton	2.00
volunteers	2.00
witnesses	2.00
wore	2.00
worship	2.00
worthy	2.00
acted	1.99
alarm	1.99
bass	1.99
bloody	1.99
breathing	1.99
butt	1.99
characteristics	1.99
cnn	1.99
collaboration	1.99
con	1.99
consideration	1.99
counts	1.99
creates	1.99
crucial	1.99
daughters	1.99
dependent	1.99
discussions	1.99
drives	1.99
dual	1.99
edinburgh	1.99
equipped	1.99
expanded	1.99
experimental	1.99
feeding	1.99
filter	1.99
galaxy	1.99
globe	1.99
grades	1.99
greece	1.99
gulf	1.99
highlights	1.99
hoped	1.99
intent	1.99
involve	1.99
judgment	1.99
kennedy	1.99
knight	1.99
larry	1.99
las	1.99
lmao	1.99
logo	1.99
malaysia	1.99
mature	1.99
moore	1.99
nazi	1.99
netherlands	1.99
odds	1.99
peaceful	1.99
philip	1.99
photographer	1.99
pin	1.99
prevention	1.99
printing	1.99
promoting	1.99
publicly	1.99
pump	1.99
repeated	1.99
replied	1.99
requests	1.99
revenge	1.99
satisfied	1.99
seeds	1.99
signals	1.99
slip	1.99
spaces	1.99
spare	1.99
specialist	1.99
stocks	1.99
stranger	1.99
submit	1.99
surprising	1.99
tap	1.99
thompson	1.99
threats	1.99
tourism	1.99
turkish	1.99
volunteer	1.99
acceptable	1.98
allies	1.98
attempting	1.98
auction	1.98
bonds	1.98
challenging	1.98
chaos	1.98
churches	1.98
cleveland	1.98
cm	1.98
composed	1.98
concentration	1.98
copper	1.98
corp	1.98
corps	1.98
counting	1.98
credits	1.98
dawn	1.98
dispute	1.98
earnings	1.98
editing	1.98
everyone's	1.98
executed	1.98
firing	1.98
fits	1.98
frequent	1.98
gardens	1.98
gathered	1.98
hilarious	1.98
huh	1.98
ignored	1.98
improvements	1.98
investments	1.98
isis	1.98
margin	1.98
mars	1.98
maryland	1.98
mechanism	1.98
moderate	1.98
murray	1.98
oklahoma	1.98
opera	1.98
overcome	1.98
parallel	1.98
passage	1.98
pit	1.98
psychological	1.98
publications	1.98
quest	1.98
radiation	1.98
shocked	1.98
sized	1.98
stroke	1.98
stunning	1.98
tanks	1.98
tokyo	1.98
topics	1.98
trains	1.98
traveling	1.98
treating	1.98
tune	1.98
utility	1.98
vessel	1.98
weed	1.98
wherever	1.98
acquisition	1.97
addressed	1.97
alabama	1.97
alice	1.97
angels	1.97
anime	1.97
announce	1.97
autumn	1.97
backed	1.97
barry	1.97
bold	1.97
borders	1.97
breathe	1.97
cameron	1.97
choosing	1.97
classical	1.97
classified	1.97
clip	1.97
coaches	1.97
coins	1.97
concepts	1.97
conspiracy	1.97
controversy	1.97
convince	1.97
cooper	1.97
disappeared	1.97
eh	1.97
encounter	1.97
equality	1.97
exam	1.97
examination	1.97
fails	1.97
father's	1.97
federation	1.97
fi	1.97
fiscal	1.97
guardian	1.97
hd	1.97
homeless	1.97
instrument	1.97
intervention	1.97
jerry	1.97
lover	1.97
mainstream	1.97
menu	1.97
missouri	1.97
mounted	1.97
mutual	1.97
nope	1.97
occasions	1.97
offense	1.97
oral	1.97
panic	1.97
pays	1.97
peoples	1.97
pursue	1.97
realise	1.97
refugees	1.97
removing	1.97
requirement	1.97
responded	1.97
rip	1.97
ruined	1.97
scope	1.97
segment	1.97
spectrum	1.97
stays	1.97
ted	1.97
terror	1.97
uh	1.97
va	1.97
venture	1.97
virtually	1.97
waited	1.97
warren	1.97
worn	1.97
yea	1.97
ac	1.96
accompanied	1.96
adams	1.96
aids	1.96
aimed	1.96
alpha	1.96
approaches	1.96
arguing	1.96
arrangement	1.96
beliefs	1.96
boats	1.96
boundaries	1.96
brick	1.96
brooklyn	1.96
colleges	1.96
considerable	1.96
conventional	1.96
danny	1.96
des	1.96
designated	1.96
dvd	1.96
emperor	1.96
employers	1.96
enormous	1.96
errors	1.96
focusing	1.96
forgive	1.96
gains	1.96
garage	1.96
gathering	1.96
guidelines	1.96
handled	1.96
hosted	1.96
indians	1.96
indonesia	1.96
inquiry	1.96
inspector	1.96
jumped	1.96
khan	1.96
li	1.96
lion	1.96
loaded	1.96
lonely	1.96
maintaining	1.96
measured	1.96
mercy	1.96
nevertheless	1.96
newspapers	1.96
outer	1.96
oxygen	1.96
pipe	1.96
pissed	1.96
poem	1.96
powder	1.96
powered	1.96
promises	1.96
quotes	1.96
racism	1.96
ratings	1.96
reads	1.96
recovered	1.96
refers	1.96
roy	1.96
rude	1.96
screw	1.96
seventh	1.96
shelter	1.96
signature	1.96
sooner	1.96
spider	1.96
stewart	1.96
strikes	1.96
suggesting	1.96
suits	1.96
toys	1.96
tracking	1.96
tribute	1.96
trigger	1.96
vary	1.96
venue	1.96
wages	1.96
wells	1.96
wheels	1.96
ye	1.96
abc	1.95
abortion	1.95
accuracy	1.95
albert	1.95
applying	1.95
artificial	1.95
belongs	1.95
beneath	1.95
bitcoin	1.95
bullet	1.95
burns	1.95
carl	1.95
celebrated	1.95
consistently	1.95
conversion	1.95
copyright	1.95
counties	1.95
democrat	1.95
deposit	1.95
destination	1.95
dirt	1.95
diverse	1.95
divine	1.95
emails	1.95
er	1.95
exclusively	1.95
export	1.95
fastest	1.95
formerly	1.95
functional	1.95
gather	1.95
grandfather	1.95
habit	1.95
harvard	1.95
indicates	1.95
isolated	1.95
jealous	1.95
knocked	1.95
landed	1.95
laughed	1.95
laura	1.95
lazy	1.95
mama	1.95
marshall	1.95
mitchell	1.95
modified	1.95
municipal	1.95
naval	1.95
neighbors	1.95
nelson	1.95
neutral	1.95
noble	1.95
oldest	1.95
pat	1.95
picks	1.95
poland	1.95
popularity	1.95
professionals	1.95
pussy	1.95
reactions	1.95
relate	1.95
robot	1.95
sacred	1.95
securities	1.95
shoe	1.95
speakers	1.95
springs	1.95
spy	1.95
steven	1.95
suggestions	1.95
supplied	1.95
susan	1.95
suspension	1.95
terrorism	1.95
terry	1.95
toxic	1.95
treasury	1.95
tunnel	1.95
unions	1.95
upgrade	1.95
warrant	1.95
wider	1.95
wound	1.95
aaron	1.94
actively	1.94
afghanistan	1.94
ai	1.94
applies	1.94
arrangements	1.94
asset	1.94
assuming	1.94
backing	1.94
baker	1.94
barcelona	1.94
blessed	1.94
brazilian	1.94
brush	1.94
burden	1.94
campbell	1.94
carries	1.94
casual	1.94
certified	1.94
charter	1.94
chef	1.94
city's	1.94
civilian	1.94
coalition	1.94
cock	1.94
complain	1.94
complaints	1.94
controversial	1.94
denver	1.94
describing	1.94
differently	1.94
directions	1.94
discipline	1.94
discussing	1.94
disgusting	1.94
dj	1.94
dominant	1.94
earning	1.94
emma	1.94
essay	1.94
expense	1.94
explaining	1.94
furthermore	1.94
graphic	1.94
greg	1.94
healing	1.94
hiring	1.94
hosts	1.94
implemented	1.94
instantly	1.94
invasion	1.94
jacob	1.94
jumping	1.94
laptop	1.94
legendary	1.94
leo	1.94
maker	1.94
margaret	1.94
mario	1.94
opponents	1.94
outdoor	1.94
palm	1.94
parker	1.94
photograph	1.94
pole	1.94
pub	1.94
quarters	1.94
queensland	1.94
rangers	1.94
ranks	1.94
reception	1.94
recipe	1.94
regulatory	1.94
reviewed	1.94
rolls	1.94
rubber	1.94
secured	1.94
serial	1.94
settings	1.94
shed	1.94
snake	1.94
sponsored	1.94
stealing	1.94
strict	1.94
subsequently	1.94
substance	1.94
suggestion	1.94
switzerland	1.94
syndrome	1.94
tasks	1.94
trips	1.94
ultra	1.94
unexpected	1.94
usage	1.94
utah	1.94
worlds	1.94
accidentally	1.93
affordable	1.93
amateur	1.93
appeals	1.93
argentina	1.93
baltimore	1.93
batman	1.93
bearing	1.93
beats	1.93
bin	1.93
biology	1.93
bobby	1.93
briefly	1.93
canal	1.93
cancelled	1.93
charlotte	1.93
cheaper	1.93
christopher	1.93
climb	1.93
com	1.93
competing	1.93
completion	1.93
cruise	1.93
custody	1.93
delete	1.93
demonstrated	1.93
departure	1.93
developers	1.93
developments	1.93
dig	1.93
eagles	1.93
employer	1.93
evans	1.93
explosion	1.93
fever	1.93
fluid	1.93
folk	1.93
generate	1.93
gop	1.93
handsome	1.93
ho	1.93
holidays	1.93
hotels	1.93
imagination	1.93
integration	1.93
integrity	1.93
interpretation	1.93
leaf	1.93
legitimate	1.93
lightning	1.93
loads	1.93
longest	1.93
magical	1.93
mills	1.93
motivation	1.93
nasty	1.93
oliver	1.93
outfit	1.93
pension	1.93
permit	1.93
perry	1.93
plates	1.93
pleasant	1.93
portrait	1.93
productive	1.93
reminds	1.93
reserves	1.93
ron	1.93
safely	1.93
shirts	1.93
shorter	1.93
slight	1.93
socialist	1.93
streaming	1.93
sue	1.93
targeted	1.93
tension	1.93
thailand	1.93
theories	1.93
touching	1.93
transactions	1.93
twist	1.93
ugh	1.93
unemployment	1.93
unity	1.93
useless	1.93
viewers	1.93
winds	1.93
woke	1.93
wtf	1.93
abilities	1.92
advocate	1.92
aims	1.92
arc	1.92
backup	1.92
beaten	1.92
bitter	1.92
blown	1.92
branches	1.92
campaigns	1.92
chips	1.92
cia	1.92
clever	1.92
clinic	1.92
closest	1.92
collections	1.92
continuous	1.92
converted	1.92
correctly	1.92
creator	1.92
creatures	1.92
criteria	1.92
declined	1.92
detective	1.92
difficulties	1.92
disability	1.92
dish	1.92
douglas	1.92
du	1.92
duck	1.92
egyptian	1.92
ep	1.92
evaluation	1.92
excess	1.92
farming	1.92
fence	1.92
fifa	1.92
fighters	1.92
flights	1.92
forcing	1.92
forming	1.92
franklin	1.92
fred	1.92
gradually	1.92
gravity	1.92
habits	1.92
hawaii	1.92
highlight	1.92
holder	1.92
hood	1.92
hung	1.92
identical	1.92
imperial	1.92
investigations	1.92
jose	1.92
ken	1.92
legally	1.92
lied	1.92
listened	1.92
males	1.92
manufacturer	1.92
meters	1.92
nail	1.92
nasa	1.92
negotiations	1.92
nonsense	1.92
ontario	1.92
operational	1.92
orleans	1.92
owns	1.92
phoenix	1.92
playoffs	1.92
poet	1.92
quoted	1.92
relating	1.92
repeatedly	1.92
robinson	1.92
rolled	1.92
scientist	1.92
sink	1.92
skip	1.92
slavery	1.92
snap	1.92
sorts	1.92
souls	1.92
stole	1.92
swedish	1.92
swim	1.92
swiss	1.92
tennessee	1.92
transaction	1.92
transformation	1.92
veteran	1.92
vulnerable	1.92
wealthy	1.92
additionally	1.91
amy	1.91
attract	1.91
barbara	1.91
beta	1.91
blowing	1.91
bored	1.91
bronze	1.91
bug	1.91
caring	1.91
catching	1.91
cave	1.91
cheating	1.91
chronic	1.91
cleared	1.91
communicate	1.91
convicted	1.91
cultures	1.91
dealt	1.91
delayed	1.91
demonstrate	1.91
departments	1.91
depend	1.91
developer	1.91
diagnosis	1.91
dismissed	1.91
distinguished	1.91
dose	1.91
eighth	1.91
experiments	1.91
fa	1.91
flesh	1.91
flip	1.91
forty	1.91
generous	1.91
germans	1.91
hated	1.91
hr	1.91
implement	1.91
incorporated	1.91
influenced	1.91
jerusalem	1.91
kidding	1.91
laser	1.91
loyal	1.91
marijuana	1.91
md	1.91
mentally	1.91
missions	1.91
occupation	1.91
opponent	1.91
paintings	1.91
patch	1.91
patience	1.91
pic	1.91
pointing	1.91
pollution	1.91
precisely	1.91
prisoner	1.91
privilege	1.91
proposals	1.91
protests	1.91
punk	1.91
radar	1.91
regards	1.91
relatives	1.91
resist	1.91
solely	1.91
stepped	1.91
striking	1.91
terrorists	1.91
th	1.91
tourist	1.91
transit	1.91
trucks	1.91
trusted	1.91
vessels	1.91
villa	1.91
volumes	1.91
websites	1.91
wireless	1.91
wondered	1.91
wrap	1.91
wright	1.91
yoga	1.91
adopt	1.90
airlines	1.90
alaska	1.90
albums	1.90
america's	1.90
anytime	1.90
bacteria	1.90
beings	1.90
beside	1.90
blade	1.90
boot	1.90
bottles	1.90
bucks	1.90
bulk	1.90
camps	1.90
cargo	1.90
census	1.90
christianity	1.90
coastal	1.90
coin	1.90
colored	1.90
commentary	1.90
confusion	1.90
congressional	1.90
corn	1.90
cried	1.90
customs	1.90
dealer	1.90
deemed	1.90
destiny	1.90
distant	1.90
electronics	1.90
emerging	1.90
emotion	1.90
emphasis	1.90
ethics	1.90
excitement	1.90
exploration	1.90
fights	1.90
filling	1.90
filming	1.90
glasgow	1.90
graphics	1.90
helen	1.90
humor	1.90
insight	1.90
invested	1.90
it'd	1.90
jennifer	1.90
lit	1.90
louisiana	1.90
mar	1.90
marie	1.90
meals	1.90
mississippi	1.90
nerve	1.90
netflix	1.90
nightmare	1.90
operators	1.90
overnight	1.90
partially	1.90
participating	1.90
pie	1.90
platforms	1.90
populations	1.90
poster	1.90
pr	1.90
practically	1.90
preserve	1.90
produces	1.90
qualify	1.90
raid	1.90
ram	1.90
ranging	1.90
ranking	1.90
receives	1.90
respective	1.90
restricted	1.90
routes	1.90
samuel	1.90
sandy	1.90
scenario	1.90
sheep	1.90
situated	1.90
slaves	1.90
sony	1.90
spotted	1.90
spreading	1.90
stanley	1.90
sustainable	1.90
sustained	1.90
taxi	1.90
themes	1.90
threatening	1.90
tobacco	1.90
trace	1.90
trapped	1.90
turner	1.90
uncomfortable	1.90
wasted	1.90
weakness	1.90
widespread	1.90
xbox	1.90
accepting	1.89
accessible	1.89
acknowledge	1.89
advised	1.89
advisory	1.89
animation	1.89
assignment	1.89
balanced	1.89
bare	1.89
basement	1.89
bases	1.89
battles	1.89
bias	1.89
birmingham	1.89
bits	1.89
cancel	1.89
carpet	1.89
ceiling	1.89
cherry	1.89
chill	1.89
classification	1.89
clue	1.89
codes	1.89
cole	1.89
collapse	1.89
collecting	1.89
compound	1.89
conscious	1.89
consecutive	1.89
contents	1.89
costume	1.89
craig	1.89
deleted	1.89
devoted	1.89
didnt	1.89
displayed	1.89
dominated	1.89
earl	1.89
endless	1.89
escaped	1.89
examine	1.89
floating	1.89
garbage	1.89
gospel	1.89
grain	1.89
grid	1.89
grows	1.89
heating	1.89
identification	1.89
knees	1.89
lap	1.89
lions	1.89
liver	1.89
metro	1.89
metropolitan	1.89
mines	1.89
mixture	1.89
nominated	1.89
oak	1.89
parliamentary	1.89
patent	1.89
perception	1.89
physician	1.89
portland	1.89
proceed	1.89
proceedings	1.89
pupils	1.89
reserved	1.89
restore	1.89
rifle	1.89
rival	1.89
rs	1.89
runner	1.89
sadly	1.89
sc	1.89
she'd	1.89
she'll	1.89
shoulders	1.89
significance	1.89
sits	1.89
sizes	1.89
slept	1.89
soap	1.89
spray	1.89
stored	1.89
stressed	1.89
structural	1.89
suite	1.89
tbh	1.89
tropical	1.89
ukrainian	1.89
unnecessary	1.89
verse	1.89
victor	1.89
vintage	1.89
warned	1.89
watson	1.89
acres	1.88
adapted	1.88
adoption	1.88
anonymous	1.88
antonio	1.88
approaching	1.88
artistic	1.88
attendance	1.88
aviation	1.88
barrel	1.88
beds	1.88
beloved	1.88
bless	1.88
boxing	1.88
celebrating	1.88
charging	1.88
chemicals	1.88
chuck	1.88
cinema	1.88
colonial	1.88
comics	1.88
compliance	1.88
contrary	1.88
controlling	1.88
corporations	1.88
couch	1.88
country's	1.88
crush	1.88
dam	1.88
decrease	1.88
defeated	1.88
diabetes	1.88
dressing	1.88
expanding	1.88
fears	1.88
fires	1.88
genre	1.88
gentle	1.88
grammar	1.88
hiv	1.88
idk	1.88
illustrated	1.88
invented	1.88
jake	1.88
jam	1.88
jamie	1.88
jessica	1.88
keith	1.88
kent	1.88
layers	1.88
lease	1.88
lens	1.88
licensed	1.88
loyalty	1.88
madison	1.88
magnetic	1.88
metres	1.88
monsters	1.88
mysterious	1.88
notion	1.88
partial	1.88
piss	1.88
placing	1.88
propaganda	1.88
rat	1.88
reflection	1.88
reminded	1.88
resolve	1.88
revolutionary	1.88
scandal	1.88
shine	1.88
si	1.88
simultaneously	1.88
substitute	1.88
surveillance	1.88
tactics	1.88
testimony	1.88
thai	1.88
treasure	1.88
trophy	1.88
tweet	1.88
tyler	1.88
underlying	1.88
unfair	1.88
villages	1.88
von	1.88
wa	1.88
acceptance	1.87
accidents	1.87
affects	1.87
annually	1.87
apologize	1.87
appreciated	1.87
approached	1.87
arriving	1.87
ash	1.87
aunt	1.87
benjamin	1.87
blake	1.87
bubble	1.87
buyers	1.87
casino	1.87
charts	1.87
clouds	1.87
connecting	1.87
counsel	1.87
creature	1.87
deadly	1.87
decides	1.87
der	1.87
desired	1.87
determination	1.87
embrace	1.87
emerged	1.87
exhibit	1.87
flew	1.87
gentleman	1.87
gm	1.87
halloween	1.87
hammer	1.87
hitler	1.87
hosting	1.87
icon	1.87
imposed	1.87
indigenous	1.87
infinite	1.87
installation	1.87
inter	1.87
interactions	1.87
introducing	1.87
iranian	1.87
kicking	1.87
laying	1.87
legislature	1.87
liability	1.87
maine	1.87
makers	1.87
manhattan	1.87
marathon	1.87
marvel	1.87
michelle	1.87
moreover	1.87
mps	1.87
neil	1.87
organisations	1.87
ours	1.87
parade	1.87
paradise	1.87
perceived	1.87
pics	1.87
planes	1.87
politician	1.87
preliminary	1.87
premiere	1.87
presidency	1.87
reaches	1.87
react	1.87
realistic	1.87
remarks	1.87
retain	1.87
roberts	1.87
rocky	1.87
russians	1.87
saints	1.87
satisfaction	1.87
scratch	1.87
shade	1.87
sheets	1.87
sheriff	1.87
shy	1.87
sometime	1.87
spirits	1.87
sporting	1.87
strictly	1.87
sunshine	1.87
teens	1.87
thou	1.87
tier	1.87
tommy	1.87
travelling	1.87
vancouver	1.87
vocal	1.87
warrior	1.87
woman's	1.87
worries	1.87
yield	1.87
accomplished	1.86
admission	1.86
adventures	1.86
aka	1.86
appearing	1.86
bacon	1.86
barrier	1.86
belgium	1.86
believing	1.86
blacks	1.86
bombs	1.86
burst	1.86
caps	1.86
casting	1.86
cattle	1.86
cc	1.86
classroom	1.86
collins	1.86
colours	1.86
compromise	1.86
convenient	1.86
costa	1.86
criminals	1.86
crop	1.86
earthquake	1.86
elderly	1.86
eliminate	1.86
embarrassing	1.86
farmer	1.86
finest	1.86
grants	1.86
harbor	1.86
harvey	1.86
hates	1.86
incidents	1.86
inform	1.86
ion	1.86
jeremy	1.86
lesbian	1.86
lovers	1.86
lt	1.86
mathematics	1.86
medication	1.86
minded	1.86
morris	1.86
norway	1.86
par	1.86
podcast	1.86
portfolio	1.86
productivity	1.86
promoted	1.86
protocol	1.86
quietly	1.86
rachel	1.86
replacing	1.86
responsibilities	1.86
salad	1.86
scholarship	1.86
screening	1.86
sends	1.86
smiling	1.86
soup	1.86
southeast	1.86
stake	1.86
stating	1.86
strain	1.86
suspected	1.86
swift	1.86
tackle	1.86
tigers	1.86
timeline	1.86
torture	1.86
traded	1.86
translated	1.86
tricks	1.86
twins	1.86
urgent	1.86
vegetables	1.86
vertical	1.86
violation	1.86
wallet	1.86
welsh	1.86
workshop	1.86
wrapped	1.86
aboard	1.85
abstract	1.85
accent	1.85
addiction	1.85
associates	1.85
awake	1.85
beam	1.85
beans	1.85
binding	1.85
blank	1.85
buffalo	1.85
cbs	1.85
commons	1.85
conservatives	1.85
contacts	1.85
conviction	1.85
corrupt	1.85
cow	1.85
curve	1.85
depressed	1.85
deserved	1.85
dining	1.85
disorders	1.85
duration	1.85
eddie	1.85
emily	1.85
encouraging	1.85
farms	1.85
fifteen	1.85
flows	1.85
ga	1.85
genes	1.85
graduated	1.85
grandmother	1.85
harsh	1.85
heights	1.85
horn	1.85
hurry	1.85
immune	1.85
inflation	1.85
ingredients	1.85
inspection	1.85
install	1.85
instruction	1.85
intensity	1.85
inventory	1.85
investigated	1.85
invitation	1.85
judicial	1.85
justify	1.85
kyle	1.85
lakes	1.85
lean	1.85
lecture	1.85
libraries	1.85
logical	1.85
mason	1.85
meaningful	1.85
migration	1.85
missile	1.85
motivated	1.85
muscles	1.85
nancy	1.85
norman	1.85
northwest	1.85
nurses	1.85
organ	1.85
patrol	1.85
pearl	1.85
peer	1.85
pepper	1.85
pig	1.85
pile	1.85
plug	1.85
provision	1.85
releasing	1.85
requiring	1.85
revised	1.85
rod	1.85
scream	1.85
stairs	1.85
staring	1.85
statistical	1.85
sticks	1.85
strangers	1.85
succeeded	1.85
sweat	1.85
switched	1.85
syrian	1.85
tattoo	1.85
teenage	1.85
thunder	1.85
tours	1.85
tragedy	1.85
trauma	1.85
vincent	1.85
wrestling	1.85
zoo	1.85
accordance	1.84
acquire	1.84
activist	1.84
activists	1.84
addresses	1.84
alike	1.84
applicable	1.84
arrow	1.84
availability	1.84
aw	1.84
ba	1.84
bend	1.84
boundary	1.84
breach	1.84
cabin	1.84
cage	1.84
chancellor	1.84
cheers	1.84
circles	1.84
closet	1.84
combine	1.84
companion	1.84
comparing	1.84
consciousness	1.84
consultant	1.84
controller	1.84
corresponding	1.84
courtesy	1.84
cuba	1.84
damages	1.84
demanding	1.84
disc	1.84
dishes	1.84
dozens	1.84
eagle	1.84
eaten	1.84
embassy	1.84
engaging	1.84
fascinating	1.84
financing	1.84
fitted	1.84
flexible	1.84
gaining	1.84
gentlemen	1.84
goodness	1.84
guilt	1.84
haven	1.84
helicopter	1.84
homework	1.84
households	1.84
hp	1.84
iconic	1.84
infected	1.84
keen	1.84
kenya	1.84
lesser	1.84
liberals	1.84
lip	1.84
mandatory	1.84
manufactured	1.84
mechanics	1.84
mere	1.84
miracle	1.84
mt	1.84
mud	1.84
murphy	1.84
nathan	1.84
observation	1.84
operates	1.84
owe	1.84
permitted	1.84
phenomenon	1.84
pittsburgh	1.84
playoff	1.84
precise	1.84
profession	1.84
prospect	1.84
protective	1.84
providers	1.84
publisher	1.84
putin	1.84
reportedly	1.84
retreat	1.84
rookie	1.84
sandwich	1.84
seeks	1.84
sentences	1.84
separation	1.84
sexually	1.84
ski	1.84
skilled	1.84
sterling	1.84
stuart	1.84
surgeon	1.84
theft	1.84
um	1.84
understands	1.84
valve	1.84
visa	1.84
washing	1.84
adjacent	1.83
agreements	1.83
appreciation	1.83
arabia	1.83
athletic	1.83
authorized	1.83
banner	1.83
beijing	1.83
blew	1.83
blocking	1.83
brad	1.83
caribbean	1.83
charm	1.83
chasing	1.83
climbing	1.83
colony	1.83
complaining	1.83
cookies	1.83
cruel	1.83
curriculum	1.83
deadline	1.83
deer	1.83
delta	1.83
demanded	1.83
dive	1.83
divide	1.83
easter	1.83
electoral	1.83
eleven	1.83
entity	1.83
excessive	1.83
exercises	1.83
feminist	1.83
governing	1.83
ham	1.83
heal	1.83
interface	1.83
ios	1.83
jewelry	1.83
journalism	1.83
juan	1.83
julia	1.83
jungle	1.83
linear	1.83
mg	1.83
occasional	1.83
oriented	1.83
pete	1.83
pilots	1.83
prayers	1.83
predicted	1.83
pressed	1.83
preventing	1.83
prof	1.83
provisions	1.83
pursuit	1.83
rap	1.83
reflected	1.83
reminder	1.83
restored	1.83
resume	1.83
rev	1.83
richmond	1.83
ridge	1.83
samsung	1.83
scholars	1.83
sealed	1.83
sounded	1.83
sri	1.83
streams	1.83
strongest	1.83
tends	1.83
tribe	1.83
unfortunate	1.83
variable	1.83
victorian	1.83
worrying	1.83
xi	1.83
zones	1.83
ace	1.82
adjusted	1.82
alternate	1.82
arrives	1.82
artwork	1.82
ashley	1.82
athlete	1.82
attraction	1.82
babe	1.82
bankruptcy	1.82
canon	1.82
capabilities	1.82
cared	1.82
catherine	1.82
chains	1.82
closure	1.82
cognitive	1.82
competitors	1.82
connecticut	1.82
convert	1.82
cooked	1.82
ct	1.82
cups	1.82
deciding	1.82
defender	1.82
dental	1.82
diplomatic	1.82
divisions	1.82
drum	1.82
editorial	1.82
enabled	1.82
entertaining	1.82
est	1.82
establishing	1.82
eternal	1.82
freeze	1.82
generic	1.82
grandma	1.82
grip	1.82
handful	1.82
happily	1.82
harmony	1.82
hmm	1.82
humble	1.82
hurting	1.82
hybrid	1.82
intentions	1.82
investing	1.82
keyboard	1.82
lasting	1.82
locally	1.82
loses	1.82
mild	1.82
minimal	1.82
mixing	1.82
molecular	1.82
nearest	1.82
neighbor	1.82
noon	1.82
nowadays	1.82
openly	1.82
overview	1.82
pairs	1.82
palestinian	1.82
parish	1.82
pathetic	1.82
poems	1.82
possibilities	1.82
potato	1.82
potter	1.82
preference	1.82
promising	1.82
proportion	1.82
purchases	1.82
rage	1.82
rd	1.82
reflects	1.82
respected	1.82
restoration	1.82
selfish	1.82
sergeant	1.82
silk	1.82
stamp	1.82
throne	1.82
thy	1.82
urge	1.82
voter	1.82
warner	1.82
wasting	1.82
witch	1.82
advantages	1.81
ally	1.81
archives	1.81
array	1.81
assisted	1.81
backs	1.81
belly	1.81
booth	1.81
breakdown	1.81
bridges	1.81
brutal	1.81
calculated	1.81
cam	1.81
centres	1.81
chapters	1.81
citizenship	1.81
civilians	1.81
cliff	1.81
conflicts	1.81
consensus	1.81
cycling	1.81
declaration	1.81
dennis	1.81
derby	1.81
distinction	1.81
donations	1.81
dragons	1.81
draws	1.81
examined	1.81
facial	1.81
faithful	1.81
fatal	1.81
fig	1.81
fitting	1.81
genuinely	1.81
hardest	1.81
holland	1.81
honored	1.81
hunger	1.81
hurricane	1.81
implications	1.81
import	1.81
innovative	1.81
ipad	1.81
jurisdiction	1.81
laughter	1.81
lemon	1.81
les	1.81
lifted	1.81
loading	1.81
lung	1.81
matching	1.81
mighty	1.81
monetary	1.81
novels	1.81
nutrition	1.81
ore	1.81
os	1.81
outcomes	1.81
outta	1.81
pine	1.81
polls	1.81
poorly	1.81
portugal	1.81
pose	1.81
pour	1.81
proteins	1.81
provider	1.81
publish	1.81
purely	1.81
ralph	1.81
rental	1.81
resolved	1.81
rewards	1.81
sang	1.81
seemingly	1.81
senators	1.81
severely	1.81
shark	1.81
shocking	1.81
southwest	1.81
ss	1.81
studios	1.81
survivors	1.81
tales	1.81
technically	1.81
titled	1.81
traditions	1.81
unlimited	1.81
washed	1.81
watches	1.81
advise	1.80
anxious	1.80
appearances	1.80
bee	1.80
bombing	1.80
cafe	1.80
carlos	1.80
challenged	1.80
cigarettes	1.80
colin	1.80
consisting	1.80
cult	1.80
dairy	1.80
dakota	1.80
darling	1.80
delighted	1.80
delivering	1.80
destroying	1.80
diary	1.80
disagree	1.80
disappear	1.80
drill	1.80
earliest	1.80
edges	1.80
entries	1.80
euro	1.80
evolved	1.80
exports	1.80
fixing	1.80
fl	1.80
flags	1.80
flies	1.80
forecast	1.80
fr	1.80
governance	1.80
heated	1.80
hug	1.80
importantly	1.80
indicating	1.80
indoor	1.80
influential	1.80
intend	1.80
invisible	1.80
jeans	1.80
jets	1.80
julie	1.80
karen	1.80
lasted	1.80
lawsuit	1.80
leak	1.80
lighter	1.80
lucas	1.80
marcus	1.80
mentions	1.80
meter	1.80
mice	1.80
musicians	1.80
olive	1.80
passionate	1.80
potatoes	1.80
prevented	1.80
receiver	1.80
recommendation	1.80
riot	1.80
rogers	1.80
roster	1.80
safer	1.80
sells	1.80
sentenced	1.80
servant	1.80
setup	1.80
should've	1.80
skull	1.80
slot	1.80
smash	1.80
statue	1.80
surprisingly	1.80
surrender	1.80
suspicious	1.80
team's	1.80
teenager	1.80
tender	1.80
thoroughly	1.80
todd	1.80
treatments	1.80
tweeted	1.80
vacuum	1.80
variations	1.80
vi	1.80
where's	1.80
wi	1.80
wont	1.80
acknowledged	1.79
advances	1.79
agrees	1.79
allegations	1.79
anticipated	1.79
approve	1.79
architect	1.79
basin	1.79
beneficial	1.79
bleeding	1.79
breed	1.79
breeding	1.79
bride	1.79
broadway	1.79
bros	1.79
bud	1.79
butler	1.79
careers	1.79
cartoon	1.79
celebrities	1.79
chick	1.79
coke	1.79
comparable	1.79
confirmation	1.79
console	1.79
contractor	1.79
contributing	1.79
diameter	1.79
dubai	1.79
dublin	1.79
dump	1.79
duo	1.79
dynamics	1.79
elephant	1.79
enhanced	1.79
essays	1.79
exhausted	1.79
fabric	1.79
fabulous	1.79
fairy	1.79
fathers	1.79
focuses	1.79
fold	1.79
freak	1.79
frustrated	1.79
gambling	1.79
gently	1.79
glorious	1.79
grief	1.79
harrison	1.79
historically	1.79
hub	1.79
hughes	1.79
inevitable	1.79
investigating	1.79
kg	1.79
labels	1.79
lacking	1.79
laughs	1.79
layout	1.79
lined	1.79
lodge	1.79
lords	1.79
merchant	1.79
merit	1.79
micro	1.79
myth	1.79
nintendo	1.79
objectives	1.79
obsessed	1.79
organised	1.79
overwhelming	1.79
pale	1.79
particles	1.79
pastor	1.79
penalties	1.79
permanently	1.79
pets	1.79
pockets	1.79
poison	1.79
predict	1.79
presenting	1.79
presidents	1.79
pressing	1.79
prints	1.79
provincial	1.79
raped	1.79
realised	1.79
rebel	1.79
repairs	1.79
rotation	1.79
separately	1.79
shaking	1.79
shaw	1.79
societies	1.79
solved	1.79
starring	1.79
struggles	1.79
subtle	1.79
tastes	1.79
throws	1.79
toll	1.79
tooth	1.79
torn	1.79
tragic	1.79
trainer	1.79
transformed	1.79
unbelievable	1.79
underneath	1.79
variation	1.79
viewing	1.79
viral	1.79
warehouse	1.79
wears	1.79
widow	1.79
wives	1.79
adjust	1.77
administrator	1.77
affecting	1.77
allied	1.77
altogether	1.77
animated	1.77
answering	1.77
assess	1.77
assumption	1.77
assured	1.77
austria	1.77
avoided	1.77
avoiding	1.77
basket	1.77
beard	1.77
bio	1.77
blanket	1.77
brains	1.77
bucket	1.77
burger	1.77
capability	1.77
charming	1.77
chiefs	1.77
commented	1.77
computing	1.77
concentrate	1.77
conducting	1.77
consequence	1.77
continent	1.77
cookie	1.77
cruz	1.77
curse	1.77
displays	1.77
drain	1.77
emissions	1.77
ethical	1.77
excellence	1.77
flame	1.77
forests	1.77
freely	1.77
fruits	1.77
grabbed	1.77
graduation	1.77
hint	1.77
horizon	1.77
hostile	1.77
imagined	1.77
inhabitants	1.77
ink	1.77
inn	1.77
intel	1.77
kicks	1.77
legends	1.77
lo	1.77
lucy	1.77
magazines	1.77
matrix	1.77
measuring	1.77
miserable	1.77
momentum	1.77
monkey	1.77
montreal	1.77
motorcycle	1.77
nationwide	1.77
nest	1.77
newcastle	1.77
nicely	1.77
ninth	1.77
nomination	1.77
notable	1.77
obligation	1.77
optical	1.77
outlook	1.77
penny	1.77
petty	1.77
phd	1.77
ports	1.77
preserved	1.77
programmes	1.77
prospects	1.77
publishers	1.77
quantity	1.77
quantum	1.77
rainbow	1.77
rebels	1.77
recognised	1.77
reed	1.77
reign	1.77
responding	1.77
retained	1.77
rises	1.77
saves	1.77
scan	1.77
scare	1.77
sectors	1.77
shorts	1.77
span	1.77
specialized	1.77
spencer	1.77
submission	1.77
sunny	1.77
supporter	1.77
te	1.77
testament	1.77
toe	1.77
tops	1.77
tremendous	1.77
valued	1.77
wounds	1.77
ab	1.77
accommodation	1.77
achievements	1.77
addressing	1.77
adorable	1.77
allegedly	1.77
ambulance	1.77
ar	1.77
ashamed	1.77
assure	1.77
bailey	1.77
ballot	1.77
batteries	1.77
blessing	1.77
btw	1.77
cemetery	1.77
chambers	1.77
cheat	1.77
cheer	1.77
chile	1.77
cigarette	1.77
compact	1.77
completing	1.77
consulting	1.77
cooling	1.77
corners	1.77
could've	1.77
deficit	1.77
demo	1.77
demon	1.77
demonstration	1.77
detected	1.77
detection	1.77
doll	1.77
donated	1.77
elaborate	1.77
elder	1.77
encountered	1.77
expertise	1.77
exploring	1.77
fc	1.77
fiber	1.77
filmed	1.77
fried	1.77
grocery	1.77
guided	1.77
guinea	1.77
halfway	1.77
happier	1.77
heels	1.77
holmes	1.77
hull	1.77
independently	1.77
indication	1.77
insisted	1.77
instances	1.77
intensive	1.77
interactive	1.77
intimate	1.77
laundry	1.77
lbs	1.77
lifting	1.77
linda	1.77
martial	1.77
nigerian	1.77
northeast	1.77
observe	1.77
packing	1.77
panels	1.77
password	1.77
pokemon	1.77
politically	1.77
presumably	1.77
pretending	1.77
priorities	1.77
pronounced	1.77
prosecution	1.77
proves	1.77
pulse	1.77
purchasing	1.77
qualities	1.77
queens	1.77
rational	1.77
realm	1.77
reforms	1.77
revenues	1.77
rides	1.77
ripped	1.77
rope	1.77
shadows	1.77
shout	1.77
sierra	1.77
smartphone	1.77
specified	1.77
spectacular	1.77
stan	1.77
streak	1.77
subscription	1.77
switching	1.77
technological	1.77
temporarily	1.77
tolerance	1.77
tourists	1.77
traditionally	1.77
traveled	1.77
treats	1.77
unhappy	1.77
whites	1.77
yup	1.77
accomplish	1.76
adequate	1.76
alter	1.76
apology	1.76
arkansas	1.76
attributed	1.76
beg	1.76
belonging	1.76
booked	1.76
bout	1.76
bowling	1.76
brass	1.76
buzz	1.76
clarke	1.76
comeback	1.76
cos	1.76
crops	1.76
declare	1.76
designers	1.76
detect	1.76
diagnosed	1.76
diesel	1.76
dimensions	1.76
dip	1.76
disturbing	1.76
doesnt	1.76
dot	1.76
dresses	1.76
dylan	1.76
effectiveness	1.76
eliminated	1.76
ellen	1.76
embarrassed	1.76
exceptional	1.76
filing	1.76
fled	1.76
foul	1.76
frankly	1.76
freezing	1.76
graph	1.76
hack	1.76
hannah	1.76
hatred	1.76
ignorant	1.76
influences	1.76
interact	1.76
judging	1.76
knights	1.76
lamp	1.76
limitations	1.76
majesty	1.76
measurement	1.76
measurements	1.76
median	1.76
medieval	1.76
milan	1.76
mobility	1.76
montana	1.76
murders	1.76
nc	1.76
ne	1.76
nyc	1.76
omg	1.76
orientation	1.76
oven	1.76
owen	1.76
passport	1.76
penis	1.76
pills	1.76
planets	1.76
proceeds	1.76
rabbit	1.76
raises	1.76
ranges	1.76
rats	1.76
retire	1.76
rhythm	1.76
ruth	1.76
savage	1.76
servers	1.76
shook	1.76
shooter	1.76
siblings	1.76
slim	1.76
someday	1.76
sophisticated	1.76
spam	1.76
speeds	1.76
stack	1.76
stance	1.76
state's	1.76
static	1.76
subway	1.76
supportive	1.76
surgical	1.76
symbols	1.76
tablet	1.76
tent	1.76
thesis	1.76
tide	1.76
travels	1.76
wallace	1.76
warfare	1.76
warming	1.76
week's	1.76
weekends	1.76
withdraw	1.76
withdrawal	1.76
youngest	1.76
aging	1.75
airline	1.75
alternatives	1.75
anyways	1.75
argues	1.75
audit	1.75
authentic	1.75
ave	1.75
backwards	1.75
bi	1.75
blonde	1.75
blows	1.75
bolt	1.75
brooks	1.75
bugs	1.75
bust	1.75
clearing	1.75
clips	1.75
collar	1.75
columbus	1.75
comply	1.75
cope	1.75
counted	1.75
crashed	1.75
creepy	1.75
cum	1.75
denmark	1.75
divorced	1.75
donate	1.75
drawings	1.75
dried	1.75
ebay	1.75
echo	1.75
editors	1.75
edwards	1.75
emotionally	1.75
enhance	1.75
experiencing	1.75
extending	1.75
finale	1.75
flavor	1.75
floors	1.75
freaking	1.75
gloves	1.75
harper	1.75
hart	1.75
ignorance	1.75
ignoring	1.75
immigrant	1.75
induced	1.75
inspiring	1.75
intermediate	1.75
invention	1.75
ip	1.75
jesse	1.75
joins	1.75
joking	1.75
lgbt	1.75
likewise	1.75
lineup	1.75
logan	1.75
magnificent	1.75
mathematical	1.75
meantime	1.75
nails	1.75
nevada	1.75
newest	1.75
nonetheless	1.75
nut	1.75
o'clock	1.75
opposing	1.75
origins	1.75
orlando	1.75
person's	1.75
physicians	1.75
pipeline	1.75
placement	1.75
planted	1.75
pricing	1.75
pt	1.75
puerto	1.75
questioning	1.75
recreation	1.75
renewed	1.75
resigned	1.75
rt	1.75
shallow	1.75
shanghai	1.75
shitty	1.75
singh	1.75
sins	1.75
sketch	1.75
smells	1.75
soda	1.75
spite	1.75
sponsor	1.75
strengthen	1.75
strings	1.75
sunset	1.75
taiwan	1.75
thanksgiving	1.75
thee	1.75
thermal	1.75
trades	1.75
transform	1.75
witnessed	1.75
workplace	1.75
yelling	1.75
yorkshire	1.75
achieving	1.74
aliens	1.74
amsterdam	1.74
analyst	1.74
arabic	1.74
arctic	1.74
assists	1.74
bennett	1.74
bristol	1.74
burnt	1.74
buyer	1.74
calories	1.74
cannabis	1.74
cease	1.74
championships	1.74
chapel	1.74
cloth	1.74
conferences	1.74
considers	1.74
container	1.74
cowboys	1.74
crushed	1.74
deployed	1.74
differ	1.74
dimensional	1.74
eager	1.74
elect	1.74
elevated	1.74
essence	1.74
executives	1.74
family's	1.74
flames	1.74
fork	1.74
fur	1.74
gps	1.74
harold	1.74
harvest	1.74
headline	1.74
hudson	1.74
hype	1.74
identifying	1.74
impacts	1.74
insist	1.74
jo	1.74
junk	1.74
kenny	1.74
kidney	1.74
king's	1.74
ladder	1.74
lloyd	1.74
lobby	1.74
marc	1.74
mechanisms	1.74
mineral	1.74
mob	1.74
modest	1.74
motors	1.74
mph	1.74
navigation	1.74
nicholas	1.74
orbit	1.74
paragraph	1.74
passive	1.74
peninsula	1.74
phillips	1.74
pill	1.74
pork	1.74
portuguese	1.74
profitable	1.74
provinces	1.74
ranch	1.74
rays	1.74
reasonably	1.74
reject	1.74
remainder	1.74
schemes	1.74
screens	1.74
seized	1.74
semester	1.74
sentiment	1.74
servants	1.74
shipped	1.74
socks	1.74
sp	1.74
sr	1.74
suited	1.74
supplement	1.74
surviving	1.74
thereby	1.74
threshold	1.74
til	1.74
tin	1.74
tires	1.74
tribal	1.74
tribes	1.74
trunk	1.74
uncertainty	1.74
vampire	1.74
varied	1.74
verdict	1.74
abandon	1.73
accommodate	1.73
accordingly	1.73
aesthetic	1.73
algorithm	1.73
altered	1.73
anchor	1.73
angela	1.73
apr	1.73
arch	1.73
associations	1.73
au	1.73
audiences	1.73
axis	1.73
badge	1.73
bernard	1.73
bizarre	1.73
bounce	1.73
broadcasting	1.73
bs	1.73
bullets	1.73
buses	1.73
cannon	1.73
carol	1.73
carriers	1.73
chairs	1.73
cleaned	1.73
complexity	1.73
confusing	1.73
consultation	1.73
continental	1.73
convenience	1.73
deliberately	1.73
diamonds	1.73
diana	1.73
dictionary	1.73
dignity	1.73
dimension	1.73
disappointing	1.73
diving	1.73
doug	1.73
duncan	1.73
ego	1.73
enthusiasm	1.73
environments	1.73
equation	1.73
extract	1.73
favorites	1.73
ferry	1.73
fisher	1.73
flexibility	1.73
flowing	1.73
fm	1.73
fridge	1.73
functioning	1.73
fusion	1.73
gauge	1.73
goat	1.73
graduates	1.73
gut	1.73
heck	1.73
helmet	1.73
holders	1.73
ideology	1.73
idiots	1.73
inclusion	1.73
initiatives	1.73
innings	1.73
insects	1.73
instructor	1.73
isolation	1.73
ive	1.73
justified	1.73
keeper	1.73
lamb	1.73
liar	1.73
machinery	1.73
mansion	1.73
mega	1.73
mercury	1.73
namely	1.73
nbc	1.73
needing	1.73
nerves	1.73
nhl	1.73
obama's	1.73
observations	1.73
ordering	1.73
palmer	1.73
paths	1.73
peers	1.73
pending	1.73
platinum	1.73
possess	1.73
praised	1.73
premises	1.73
probability	1.73
ps	1.73
questioned	1.73
refuses	1.73
resignation	1.73
rider	1.73
ritual	1.73
ruins	1.73
shelf	1.73
slam	1.73
stakes	1.73
starter	1.73
sticking	1.73
subscribe	1.73
superman	1.73
surfaces	1.73
ta	1.73
territories	1.73
tire	1.73
tl	1.73
towers	1.73
transfers	1.73
utterly	1.73
voltage	1.73
warn	1.73
width	1.73
workout	1.73
aa	1.72
abu	1.72
activated	1.72
adaptation	1.72
advisor	1.72
aluminum	1.72
apartments	1.72
attitudes	1.72
attorneys	1.72
bail	1.72
barriers	1.72
belonged	1.72
bradley	1.72
brandon	1.72
broader	1.72
buck	1.72
cal	1.72
caroline	1.72
characterized	1.72
civilization	1.72
congrats	1.72
contractors	1.72
creativity	1.72
dealers	1.72
delicate	1.72
den	1.72
derek	1.72
desires	1.72
disappointment	1.72
disk	1.72
enters	1.72
evaluate	1.72
formally	1.72
frames	1.72
goddess	1.72
gov	1.72
hampshire	1.72
harassment	1.72
hats	1.72
hugh	1.72
insert	1.72
joan	1.72
lebanon	1.72
leeds	1.72
legit	1.72
leonard	1.72
liquor	1.72
loser	1.72
malcolm	1.72
massage	1.72
matched	1.72
messed	1.72
milwaukee	1.72
musician	1.72
nato	1.72
nephew	1.72
notably	1.72
orchestra	1.72
oz	1.72
packages	1.72
pad	1.72
pakistani	1.72
participated	1.72
precision	1.72
preservation	1.72
priests	1.72
privately	1.72
prizes	1.72
pulls	1.72
qualifying	1.72
reasoning	1.72
relaxed	1.72
reporters	1.72
roses	1.72
rumors	1.72
sail	1.72
salmon	1.72
secretly	1.72
seller	1.72
sen	1.72
seo	1.72
sheer	1.72
shifts	1.72
simpson	1.72
smallest	1.72
specially	1.72
stark	1.72
struggled	1.72
sympathy	1.72
tan	1.72
teenagers	1.72
theoretical	1.72
thumb	1.72
timber	1.72
transparent	1.72
travis	1.72
trump's	1.72
tweets	1.72
tx	1.72
upside	1.72
urged	1.72
visitor	1.72
vitamin	1.72
void	1.72
voluntary	1.72
wheat	1.72
whip	1.72
wipe	1.72
wolves	1.72
wrist	1.72
abused	1.71
acute	1.71
admiral	1.71
amanda	1.71
arnold	1.71
arrange	1.71
banana	1.71
behave	1.71
betting	1.71
blair	1.71
bo	1.71
borrow	1.71
camping	1.71
capitol	1.71
celtic	1.71
chan	1.71
chin	1.71
civic	1.71
clerk	1.71
conclusions	1.71
considerably	1.71
contacted	1.71
cottage	1.71
coup	1.71
criticized	1.71
crude	1.71
dash	1.71
decreased	1.71
defended	1.71
demons	1.71
deposits	1.71
disclosure	1.71
disposal	1.71
distinctive	1.71
documented	1.71
donation	1.71
dragged	1.71
drone	1.71
else's	1.71
encounters	1.71
ensuring	1.71
enterprises	1.71
escort	1.71
exams	1.71
firmly	1.71
flour	1.71
gdp	1.71
geneva	1.71
hindu	1.71
holdings	1.71
indie	1.71
indirect	1.71
inspire	1.71
institutional	1.71
interim	1.71
interviewed	1.71
java	1.71
jefferson	1.71
jerk	1.71
karl	1.71
kindly	1.71
kindness	1.71
leaked	1.71
locals	1.71
lottery	1.71
louise	1.71
magnitude	1.71
mc	1.71
minus	1.71
nhs	1.71
noting	1.71
nude	1.71
organs	1.71
outlet	1.71
outlets	1.71
parameters	1.71
pause	1.71
pledge	1.71
portal	1.71
prescription	1.71
protesters	1.71
proving	1.71
publicity	1.71
punished	1.71
puppy	1.71
recruitment	1.71
screwed	1.71
shades	1.71
shakespeare	1.71
silicon	1.71
slice	1.71
spelling	1.71
spurs	1.71
subscribers	1.71
surveys	1.71
survivor	1.71
telegraph	1.71
tits	1.71
vaccine	1.71
vinyl	1.71
westminster	1.71
wished	1.71
wonders	1.71
accurately	1.70
adelaide	1.70
affiliate	1.70
alfred	1.70
asylum	1.70
barn	1.70
bent	1.70
bernie	1.70
brussels	1.70
cathedral	1.70
centered	1.70
child's	1.70
clause	1.70
cluster	1.70
complained	1.70
compounds	1.70
consistency	1.70
cr	1.70
cracked	1.70
cylinder	1.70
dancer	1.70
deaf	1.70
debts	1.70
denial	1.70
digging	1.70
dock	1.70
entrepreneur	1.70
evident	1.70
expectation	1.70
expedition	1.70
expressing	1.70
extends	1.70
facilitate	1.70
failures	1.70
feat	1.70
fossil	1.70
founding	1.70
freight	1.70
generating	1.70
goddamn	1.70
guides	1.70
honesty	1.70
inappropriate	1.70
infant	1.70
initiated	1.70
injection	1.70
instrumental	1.70
insult	1.70
interference	1.70
interstate	1.70
julian	1.70
launching	1.70
liking	1.70
linux	1.70
luis	1.70
mates	1.70
mediterranean	1.70
nation's	1.70
neat	1.70
negotiate	1.70
neo	1.70
nicole	1.70
obligations	1.70
offset	1.70
outbreak	1.70
pal	1.70
palestine	1.70
perfection	1.70
pigs	1.70
pirates	1.70
posters	1.70
practicing	1.70
praying	1.70
probe	1.70
prohibited	1.70
projected	1.70
propose	1.70
quarterly	1.70
recipes	1.70
recruiting	1.70
refusing	1.70
rehabilitation	1.70
reid	1.70
remix	1.70
resistant	1.70
reynolds	1.70
riders	1.70
robots	1.70
rockets	1.70
roller	1.70
sailing	1.70
shapes	1.70
skinny	1.70
slipped	1.70
sneak	1.70
solving	1.70
sore	1.70
spark	1.70
speculation	1.70
steep	1.70
stevens	1.70
straw	1.70
successor	1.70
targeting	1.70
triggered	1.70
troubles	1.70
uncertain	1.70
upload	1.70
vector	1.70
violations	1.70
weigh	1.70
whatsoever	1.70
wicked	1.70
abraham	1.69
absent	1.69
acoustic	1.69
adapt	1.69
ancestors	1.69
archive	1.69
atomic	1.69
bean	1.69
bicycle	1.69
bryan	1.69
bump	1.69
buttons	1.69
cart	1.69
circus	1.69
claire	1.69
cocaine	1.69
cohen	1.69
colleague	1.69
compelling	1.69
compiled	1.69
complications	1.69
construct	1.69
cord	1.69
crowded	1.69
cyber	1.69
dale	1.69
debates	1.69
defendant	1.69
delays	1.69
dense	1.69
desperately	1.69
doctrine	1.69
expose	1.69
financially	1.69
freshman	1.69
furious	1.69
gameplay	1.69
geography	1.69
gig	1.69
government's	1.69
habitat	1.69
harbour	1.69
hazard	1.69
hydrogen	1.69
implies	1.69
intact	1.69
intake	1.69
irrelevant	1.69
jaw	1.69
jin	1.69
kitty	1.69
lauren	1.69
lawn	1.69
manufacture	1.69
martha	1.69
medals	1.69
mercedes	1.69
mistaken	1.69
moses	1.69
nashville	1.69
nebraska	1.69
needle	1.69
ol	1.69
olds	1.69
organize	1.69
ottawa	1.69
oval	1.69
pity	1.69
pond	1.69
porter	1.69
portions	1.69
prey	1.69
prophet	1.69
raymond	1.69
recalled	1.69
reduces	1.69
referendum	1.69
refugee	1.69
regulated	1.69
rounded	1.69
ruby	1.69
rushed	1.69
sanders	1.69
satisfy	1.69
scales	1.69
seasonal	1.69
segments	1.69
sensible	1.69
sequel	1.69
shifted	1.69
shifting	1.69
shining	1.69
slower	1.69
spinning	1.69
stanford	1.69
stepping	1.69
teammates	1.69
touches	1.69
township	1.69
travelled	1.69
twisted	1.69
usb	1.69
vienna	1.69
wade	1.69
whale	1.69
writings	1.69
admire	1.68
af	1.68
amber	1.68
ankle	1.68
armor	1.68
autism	1.68
bachelor	1.68
berry	1.68
billions	1.68
brady	1.68
brisbane	1.68
bulls	1.68
bullying	1.68
capitalism	1.68
caution	1.68
certification	1.68
characteristic	1.68
clan	1.68
clash	1.68
columns	1.68
compatible	1.68
concerts	1.68
condemned	1.68
configuration	1.68
continuously	1.68
convincing	1.68
coupled	1.68
curiosity	1.68
delight	1.68
determining	1.68
entities	1.68
exceptions	1.68
explosive	1.68
flooding	1.68
fortunate	1.68
fortunately	1.68
foundations	1.68
frontier	1.68
frustrating	1.68
frustration	1.68
geographic	1.68
glenn	1.68
grande	1.68
grasp	1.68
handy	1.68
hardcore	1.68
harmful	1.68
headache	1.68
hers	1.68
hispanic	1.68
incentive	1.68
inclusive	1.68
infections	1.68
jackie	1.68
joel	1.68
kissing	1.68
lanes	1.68
licence	1.68
lungs	1.68
madness	1.68
mandate	1.68
manga	1.68
memorable	1.68
merger	1.68
minorities	1.68
nj	1.68
occurring	1.68
organizing	1.68
performs	1.68
ph	1.68
po	1.68
poker	1.68
portable	1.68
priced	1.68
quebec	1.68
randomly	1.68
rankings	1.68
realizing	1.68
resign	1.68
revealing	1.68
rico	1.68
robbery	1.68
rub	1.68
runners	1.68
sally	1.68
scattered	1.68
scout	1.68
searched	1.68
sexuality	1.68
shouting	1.68
slap	1.68
steak	1.68
succession	1.68
superintendent	1.68
suspicion	1.68
sweep	1.68
tactical	1.68
talents	1.68
therapist	1.68
thereafter	1.68
thorough	1.68
tuition	1.68
tumor	1.68
usd	1.68
variables	1.68
varying	1.68
wholesale	1.68
wwe	1.68
administered	1.67
affiliated	1.67
apples	1.67
architectural	1.67
artillery	1.67
assembled	1.67
bangladesh	1.67
barack	1.67
beaches	1.67
bees	1.67
boarding	1.67
bothered	1.67
canvas	1.67
canyon	1.67
casey	1.67
cheek	1.67
chen	1.67
cincinnati	1.67
circular	1.67
circulation	1.67
clearance	1.67
closes	1.67
coincidence	1.67
comedian	1.67
commands	1.67
commissioned	1.67
concentrated	1.67
conscience	1.67
cooler	1.67
countless	1.67
curry	1.67
dame	1.67
deceased	1.67
dedication	1.67
defining	1.67
detention	1.67
disputes	1.67
drake	1.67
employ	1.67
enforce	1.67
explicit	1.67
explicitly	1.67
eyed	1.67
florence	1.67
flu	1.67
forbidden	1.67
fraction	1.67
girl's	1.67
hes	1.67
infantry	1.67
integral	1.67
investor	1.67
janet	1.67
judged	1.67
katie	1.67
kidnapped	1.67
lectures	1.67
lightly	1.67
linking	1.67
maintains	1.67
marble	1.67
maritime	1.67
melt	1.67
modes	1.67
monica	1.67
mumbai	1.67
nominee	1.67
oath	1.67
offence	1.67
packaging	1.67
patriots	1.67
pee	1.67
pillow	1.67
pirate	1.67
polar	1.67
prediction	1.67
preview	1.67
processed	1.67
pursuing	1.67
puzzle	1.67
rapper	1.67
rebecca	1.67
reconstruction	1.67
renowned	1.67
revelation	1.67
sara	1.67
scholar	1.67
sharks	1.67
shoots	1.67
skirt	1.67
socially	1.67
spa	1.67
spike	1.67
sprint	1.67
stir	1.67
stuffed	1.67
substantially	1.67
suburbs	1.67
superb	1.67
supposedly	1.67
tab	1.67
tendency	1.67
that'll	1.67
theirs	1.67
toast	1.67
toes	1.67
touchdown	1.67
traits	1.67
trek	1.67
tricky	1.67
triumph	1.67
uber	1.67
underwear	1.67
unto	1.67
viable	1.67
waist	1.67
welcomed	1.67
wit	1.67
wreck	1.67
absurd	1.66
accessories	1.66
adrian	1.66
advocates	1.66
ag	1.66
ambitious	1.66
amid	1.66
annoyed	1.66
appealing	1.66
appointments	1.66
assumptions	1.66
ballet	1.66
bargain	1.66
binary	1.66
blend	1.66
blogs	1.66
brake	1.66
builds	1.66
businessman	1.66
cab	1.66
ch	1.66
chi	1.66
col	1.66
collision	1.66
colombia	1.66
compassion	1.66
consumed	1.66
corrected	1.66
correction	1.66
cough	1.66
cousins	1.66
critic	1.66
czech	1.66
defenders	1.66
denying	1.66
depot	1.66
distress	1.66
documentation	1.66
doubts	1.66
dramatically	1.66
drank	1.66
dudes	1.66
eats	1.66
elegant	1.66
elevator	1.66
ellis	1.66
exchanges	1.66
excuses	1.66
execute	1.66
factories	1.66
feast	1.66
finland	1.66
frederick	1.66
friend's	1.66
frost	1.66
goin	1.66
herald	1.66
hike	1.66
hollow	1.66
homeland	1.66
how's	1.66
imported	1.66
ing	1.66
internationally	1.66
iraqi	1.66
itunes	1.66
kane	1.66
kissed	1.66
lame	1.66
licensing	1.66
lily	1.66
limiting	1.66
locker	1.66
mainland	1.66
marking	1.66
meditation	1.66
messenger	1.66
metals	1.66
missiles	1.66
munich	1.66
norwegian	1.66
pencil	1.66
philosophical	1.66
pierre	1.66
pipes	1.66
plasma	1.66
plea	1.66
punish	1.66
purse	1.66
quarterback	1.66
reagan	1.66
ref	1.66
relieved	1.66
replies	1.66
reservation	1.66
rhetoric	1.66
rivals	1.66
rushing	1.66
salvation	1.66
sanctions	1.66
secular	1.66
sensitivity	1.66
shane	1.66
sigh	1.66
sixteen	1.66
sovereign	1.66
specifications	1.66
spends	1.66
spouse	1.66
stat	1.66
supervisor	1.66
synthetic	1.66
teaches	1.66
tense	1.66
terrifying	1.66
toyota	1.66
tracked	1.66
traders	1.66
troy	1.66
varieties	1.66
vegan	1.66
waking	1.66
walmart	1.66
wang	1.66
wilderness	1.66
admits	1.65
adviser	1.65
aggregate	1.65
anal	1.65
anatomy	1.65
annie	1.65
announces	1.65
applicants	1.65
automobile	1.65
barnes	1.65
breasts	1.65
cement	1.65
chess	1.65
citing	1.65
colonies	1.65
composite	1.65
consequently	1.65
consist	1.65
councils	1.65
cox	1.65
curtis	1.65
decorated	1.65
delegates	1.65
dreaming	1.65
dull	1.65
enables	1.65
fare	1.65
fashioned	1.65
feared	1.65
float	1.65
generator	1.65
grind	1.65
grinding	1.65
grove	1.65
guessing	1.65
gum	1.65
hobby	1.65
hunters	1.65
idol	1.65
illusion	1.65
incorrect	1.65
jun	1.65
junction	1.65
lance	1.65
leap	1.65
locate	1.65
locks	1.65
lou	1.65
lynch	1.65
manages	1.65
masses	1.65
medicare	1.65
modeling	1.65
motive	1.65
nazis	1.65
neighbourhood	1.65
networking	1.65
newer	1.65
newton	1.65
oppose	1.65
optimal	1.65
other's	1.65
overtime	1.65
packs	1.65
permits	1.65
playstation	1.65
pops	1.65
postal	1.65
predictions	1.65
prep	1.65
president's	1.65
profound	1.65
prosecutor	1.65
rebellion	1.65
recipient	1.65
refund	1.65
remembering	1.65
rescued	1.65
risky	1.65
robust	1.65
scam	1.65
sci	1.65
sep	1.65
shareholders	1.65
sided	1.65
simulation	1.65
sober	1.65
spice	1.65
squeeze	1.65
storms	1.65
supervision	1.65
suspects	1.65
swap	1.65
swept	1.65
terrain	1.65
terrified	1.65
themed	1.65
threaten	1.65
thrilled	1.65
towel	1.65
trio	1.65
tubes	1.65
unconscious	1.65
und	1.65
varies	1.65
vegetable	1.65
verified	1.65
vibe	1.65
virtue	1.65
wifi	1.65
wishing	1.65
workforce	1.65
zombie	1.65
acre	1.64
airports	1.64
alot	1.64
amen	1.64
andrews	1.64
arise	1.64
ashes	1.64
automotive	1.64
battlefield	1.64
begging	1.64
berkeley	1.64
bloom	1.64
bore	1.64
bundle	1.64
butterfly	1.64
buys	1.64
casualties	1.64
catches	1.64
chad	1.64
clown	1.64
committees	1.64
conjunction	1.64
costly	1.64
cows	1.64
cries	1.64
cuban	1.64
cycles	1.64
darker	1.64
davies	1.64
descent	1.64
desktop	1.64
dial	1.64
directory	1.64
disabilities	1.64
discharge	1.64
discusses	1.64
dodge	1.64
downs	1.64
drilling	1.64
drums	1.64
elimination	1.64
enjoys	1.64
es	1.64
espn	1.64
ginger	1.64
governors	1.64
guild	1.64
halt	1.64
han	1.64
henderson	1.64
ibm	1.64
imaging	1.64
implied	1.64
impress	1.64
inability	1.64
incoming	1.64
isaac	1.64
jar	1.64
kay	1.64
lb	1.64
leicester	1.64
liam	1.64
litigation	1.64
mentor	1.64
merchandise	1.64
minerals	1.64
miners	1.64
monk	1.64
neighborhoods	1.64
ni	1.64
noah	1.64
norm	1.64
obtaining	1.64
occupy	1.64
offended	1.64
orthodox	1.64
overhead	1.64
pac	1.64
painter	1.64
party's	1.64
perth	1.64
pierce	1.64
pistol	1.64
printer	1.64
prone	1.64
raiders	1.64
readily	1.64
reflecting	1.64
regiment	1.64
remembers	1.64
reunion	1.64
revival	1.64
sanctuary	1.64
satan	1.64
satisfying	1.64
seas	1.64
securing	1.64
sensors	1.64
seoul	1.64
shells	1.64
siege	1.64
sixty	1.64
sleeve	1.64
sonic	1.64
soundtrack	1.64
speeches	1.64
spine	1.64
steering	1.64
substances	1.64
sullivan	1.64
sustain	1.64
tenure	1.64
texture	1.64
thankful	1.64
translate	1.64
treasurer	1.64
triangle	1.64
unclear	1.64
upgraded	1.64
venezuela	1.64
venice	1.64
vladimir	1.64
wizard	1.64
yankees	1.64
absorbed	1.63
admin	1.63
affection	1.63
airplane	1.63
altitude	1.63
athens	1.63
attributes	1.63
baked	1.63
baking	1.63
beautifully	1.63
betty	1.63
biblical	1.63
bmw	1.63
boo	1.63
cardiff	1.63
collapsed	1.63
coloured	1.63
competent	1.63
countryside	1.63
cracking	1.63
crane	1.63
debris	1.63
delegation	1.63
demographic	1.63
descriptions	1.63
donor	1.63
easiest	1.63
educate	1.63
enabling	1.63
enrolled	1.63
enrollment	1.63
essex	1.63
exceed	1.63
excluding	1.63
expressions	1.63
fierce	1.63
forgetting	1.63
gabriel	1.63
garlic	1.63
gaza	1.63
gratitude	1.63
hail	1.63
heroin	1.63
honda	1.63
hooked	1.63
illustration	1.63
impose	1.63
indicator	1.63
inequality	1.63
ins	1.63
interpreted	1.63
jamaica	1.63
joey	1.63
joshua	1.63
journals	1.63
leisure	1.63
lend	1.63
lengths	1.63
leon	1.63
lounge	1.63
luckily	1.63
manuscript	1.63
marco	1.63
marines	1.63
mint	1.63
molecules	1.63
montgomery	1.63
notification	1.63
nova	1.63
oakland	1.63
outline	1.63
pasta	1.63
pi	1.63
polite	1.63
productions	1.63
professors	1.63
quicker	1.63
randy	1.63
receipt	1.63
recognise	1.63
reliability	1.63
researcher	1.63
retailers	1.63
reviewing	1.63
romans	1.63
runway	1.63
sculpture	1.63
senses	1.63
sensor	1.63
seth	1.63
sharon	1.63
showcase	1.63
smoked	1.63
su	1.63
subsidiary	1.63
tampa	1.63
tenth	1.63
theology	1.63
topped	1.63
trails	1.63
underwater	1.63
uploaded	1.63
velocity	1.63
venues	1.63
wax	1.63
wikipedia	1.63
winston	1.63
yay	1.63
yu	1.63
accountability	1.62
aerial	1.62
albeit	1.62
alcoholic	1.62
amazed	1.62
ambition	1.62
ammunition	1.62
anthem	1.62
architects	1.62
automated	1.62
bake	1.62
batch	1.62
borrowed	1.62
carson	1.62
catalog	1.62
catalogue	1.62
charitable	1.62
christine	1.62
clicking	1.62
club's	1.62
collector	1.62
compliment	1.62
consisted	1.62
continually	1.62
coordinator	1.62
damaging	1.62
danish	1.62
def	1.62
deployment	1.62
drafted	1.62
enjoyable	1.62
exotic	1.62
exterior	1.62
feminine	1.62
firearms	1.62
fountain	1.62
fury	1.62
gb	1.62
genocide	1.62
glance	1.62
glow	1.62
hay	1.62
headlines	1.62
hebrew	1.62
hometown	1.62
humanitarian	1.62
hungary	1.62
idaho	1.62
immunity	1.62
implementing	1.62
inherited	1.62
killers	1.62
labeled	1.62
lebron	1.62
liberation	1.62
likelihood	1.62
lone	1.62
massacre	1.62
meme	1.62
mitch	1.62
mod	1.62
nationalist	1.62
nationals	1.62
necessity	1.62
nickname	1.62
nixon	1.62
observer	1.62
offshore	1.62
optional	1.62
papa	1.62
parked	1.62
paste	1.62
pioneer	1.62
plaza	1.62
prescribed	1.62
pressures	1.62
prosperity	1.62
recreational	1.62
reds	1.62
refuge	1.62
religions	1.62
renewable	1.62
richardson	1.62
ricky	1.62
rode	1.62
ronald	1.62
sack	1.62
settlements	1.62
sheffield	1.62
shortage	1.62
skies	1.62
smarter	1.62
smiles	1.62
sophie	1.62
sphere	1.62
sponsors	1.62
stamps	1.62
stare	1.62
suburban	1.62
sung	1.62
suppliers	1.62
tablets	1.62
terribly	1.62
territorial	1.62
thirds	1.62
thriller	1.62
toss	1.62
transgender	1.62
troubled	1.62
turtle	1.62
ur	1.62
verbal	1.62
violated	1.62
vocals	1.62
wool	1.62
yang	1.62
accountable	1.61
advocacy	1.61
aftermath	1.61
aggression	1.61
analyzed	1.61
angles	1.61
arguably	1.61
armies	1.61
armstrong	1.61
assessed	1.61
attractions	1.61
balloon	1.61
beers	1.61
bells	1.61
blamed	1.61
blunt	1.61
boobs	1.61
bosses	1.61
brakes	1.61
brigade	1.61
bulgaria	1.61
burial	1.61
canceled	1.61
cardinal	1.61
champ	1.61
champagne	1.61
cheated	1.61
china's	1.61
chorus	1.61
chrome	1.61
clarity	1.61
classics	1.61
cleaner	1.61
combining	1.61
conclude	1.61
confidential	1.61
coordination	1.61
cracks	1.61
cs	1.61
dancers	1.61
delaware	1.61
directing	1.61
discretion	1.61
ditch	1.61
dome	1.61
dope	1.61
drought	1.61
ducks	1.61
dumped	1.61
elevation	1.61
entrepreneurs	1.61
epa	1.61
esteem	1.61
eva	1.61
explored	1.61
fe	1.61
finances	1.61
finishes	1.61
fog	1.61
framed	1.61
fucks	1.61
gesture	1.61
ghana	1.61
gibson	1.61
gif	1.61
gilbert	1.61
gosh	1.61
griffin	1.61
historian	1.61
horizontal	1.61
hospitality	1.61
hostage	1.61
hottest	1.61
individually	1.61
inevitably	1.61
jeffrey	1.61
kenneth	1.61
lad	1.61
lakers	1.61
lasts	1.61
leagues	1.61
leslie	1.61
listings	1.61
literacy	1.61
marriages	1.61
mcdonald's	1.61
migrants	1.61
mins	1.61
misleading	1.61
moisture	1.61
monument	1.61
mortality	1.61
ng	1.61
notices	1.61
obsession	1.61
opt	1.61
particle	1.61
peanut	1.61
penn	1.61
persistent	1.61
personalities	1.61
petroleum	1.61
pharmaceutical	1.61
progression	1.61
quinn	1.61
ra	1.61
rack	1.61
rebuild	1.61
recordings	1.61
rejection	1.61
relaxing	1.61
reservoir	1.61
respects	1.61
riley	1.61
scrap	1.61
sebastian	1.61
sensation	1.61
shaft	1.61
shepherd	1.61
shuttle	1.61
slope	1.61
snack	1.61
sounding	1.61
specialists	1.61
spotlight	1.61
stabbed	1.61
stern	1.61
stiff	1.61
striker	1.61
sudan	1.61
sued	1.61
sums	1.61
sworn	1.61
tel	1.61
terrific	1.61
theres	1.61
titans	1.61
tomatoes	1.61
tory	1.61
trafficking	1.61
transparency	1.61
trinity	1.61
unemployed	1.61
unite	1.61
unlock	1.61
vault	1.61
vet	1.61
vince	1.61
wagon	1.61
walt	1.61
withdrawn	1.61
accessed	1.60
adverse	1.60
aiming	1.60
allah	1.60
alumni	1.60
ana	1.60
awhile	1.60
aye	1.60
bastard	1.60
behaviors	1.60
bikes	1.60
biography	1.60
br	1.60
broker	1.60
browser	1.60
bury	1.60
cellular	1.60
cocktail	1.60
cod	1.60
conditioning	1.60
consuming	1.60
contracted	1.60
costumes	1.60
counseling	1.60
crews	1.60
cubs	1.60
cuz	1.60
dangers	1.60
designing	1.60
destructive	1.60
develops	1.60
dislike	1.60
doubled	1.60
doubles	1.60
economies	1.60
embedded	1.60
emerge	1.60
excluded	1.60
expects	1.60
farewell	1.60
feeds	1.60
fist	1.60
fond	1.60
foolish	1.60
frog	1.60
fry	1.60
garcia	1.60
gifted	1.60
hacking	1.60
hawks	1.60
heir	1.60
highlighted	1.60
holocaust	1.60
homer	1.60
hon	1.60
hopkins	1.60
imprisonment	1.60
indonesian	1.60
irs	1.60
isnt	1.60
jenny	1.60
ji	1.60
lacks	1.60
landlord	1.60
landmark	1.60
lanka	1.60
launches	1.60
leaning	1.60
liable	1.60
life's	1.60
memphis	1.60
midst	1.60
misery	1.60
module	1.60
mommy	1.60
monroe	1.60
mosque	1.60
moss	1.60
museums	1.60
mvp	1.60
nursery	1.60
obamacare	1.60
onion	1.60
perspectives	1.60
peru	1.60
phrases	1.60
plague	1.60
plains	1.60
positively	1.60
powell	1.60
prevents	1.60
profiles	1.60
pursued	1.60
raids	1.60
recruit	1.60
resting	1.60
rex	1.60
rogue	1.60
roosevelt	1.60
salaries	1.60
sd	1.60
seated	1.60
sharply	1.60
showers	1.60
sincerely	1.60
sings	1.60
solidarity	1.60
specialty	1.60
supernatural	1.60
surprises	1.60
td	1.60
tens	1.60
thirteen	1.60
tomb	1.60
touring	1.60
traces	1.60
trademark	1.60
trim	1.60
umbrella	1.60
utilities	1.60
voyage	1.60
weaker	1.60
willie	1.60
yields	1.60
abbey	1.59
accepts	1.59
adjustment	1.59
andrea	1.59
assignments	1.59
attachment	1.59
baron	1.59
beatles	1.59
belfast	1.59
blah	1.59
blaming	1.59
bomber	1.59
bt	1.59
bunny	1.59
candle	1.59
carved	1.59
choir	1.59
clutch	1.59
coconut	1.59
committing	1.59
comprising	1.59
confession	1.59
consume	1.59
corridor	1.59
credibility	1.59
credited	1.59
critically	1.59
dem	1.59
distracted	1.59
dm	1.59
dolphins	1.59
estates	1.59
ferguson	1.59
ferrari	1.59
filters	1.59
fools	1.59
fourteen	1.59
fu	1.59
geometry	1.59
gf	1.59
ghosts	1.59
gossip	1.59
gp	1.59
grandparents	1.59
group's	1.59
haul	1.59
header	1.59
headphones	1.59
highways	1.59
holly	1.59
immense	1.59
imports	1.59
incentives	1.59
interfere	1.59
intersection	1.59
investigators	1.59
juvenile	1.59
karma	1.59
ki	1.59
knocking	1.59
kurt	1.59
leaks	1.59
leverage	1.59
lil	1.59
lining	1.59
luther	1.59
manila	1.59
mankind	1.59
mapping	1.59
masks	1.59
med	1.59
metric	1.59
militia	1.59
naming	1.59
ncaa	1.59
night's	1.59
nike	1.59
node	1.59
obstacles	1.59
opener	1.59
overwhelmed	1.59
performers	1.59
pg	1.59
pl	1.59
pointless	1.59
poles	1.59
preferences	1.59
prompted	1.59
proximity	1.59
qualification	1.59
qualifications	1.59
ranger	1.59
rendered	1.59
rented	1.59
reversed	1.59
robbed	1.59
sadness	1.59
scenarios	1.59
selective	1.59
seniors	1.59
sf	1.59
shiny	1.59
socialism	1.59
son's	1.59
sour	1.59
spoon	1.59
stressful	1.59
stretched	1.59
sucking	1.59
teddy	1.59
tenants	1.59
terrace	1.59
thief	1.59
transported	1.59
tribunal	1.59
undoubtedly	1.59
uniforms	1.59
verify	1.59
villain	1.59
whats	1.59
whistle	1.59
wife's	1.59
workshops	1.59
yale	1.59
yearly	1.59
yemen	1.59
abusive	1.58
alley	1.58
announcing	1.58
appetite	1.58
backyard	1.58
beth	1.58
beverly	1.58
bids	1.58
billboard	1.58
blades	1.58
boris	1.58
bully	1.58
burke	1.58
cables	1.58
calculate	1.58
calculations	1.58
chicks	1.58
conceived	1.58
consult	1.58
crashes	1.58
crowds	1.58
cunt	1.58
damned	1.58
dissolved	1.58
distinguish	1.58
dominate	1.58
dynasty	1.58
economist	1.58
endorsed	1.58
europeans	1.58
examining	1.58
extensively	1.58
fda	1.58
festivals	1.58
forehead	1.58
foreigners	1.58
forgiveness	1.58
gem	1.58
glen	1.58
graves	1.58
gregory	1.58
haunted	1.58
hayes	1.58
heather	1.58
hiking	1.58
hypothesis	1.58
illegally	1.58
illustrations	1.58
inclined	1.58
informal	1.58
jew	1.58
learnt	1.58
lending	1.58
marker	1.58
marsh	1.58
marshal	1.58
maturity	1.58
maya	1.58
messy	1.58
mia	1.58
minneapolis	1.58
molly	1.58
morrison	1.58
mtv	1.58
muhammad	1.58
neighboring	1.58
neighbours	1.58
ninja	1.58
optimistic	1.58
outlined	1.58
owl	1.58
parenting	1.58
peaks	1.58
pharmacy	1.58
pools	1.58
preparations	1.58
problematic	1.58
proceeded	1.58
processor	1.58
promotional	1.58
pros	1.58
prospective	1.58
psychiatric	1.58
regulate	1.58
renaissance	1.58
repeal	1.58
reuters	1.58
riots	1.58
roast	1.58
robertson	1.58
rubbish	1.58
saga	1.58
salon	1.58
seventeen	1.58
shields	1.58
sliding	1.58
sodium	1.58
surplus	1.58
swallow	1.58
systematic	1.58
theaters	1.58
transmitted	1.58
tuned	1.58
unacceptable	1.58
unaware	1.58
uncommon	1.58
underway	1.58
unified	1.58
unstable	1.58
upstairs	1.58
vague	1.58
wee	1.58
woo	1.58
xd	1.58
zip	1.58
abs	1.57
abundance	1.57
advancing	1.57
ahh	1.57
alberta	1.57
ant	1.57
antique	1.57
autonomy	1.57
baptist	1.57
behavioral	1.57
biden	1.57
booking	1.57
breeze	1.57
brett	1.57
browns	1.57
canadians	1.57
carnival	1.57
commodity	1.57
congressman	1.57
containers	1.57
cooperative	1.57
coral	1.57
correlation	1.57
correspondent	1.57
coupon	1.57
covid	1.57
crosses	1.57
curtain	1.57
curves	1.57
defines	1.57
delivers	1.57
demonstrates	1.57
dentist	1.57
dodgers	1.57
dough	1.57
dug	1.57
endangered	1.57
envelope	1.57
exhibited	1.57
fade	1.57
fatigue	1.57
fellowship	1.57
fictional	1.57
fragile	1.57
fringe	1.57
fulfill	1.57
gaps	1.57
granite	1.57
greens	1.57
handbook	1.57
hardy	1.57
honors	1.57
india's	1.57
insights	1.57
instinct	1.57
inviting	1.57
irony	1.57
ivan	1.57
joyce	1.57
judgement	1.57
judiciary	1.57
jumps	1.57
lads	1.57
legion	1.57
lethal	1.57
lime	1.57
lively	1.57
logistics	1.57
lowered	1.57
lynn	1.57
maid	1.57
manning	1.57
manuel	1.57
maple	1.57
mickey	1.57
midfielder	1.57
mindset	1.57
mistress	1.57
moms	1.57
mon	1.57
monkeys	1.57
morality	1.57
mortal	1.57
mounting	1.57
nonprofit	1.57
nsa	1.57
oils	1.57
operative	1.57
outs	1.57
owed	1.57
panama	1.57
patches	1.57
pickup	1.57
portraits	1.57
pouring	1.57
prestigious	1.57
prompt	1.57
quantities	1.57
radius	1.57
referee	1.57
relay	1.57
rig	1.57
risen	1.57
rows	1.57
sacramento	1.57
scroll	1.57
searches	1.57
sh	1.57
smiled	1.57
snacks	1.57
snakes	1.57
sovereignty	1.57
strips	1.57
stunt	1.57
subjected	1.57
sucked	1.57
sunlight	1.57
surf	1.57
symbolic	1.57
sync	1.57
taxpayer	1.57
tempted	1.57
thrust	1.57
trevor	1.57
trilogy	1.57
url	1.57
weights	1.57
wheelchair	1.57
whore	1.57
wiped	1.57
yahoo	1.57
youre	1.57
yourselves	1.57
accompanying	1.56
accusations	1.56
acids	1.56
administrators	1.56
aired	1.56
allowance	1.56
andre	1.56
apologies	1.56
arbitrary	1.56
atm	1.56
autonomous	1.56
averaged	1.56
bait	1.56
bark	1.56
bets	1.56
blogger	1.56
bra	1.56
brighton	1.56
brotherhood	1.56
buddhist	1.56
builder	1.56
cakes	1.56
carriage	1.56
celebrations	1.56
censorship	1.56
cf	1.56
cl	1.56
clarify	1.56
climbed	1.56
comp	1.56
compilation	1.56
composer	1.56
comprises	1.56
constitute	1.56
correspondence	1.56
cowboy	1.56
defendants	1.56
desirable	1.56
devastating	1.56
diagram	1.56
dismiss	1.56
editions	1.56
erected	1.56
explorer	1.56
farther	1.56
favorable	1.56
feminism	1.56
flaws	1.56
forums	1.56
freed	1.56
galleries	1.56
gasoline	1.56
genesis	1.56
geographical	1.56
governed	1.56
governmental	1.56
grandson	1.56
guy's	1.56
halls	1.56
handles	1.56
heavier	1.56
herbert	1.56
hints	1.56
husband's	1.56
incomplete	1.56
incorporate	1.56
interrupted	1.56
ivory	1.56
kerry	1.56
kirk	1.56
lang	1.56
lengthy	1.56
levy	1.56
lp	1.56
manipulation	1.56
merchants	1.56
misses	1.56
mlb	1.56
mock	1.56
necklace	1.56
niche	1.56
nina	1.56
o'brien	1.56
obscure	1.56
ot	1.56
para	1.56
peterson	1.56
popped	1.56
porch	1.56
portrayed	1.56
possessed	1.56
princeton	1.56
proposition	1.56
railways	1.56
readings	1.56
recession	1.56
richards	1.56
rim	1.56
seals	1.56
secondly	1.56
sequences	1.56
settling	1.56
sherman	1.56
spinal	1.56
spiral	1.56
spit	1.56
splash	1.56
stretching	1.56
successive	1.56
superhero	1.56
taxpayers	1.56
therapeutic	1.56
threads	1.56
ti	1.56
timely	1.56
tomato	1.56
tub	1.56
ufc	1.56
undergraduate	1.56
undertaken	1.56
uranium	1.56
utter	1.56
vietnamese	1.56
volleyball	1.56
walsh	1.56
wires	1.56
yell	1.56
advertisement	1.55
analysts	1.55
analyze	1.55
atmospheric	1.55
bangkok	1.55
batting	1.55
bb	1.55
bitches	1.55
bracket	1.55
branded	1.55
bryant	1.55
cairo	1.55
cardiac	1.55
catholics	1.55
commanding	1.55
confirms	1.55
confronted	1.55
crashing	1.55
crawford	1.55
creep	1.55
daylight	1.55
dee	1.55
dems	1.55
devon	1.55
disclose	1.55
doe	1.55
donna	1.55
elbow	1.55
encourages	1.55
enthusiastic	1.55
envy	1.55
establishments	1.55
exile	1.55
exploitation	1.55
felix	1.55
futures	1.55
gel	1.55
genetics	1.55
goose	1.55
grill	1.55
grounded	1.55
hating	1.55
heel	1.55
heroic	1.55
hut	1.55
inmates	1.55
instructed	1.55
ira	1.55
jenkins	1.55
johns	1.55
knives	1.55
louisville	1.55
malaysian	1.55
margins	1.55
marina	1.55
mat	1.55
melissa	1.55
milton	1.55
miranda	1.55
ml	1.55
monopoly	1.55
nash	1.55
nationally	1.55
nobel	1.55
norfolk	1.55
outrage	1.55
owning	1.55
pains	1.55
paperwork	1.55
pdf	1.55
pitched	1.55
poets	1.55
poisoning	1.55
promptly	1.55
que	1.55
rains	1.55
recovering	1.55
renewal	1.55
repeating	1.55
rifles	1.55
robbie	1.55
ruler	1.55
school's	1.55
screams	1.55
sellers	1.55
sights	1.55
sincere	1.55
skating	1.55
skiing	1.55
slaughter	1.55
smashed	1.55
sox	1.55
sperm	1.55
spill	1.55
steadily	1.55
stripped	1.55
supplier	1.55
swamp	1.55
swan	1.55
switches	1.55
synthesis	1.55
tasty	1.55
tattoos	1.55
teammate	1.55
testify	1.55
tolerate	1.55
tournaments	1.55
travelers	1.55
treason	1.55
trustees	1.55
typing	1.55
urine	1.55
vanilla	1.55
vermont	1.55
vic	1.55
vii	1.55
violet	1.55
weighing	1.55
wendy	1.55
activation	1.54
afghan	1.54
afterward	1.54
agreeing	1.54
ahmed	1.54
allocated	1.54
appealed	1.54
applause	1.54
bald	1.54
barrels	1.54
boil	1.54
borough	1.54
boyd	1.54
bp	1.54
breakthrough	1.54
calif	1.54
ce	1.54
charities	1.54
cheering	1.54
chooses	1.54
churchill	1.54
combinations	1.54
commenting	1.54
competitions	1.54
cone	1.54
connects	1.54
convey	1.54
critique	1.54
crushing	1.54
curved	1.54
cyrus	1.54
decay	1.54
declining	1.54
depressing	1.54
dessert	1.54
destinations	1.54
diagnostic	1.54
diane	1.54
differential	1.54
discourse	1.54
distances	1.54
dominance	1.54
donors	1.54
downloaded	1.54
earth's	1.54
economically	1.54
entertain	1.54
evaluated	1.54
exploit	1.54
fireworks	1.54
flown	1.54
floyd	1.54
founders	1.54
freeman	1.54
game's	1.54
gandhi	1.54
gateway	1.54
ge	1.54
guarantees	1.54
humidity	1.54
humour	1.54
imagery	1.54
imply	1.54
indicators	1.54
inherent	1.54
inland	1.54
inning	1.54
innocence	1.54
investigator	1.54
isle	1.54
ivy	1.54
justification	1.54
ka	1.54
katherine	1.54
lego	1.54
licenses	1.54
livestock	1.54
liz	1.54
llc	1.54
mafia	1.54
manners	1.54
merry	1.54
mick	1.54
missionary	1.54
nationalism	1.54
naughty	1.54
nepal	1.54
newman	1.54
notified	1.54
notorious	1.54
obey	1.54
olivia	1.54
organizational	1.54
outfits	1.54
outright	1.54
overly	1.54
oversight	1.54
panthers	1.54
persian	1.54
phases	1.54
photographers	1.54
polling	1.54
popping	1.54
prisons	1.54
prototype	1.54
pumpkin	1.54
pumps	1.54
punched	1.54
ramp	1.54
rand	1.54
reactor	1.54
reef	1.54
refined	1.54
refreshing	1.54
refusal	1.54
reinforced	1.54
remedies	1.54
reset	1.54
sage	1.54
shave	1.54
sickness	1.54
simpler	1.54
sinking	1.54
slots	1.54
sorted	1.54
sq	1.54
staged	1.54
startup	1.54
statute	1.54
stems	1.54
straightforward	1.54
strengths	1.54
suffers	1.54
superstar	1.54
telecommunications	1.54
thieves	1.54
thoughtful	1.54
thru	1.54
tissues	1.54
toddler	1.54
utilized	1.54
vicious	1.54
victories	1.54
vikings	1.54
vodka	1.54
vr	1.54
wholly	1.54
zoom	1.54
accidental	1.53
accounted	1.53
addicted	1.53
adjustments	1.53
apollo	1.53
archbishop	1.53
assassination	1.53
athletics	1.53
basics	1.53
bats	1.53
belgian	1.53
bibliography	1.53
bot	1.53
broadly	1.53
calcium	1.53
calvin	1.53
candles	1.53
capita	1.53
certainty	1.53
cheeks	1.53
chickens	1.53
christina	1.53
citation	1.53
clues	1.53
collectively	1.53
commercials	1.53
commissions	1.53
compression	1.53
comprised	1.53
confess	1.53
confined	1.53
congregation	1.53
consolidated	1.53
coordinate	1.53
coordinates	1.53
cube	1.53
dana	1.53
declaring	1.53
decoration	1.53
decree	1.53
definitions	1.53
deliberate	1.53
despair	1.53
discovering	1.53
dividend	1.53
dragging	1.53
drift	1.53
dye	1.53
eden	1.53
educators	1.53
electron	1.53
endure	1.53
enzyme	1.53
evolutionary	1.53
exhibits	1.53
extensions	1.53
fellows	1.53
fragments	1.53
fraser	1.53
fuels	1.53
geological	1.53
globally	1.53
grams	1.53
guru	1.53
hacked	1.53
hans	1.53
hatch	1.53
hindi	1.53
historians	1.53
hm	1.53
hormone	1.53
inadequate	1.53
indianapolis	1.53
infinity	1.53
intentionally	1.53
joints	1.53
kilometers	1.53
labs	1.53
lace	1.53
libya	1.53
losers	1.53
louder	1.53
maiden	1.53
marching	1.53
marketplace	1.53
membrane	1.53
messing	1.53
metallic	1.53
methodology	1.53
modifications	1.53
monitors	1.53
murderer	1.53
nap	1.53
nickel	1.53
niece	1.53
nm	1.53
nominations	1.53
numbered	1.53
offerings	1.53
overlooked	1.53
pardon	1.53
partnerships	1.53
persuade	1.53
pier	1.53
poured	1.53
practiced	1.53
predecessor	1.53
premise	1.53
quiz	1.53
rainfall	1.53
recipients	1.53
reckless	1.53
redemption	1.53
relates	1.53
relied	1.53
remedy	1.53
replay	1.53
revision	1.53
rooted	1.53
scent	1.53
slate	1.53
spells	1.53
stimulus	1.53
strengthening	1.53
structured	1.53
sunrise	1.53
surge	1.53
tagged	1.53
tags	1.53
tapes	1.53
tee	1.53
testified	1.53
timothy	1.53
token	1.53
tornado	1.53
tracy	1.53
tunes	1.53
tunnels	1.53
twilight	1.53
unprecedented	1.53
vagina	1.53
verses	1.53
vocabulary	1.53
wellington	1.53
whoa	1.53
willingness	1.53
woody	1.53
worthless	1.53
yacht	1.53
aberdeen	1.52
absorb	1.52
accompany	1.52
accord	1.52
advancement	1.52
albany	1.52
algorithms	1.52
alt	1.52
alternatively	1.52
anglo	1.52
archer	1.52
asap	1.52
assurance	1.52
barber	1.52
bash	1.52
battalion	1.52
bidding	1.52
boycott	1.52
bricks	1.52
bruno	1.52
buddies	1.52
bulgarian	1.52
carpenter	1.52
ceased	1.52
chester	1.52
coding	1.52
competitor	1.52
creators	1.52
cuisine	1.52
detained	1.52
dioxide	1.52
dolls	1.52
doom	1.52
dubbed	1.52
ea	1.52
eclipse	1.52
eighteen	1.52
eleanor	1.52
elephants	1.52
enjoyment	1.52
exhaust	1.52
expired	1.52
flee	1.52
forbes	1.52
forwards	1.52
fries	1.52
fundraising	1.52
gal	1.52
glimpse	1.52
hahaha	1.52
hawk	1.52
healthier	1.52
homemade	1.52
honorable	1.52
infectious	1.52
inferior	1.52
injustice	1.52
inquiries	1.52
insulin	1.52
interpret	1.52
intro	1.52
jackets	1.52
jill	1.52
kindle	1.52
lid	1.52
lindsay	1.52
logs	1.52
manor	1.52
masterpiece	1.52
melody	1.52
memo	1.52
mic	1.52
mirrors	1.52
mom's	1.52
myanmar	1.52
narrator	1.52
nate	1.52
nets	1.52
nsw	1.52
obesity	1.52
partisan	1.52
planting	1.52
pony	1.52
posed	1.52
possessions	1.52
privileged	1.52
prolonged	1.52
promo	1.52
protestant	1.52
pumping	1.52
pupil	1.52
qb	1.52
recruited	1.52
reliance	1.52
relies	1.52
reluctant	1.52
relying	1.52
respiratory	1.52
retention	1.52
rewarded	1.52
ribbon	1.52
rochester	1.52
rodgers	1.52
roommate	1.52
rotten	1.52
sands	1.52
schedules	1.52
selecting	1.52
shah	1.52
shawn	1.52
shotgun	1.52
singers	1.52
snapped	1.52
sofa	1.52
solomon	1.52
southampton	1.52
spoil	1.52
spoiled	1.52
stephanie	1.52
submarine	1.52
suburb	1.52
surgeons	1.52
sympathetic	1.52
taxation	1.52
temper	1.52
undergo	1.52
venus	1.52
weighed	1.52
wu	1.52
acquiring	1.51
additions	1.51
admitting	1.51
afl	1.51
aligned	1.51
allan	1.51
altar	1.51
amp	1.51
arrows	1.51
atlas	1.51
austrian	1.51
automation	1.51
awe	1.51
balancing	1.51
banning	1.51
bishops	1.51
boeing	1.51
broncos	1.51
builders	1.51
burton	1.51
caesar	1.51
canada's	1.51
cans	1.51
carroll	1.51
cavalry	1.51
clara	1.51
coffin	1.51
collectors	1.51
colorful	1.51
combo	1.51
communism	1.51
conductor	1.51
confront	1.51
constraints	1.51
crow	1.51
dad's	1.51
davidson	1.51
decisive	1.51
decorative	1.51
definitive	1.51
disclosed	1.51
displaced	1.51
disturbed	1.51
diy	1.51
doin	1.51
epidemic	1.51
eternity	1.51
eugene	1.51
evolve	1.51
explode	1.51
extraction	1.51
fatty	1.51
filthy	1.51
fletcher	1.51
flush	1.51
font	1.51
freestyle	1.51
glue	1.51
grandpa	1.51
hairy	1.51
homicide	1.51
horns	1.51
ie	1.51
inheritance	1.51
introduces	1.51
ironic	1.51
lacked	1.51
lin	1.51
luggage	1.51
lyon	1.51
madame	1.51
maggie	1.51
marion	1.51
mel	1.51
melting	1.51
messaging	1.51
microwave	1.51
midwest	1.51
minimize	1.51
modi	1.51
morocco	1.51
natalie	1.51
ops	1.51
organisms	1.51
originated	1.51
ounce	1.51
pablo	1.51
peel	1.51
pensions	1.51
performer	1.51
picnic	1.51
pins	1.51
practitioners	1.51
predominantly	1.51
primitive	1.51
providence	1.51
psychic	1.51
psychologist	1.51
puppet	1.51
reproductive	1.51
requesting	1.51
responds	1.51
restrict	1.51
retiring	1.51
retrieved	1.51
ribs	1.51
righteous	1.51
rivalry	1.51
rosa	1.51
royalty	1.51
sandra	1.51
sausage	1.51
seize	1.51
sim	1.51
skeleton	1.51
spicy	1.51
sticky	1.51
sting	1.51
sufficiently	1.51
thankfully	1.51
thrones	1.51
tick	1.51
traced	1.51
trent	1.51
trusts	1.51
tutorial	1.51
twentieth	1.51
unpleasant	1.51
unrelated	1.51
ussr	1.51
vacant	1.51
vent	1.51
vicinity	1.51
wan	1.51
wandering	1.51
wardrobe	1.51
warmth	1.51
weaknesses	1.51
wines	1.51
wired	1.51
amendments	1.50
analyses	1.50
asses	1.50
assessments	1.50
assisting	1.50
australia's	1.50
axe	1.50
backgrounds	1.50
baldwin	1.50
belle	1.50
bf	1.50
bites	1.50
bombers	1.50
bonuses	1.50
bred	1.50
brexit	1.50
bubbles	1.50
buddha	1.50
bulletin	1.50
capitalist	1.50
cautious	1.50
clinics	1.50
commitments	1.50
companions	1.50
comparisons	1.50
constable	1.50
cooperate	1.50
coordinated	1.50
copied	1.50
counselor	1.50
cp	1.50
curb	1.50
dances	1.50
darren	1.50
deeds	1.50
destined	1.50
detached	1.50
devils	1.50
discounts	1.50
distribute	1.50
dong	1.50
edgar	1.50
efficiently	1.50
eliminating	1.50
elliott	1.50
encouragement	1.50
enforced	1.50
evan	1.50
explosives	1.50
faction	1.50
fascist	1.50
feathers	1.50
fixtures	1.50
flooded	1.50
fuller	1.50
gamble	1.50
goalkeeper	1.50
grandchildren	1.50
gt	1.50
guardians	1.50
harmless	1.50
hearings	1.50
hesitate	1.50
hid	1.50
hips	1.50
hopeful	1.50
horny	1.50
hungarian	1.50
hygiene	1.50
iceland	1.50
imaginary	1.50
imprisoned	1.50
inconsistent	1.50
int	1.50
iso	1.50
jared	1.50
johnston	1.50
judy	1.50
kindergarten	1.50
latino	1.50
lopez	1.50
loudly	1.50
master's	1.50
mechanic	1.50
megan	1.50
mls	1.50
modify	1.50
neglect	1.50
northwestern	1.50
nz	1.50
offenders	1.50
oppression	1.50
patriotic	1.50
phillip	1.50
pictured	1.50
pitcher	1.50
playground	1.50
populated	1.50
poses	1.50
positioned	1.50
prejudice	1.50
preston	1.50
probable	1.50
probation	1.50
projection	1.50
promotes	1.50
pumped	1.50
rails	1.50
raven	1.50
receptor	1.50
rehab	1.50
remake	1.50
rendering	1.50
reproduction	1.50
res	1.50
reservations	1.50
rey	1.50
rhode	1.50
shrimp	1.50
similarities	1.50
skins	1.50
slopes	1.50
spelled	1.50
spokesman	1.50
springfield	1.50
stained	1.50
stall	1.50
starving	1.50
strap	1.50
subjective	1.50
surround	1.50
surroundings	1.50
sweeping	1.50
swinging	1.50
tearing	1.50
traumatic	1.50
trillion	1.50
tucker	1.50
vatican	1.50
vendor	1.50
watts	1.50
yr	1.50
abbott	1.49
aboriginal	1.49
academics	1.49
adopting	1.49
alignment	1.49
allergic	1.49
allison	1.49
amended	1.49
apparatus	1.49
assumes	1.49
avengers	1.49
backpack	1.49
balcony	1.49
banker	1.49
bliss	1.49
bodily	1.49
buffer	1.49
calgary	1.49
chapman	1.49
chopped	1.49
collaborative	1.49
commenced	1.49
compensate	1.49
compromised	1.49
constructive	1.49
conventions	1.49
cosmic	1.49
crystals	1.49
daisy	1.49
daughter's	1.49
definite	1.49
demonstrations	1.49
departed	1.49
depths	1.49
developmental	1.49
disco	1.49
distraction	1.49
dom	1.49
dorothy	1.49
doses	1.49
drawer	1.49
driver's	1.49
drones	1.49
durham	1.49
ecological	1.49
ecosystem	1.49
elvis	1.49
euros	1.49
exclude	1.49
exempt	1.49
exposing	1.49
faint	1.49
fertility	1.49
ff	1.49
fines	1.49
finn	1.49
floods	1.49
flynn	1.49
foam	1.49
folded	1.49
foremost	1.49
forge	1.49
greenhouse	1.49
hears	1.49
hierarchy	1.49
ideals	1.49
identities	1.49
installations	1.49
invalid	1.49
jade	1.49
jointly	1.49
jung	1.49
kits	1.49
lancaster	1.49
lightweight	1.49
lowering	1.49
mb	1.49
melted	1.49
metabolism	1.49
neglected	1.49
negotiated	1.49
negotiating	1.49
negotiation	1.49
newborn	1.49
newport	1.49
nodes	1.49
notch	1.49
omega	1.49
onions	1.49
packers	1.49
paired	1.49
parental	1.49
parody	1.49
parole	1.49
participant	1.49
penguin	1.49
phantom	1.49
photoshop	1.49
pitt	1.49
precedent	1.49
prevalent	1.49
prom	1.49
promotions	1.49
python	1.49
qatar	1.49
questionable	1.49
queue	1.49
quo	1.49
regrets	1.49
render	1.49
respondents	1.49
retaining	1.49
romania	1.49
sailor	1.49
seventy	1.49
shouted	1.49
show's	1.49
simmons	1.49
sims	1.49
slides	1.49
sociology	1.49
somerset	1.49
soo	1.49
specify	1.49
splitting	1.49
stab	1.49
supermarket	1.49
sweater	1.49
tenant	1.49
tensions	1.49
thomson	1.49
tortured	1.49
traction	1.49
tractor	1.49
trout	1.49
turnover	1.49
uganda	1.49
university's	1.49
unwanted	1.49
upgrades	1.49
valentine's	1.49
variant	1.49
vegetarian	1.49
vernon	1.49
visibility	1.49
warnings	1.49
wherein	1.49
whiskey	1.49
worms	1.49
wyoming	1.49
aaa	1.48
abundant	1.48
africans	1.48
alexandria	1.48
algebra	1.48
analytics	1.48
antenna	1.48
attribute	1.48
audition	1.48
bankers	1.48
biting	1.48
branding	1.48
bravo	1.48
busted	1.48
cardinals	1.48
carrie	1.48
certificates	1.48
charleston	1.48
chatting	1.48
chop	1.48
circuits	1.48
clifford	1.48
cody	1.48
coleman	1.48
commanded	1.48
commissioners	1.48
communicating	1.48
comparative	1.48
complement	1.48
connor	1.48
conquer	1.48
conquest	1.48
contested	1.48
continuity	1.48
cornwall	1.48
crawl	1.48
credible	1.48
cursed	1.48
day's	1.48
db	1.48
deepest	1.48
defects	1.48
delightful	1.48
depicted	1.48
determines	1.48
digit	1.48
dinosaur	1.48
doomed	1.48
drainage	1.48
drowning	1.48
embarrassment	1.48
equations	1.48
evolving	1.48
exploded	1.48
fairness	1.48
favored	1.48
felony	1.48
flats	1.48
flint	1.48
floral	1.48
fortress	1.48
fulfilled	1.48
fundamentally	1.48
grabbing	1.48
guts	1.48
hairs	1.48
hammond	1.48
handing	1.48
hearted	1.48
herb	1.48
herd	1.48
husbands	1.48
ideological	1.48
immortal	1.48
incumbent	1.48
insider	1.48
insufficient	1.48
interval	1.48
jelly	1.48
kai	1.48
kanye	1.48
kidnapping	1.48
kilometres	1.48
ky	1.48
lenses	1.48
lick	1.48
literal	1.48
lunar	1.48
maternal	1.48
matthews	1.48
maxwell	1.48
mccain	1.48
mcdonald	1.48
medicines	1.48
memoir	1.48
messi	1.48
miguel	1.48
modification	1.48
mold	1.48
nailed	1.48
napoleon	1.48
neighbouring	1.48
nigel	1.48
objection	1.48
obliged	1.48
observers	1.48
occurrence	1.48
offspring	1.48
ou	1.48
outrageous	1.48
packet	1.48
pads	1.48
patents	1.48
pathway	1.48
peach	1.48
persuaded	1.48
plots	1.48
polo	1.48
presenter	1.48
proclaimed	1.48
prohibition	1.48
prop	1.48
queen's	1.48
recognizing	1.48
recommends	1.48
registry	1.48
relieve	1.48
remarkably	1.48
repaired	1.48
rotating	1.48
sanchez	1.48
sandwiches	1.48
satellites	1.48
scar	1.48
scouts	1.48
scripture	1.48
seating	1.48
seminar	1.48
shores	1.48
silva	1.48
simplicity	1.48
slightest	1.48
softly	1.48
specimens	1.48
starbucks	1.48
stereo	1.48
supplements	1.48
surrey	1.48
sustainability	1.48
symphony	1.48
tesla	1.48
textbook	1.48
theological	1.48
trader	1.48
undercover	1.48
valentine	1.48
vegetation	1.48
vein	1.48
velvet	1.48
vendors	1.48
viewer	1.48
webb	1.48
welcoming	1.48
whales	1.48
wheeler	1.48
worm	1.48
zombies	1.48
accountant	1.47
activate	1.47
admissions	1.47
alison	1.47
amusing	1.47
arabs	1.47
beams	1.47
behold	1.47
betrayed	1.47
biased	1.47
billionaire	1.47
bloggers	1.47
brewing	1.47
brooke	1.47
bypass	1.47
calculation	1.47
cancellation	1.47
cane	1.47
capturing	1.47
catalyst	1.47
cedar	1.47
celebrates	1.47
claude	1.47
concentrations	1.47
concludes	1.47
cons	1.47
corpse	1.47
crab	1.47
cruelty	1.47
darwin	1.47
dawson	1.47
decorations	1.47
dementia	1.47
demonstrating	1.47
designation	1.47
dev	1.47
dice	1.47
diploma	1.47
disasters	1.47
discharged	1.47
dispatch	1.47
disputed	1.47
dots	1.47
ds	1.47
duchess	1.47
dunno	1.47
economists	1.47
eds	1.47
elders	1.47
exceeded	1.47
explanations	1.47
extinction	1.47
factions	1.47
fb	1.47
foil	1.47
formats	1.47
freddie	1.47
gardner	1.47
geology	1.47
gerald	1.47
graduating	1.47
gram	1.47
greene	1.47
heath	1.47
heavenly	1.47
hormones	1.47
horrific	1.47
hugo	1.47
infants	1.47
insect	1.47
iris	1.47
issuing	1.47
lifts	1.47
locking	1.47
logging	1.47
lookin	1.47
maurice	1.47
medications	1.47
mentality	1.47
metre	1.47
minecraft	1.47
miracles	1.47
nascar	1.47
neural	1.47
newsletter	1.47
nineteenth	1.47
nitrogen	1.47
norms	1.47
oceans	1.47
ooh	1.47
patricia	1.47
paulo	1.47
payroll	1.47
phenomenal	1.47
philippine	1.47
photographic	1.47
pinch	1.47
ping	1.47
polished	1.47
pots	1.47
predictable	1.47
privileges	1.47
prix	1.47
professionally	1.47
protesting	1.47
protocols	1.47
pushes	1.47
queer	1.47
rebounds	1.47
reckon	1.47
recycling	1.47
restriction	1.47
resumed	1.47
resurrection	1.47
rover	1.47
scars	1.47
scholarships	1.47
shannon	1.47
shelves	1.47
shipment	1.47
slut	1.47
sparks	1.47
spatial	1.47
stainless	1.47
statutory	1.47
stellar	1.47
stockholm	1.47
stripes	1.47
stubborn	1.47
summoned	1.47
sussex	1.47
swords	1.47
syrup	1.47
tackles	1.47
tamil	1.47
tapping	1.47
teachings	1.47
tightly	1.47
tina	1.47
tones	1.47
tories	1.47
transplant	1.47
traps	1.47
tu	1.47
turf	1.47
twitch	1.47
unlocked	1.47
unusually	1.47
unveiled	1.47
username	1.47
vaccines	1.47
veins	1.47
ventures	1.47
vip	1.47
visions	1.47
voiced	1.47
volcano	1.47
warmer	1.47
webster	1.47
weddings	1.47
yelled	1.47
zach	1.47
accelerated	1.46
accomplishments	1.46
advertised	1.46
advertisements	1.46
ark	1.46
armour	1.46
assaulted	1.46
atoms	1.46
attach	1.46
awaiting	1.46
bayern	1.46
bind	1.46
blessings	1.46
blu	1.46
bluetooth	1.46
boiling	1.46
borrowing	1.46
bowls	1.46
bradford	1.46
bum	1.46
butcher	1.46
c'mon	1.46
café	1.46
chandler	1.46
cheapest	1.46
chloe	1.46
communists	1.46
compares	1.46
conception	1.46
congo	1.46
counterparts	1.46
cue	1.46
deed	1.46
disciplinary	1.46
dreamed	1.46
dwarf	1.46
eighty	1.46
elena	1.46
eligibility	1.46
embraced	1.46
enacted	1.46
endorsement	1.46
enlisted	1.46
eyebrows	1.46
fcc	1.46
finite	1.46
flagship	1.46
forensic	1.46
forthcoming	1.46
gallon	1.46
gems	1.46
glowing	1.46
glucose	1.46
gore	1.46
govt	1.46
gown	1.46
greedy	1.46
halo	1.46
hilton	1.46
ideally	1.46
identifies	1.46
improves	1.46
infamous	1.46
inspirational	1.46
internally	1.46
kashmir	1.46
knox	1.46
lateral	1.46
leigh	1.46
lent	1.46
lib	1.46
lifelong	1.46
limestone	1.46
liner	1.46
majors	1.46
marched	1.46
marrying	1.46
maths	1.46
memes	1.46
mentioning	1.46
merge	1.46
mesh	1.46
migrant	1.46
mohammed	1.46
monitored	1.46
moron	1.46
mortar	1.46
myths	1.46
naive	1.46
nat	1.46
noises	1.46
norton	1.46
noticeable	1.46
nt	1.46
observing	1.46
omar	1.46
opted	1.46
palestinians	1.46
paula	1.46
paypal	1.46
pedro	1.46
pens	1.46
perfume	1.46
pitching	1.46
pleasing	1.46
premiums	1.46
prestige	1.46
protects	1.46
pyramid	1.46
realizes	1.46
relevance	1.46
remotely	1.46
resorts	1.46
retailer	1.46
rica	1.46
rigid	1.46
rita	1.46
rm	1.46
rom	1.46
ronaldo	1.46
sailors	1.46
samantha	1.46
sampling	1.46
screenshot	1.46
selfie	1.46
settlers	1.46
shattered	1.46
signatures	1.46
spacecraft	1.46
specification	1.46
spiders	1.46
splendid	1.46
strokes	1.46
successes	1.46
summers	1.46
sundays	1.46
supplying	1.46
telescope	1.46
temp	1.46
tended	1.46
terminated	1.46
textile	1.46
that'd	1.46
thickness	1.46
threatens	1.46
tossed	1.46
tray	1.46
uae	1.46
ucla	1.46
unreasonable	1.46
unsure	1.46
upwards	1.46
utilize	1.46
valuation	1.46
veterinary	1.46
villagers	1.46
violate	1.46
vivid	1.46
waving	1.46
accusing	1.45
aided	1.45
alexis	1.45
allocation	1.45
americas	1.45
amusement	1.45
antibiotics	1.45
anticipation	1.45
anyone's	1.45
appropriately	1.45
arrests	1.45
arrogant	1.45
assessing	1.45
authorization	1.45
auxiliary	1.45
baggage	1.45
beacon	1.45
bella	1.45
belts	1.45
bounty	1.45
boxer	1.45
briefing	1.45
brook	1.45
budgets	1.45
canterbury	1.45
cartoons	1.45
ceramic	1.45
cereal	1.45
challenger	1.45
chased	1.45
clergy	1.45
coats	1.45
cola	1.45
coma	1.45
comfortably	1.45
commanders	1.45
compass	1.45
considerations	1.45
consultants	1.45
contempt	1.45
contributes	1.45
credentials	1.45
croatia	1.45
cured	1.45
descended	1.45
disappearance	1.45
doyle	1.45
drowned	1.45
drying	1.45
dwelling	1.45
dwight	1.45
ecology	1.45
einstein	1.45
eli	1.45
elliot	1.45
emergence	1.45
enclosed	1.45
endurance	1.45
equals	1.45
erotic	1.45
evacuation	1.45
exceptionally	1.45
exchanged	1.45
expenditure	1.45
falcon	1.45
favors	1.45
fernando	1.45
folder	1.45
frequencies	1.45
frightened	1.45
gavin	1.45
groove	1.45
hbo	1.45
hedge	1.45
homosexuality	1.45
icons	1.45
ingredient	1.45
initiate	1.45
inserted	1.45
interventions	1.45
invaded	1.45
ironically	1.45
istanbul	1.45
jacobs	1.45
jealousy	1.45
jewellery	1.45
joker	1.45
jonas	1.45
kingston	1.45
kisses	1.45
laden	1.45
learns	1.45
limbs	1.45
lionel	1.45
liu	1.45
mccarthy	1.45
medicaid	1.45
meta	1.45
mil	1.45
mit	1.45
newark	1.45
nod	1.45
notebook	1.45
offline	1.45
offs	1.45
overweight	1.45
palette	1.45
payne	1.45
phenomena	1.45
pneumonia	1.45
policeman	1.45
postponed	1.45
potent	1.45
preceding	1.45
predators	1.45
psycho	1.45
rainy	1.45
rams	1.45
ranged	1.45
recognizes	1.45
renovation	1.45
reverend	1.45
rewarding	1.45
rust	1.45
salty	1.45
scots	1.45
scrutiny	1.45
seizure	1.45
serum	1.45
singular	1.45
skate	1.45
sofia	1.45
storyline	1.45
stray	1.45
stud	1.45
subsidies	1.45
sunk	1.45
supper	1.45
sweetheart	1.45
systemic	1.45
tempo	1.45
thereof	1.45
thirsty	1.45
torch	1.45
transferring	1.45
tumblr	1.45
turbo	1.45
unchanged	1.45
understandable	1.45
upright	1.45
uprising	1.45
vain	1.45
vanity	1.45
violin	1.45
wh	1.45
whereby	1.45
whisper	1.45
worthwhile	1.45
xx	1.45
acceleration	1.44
aerospace	1.44
ak	1.44
aluminium	1.44
analog	1.44
analytical	1.44
anticipate	1.44
arcade	1.44
arlington	1.44
arose	1.44
asthma	1.44
aurora	1.44
averaging	1.44
bacterial	1.44
bankrupt	1.44
blink	1.44
brighter	1.44
brother's	1.44
carey	1.44
castro	1.44
ceremonies	1.44
chang	1.44
childish	1.44
chili	1.44
clayton	1.44
clearer	1.44
coil	1.44
combines	1.44
commodities	1.44
confessed	1.44
constituents	1.44
contention	1.44
converting	1.44
covenant	1.44
crafts	1.44
das	1.44
denies	1.44
devotion	1.44
dilemma	1.44
dis	1.44
discoveries	1.44
disgrace	1.44
dixon	1.44
emirates	1.44
emmy	1.44
employing	1.44
employs	1.44
escaping	1.44
ethiopia	1.44
ethnicity	1.44
eventual	1.44
excel	1.44
exercising	1.44
faded	1.44
firstly	1.44
flavour	1.44
flex	1.44
fluids	1.44
franco	1.44
gangs	1.44
gases	1.44
genus	1.44
gloria	1.44
glove	1.44
grabs	1.44
grammy	1.44
grapes	1.44
greed	1.44
greet	1.44
hank	1.44
hose	1.44
hq	1.44
impacted	1.44
imposing	1.44
inflammation	1.44
innovations	1.44
john's	1.44
ko	1.44
lambert	1.44
lamps	1.44
lava	1.44
ln	1.44
longtime	1.44
madonna	1.44
magnet	1.44
mann	1.44
metaphor	1.44
millionaire	1.44
mn	1.44
motives	1.44
myers	1.44
mysteries	1.44
negro	1.44
nightmares	1.44
notify	1.44
null	1.44
ole	1.44
oops	1.44
oriental	1.44
owing	1.44
pact	1.44
paramount	1.44
paranoid	1.44
patriot	1.44
patron	1.44
pearson	1.44
popcorn	1.44
positioning	1.44
preserving	1.44
proxy	1.44
quantitative	1.44
regain	1.44
reminding	1.44
renew	1.44
resemble	1.44
retarded	1.44
retro	1.44
revolt	1.44
rightly	1.44
roasted	1.44
ruining	1.44
rumor	1.44
sacked	1.44
saddle	1.44
schmidt	1.44
schooling	1.44
sherlock	1.44
shirley	1.44
shrine	1.44
shrink	1.44
sniper	1.44
solitary	1.44
sorrow	1.44
squares	1.44
starters	1.44
stoke	1.44
sutton	1.44
talkin	1.44
taller	1.44
termination	1.44
thames	1.44
thigh	1.44
thrive	1.44
tr	1.44
troll	1.44
ty	1.44
uncovered	1.44
undertake	1.44
unpaid	1.44
unsuccessful	1.44
usc	1.44
vest	1.44
vine	1.44
violating	1.44
viruses	1.44
warns	1.44
warranty	1.44
weakened	1.44
windsor	1.44
xxx	1.44
yen	1.44
zimbabwe	1.44
admired	1.43
airways	1.43
aisle	1.43
almighty	1.43
amino	1.43
ants	1.43
apparel	1.43
arbitration	1.43
arising	1.43
artifacts	1.43
ashton	1.43
atom	1.43
auburn	1.43
awakening	1.43
bedrooms	1.43
bilateral	1.43
bleed	1.43
boy's	1.43
brace	1.43
burgers	1.43
caption	1.43
captures	1.43
choke	1.43
cholesterol	1.43
classy	1.43
clicks	1.43
clyde	1.43
compelled	1.43
concealed	1.43
condemn	1.43
confrontation	1.43
constitutes	1.43
contributor	1.43
cpu	1.43
damon	1.43
deluxe	1.43
devastated	1.43
dinosaurs	1.43
disguise	1.43
dismissal	1.43
domains	1.43
downstairs	1.43
empathy	1.43
ensemble	1.43
ernest	1.43
feasible	1.43
flawed	1.43
forged	1.43
generals	1.43
genres	1.43
gettin	1.43
gi	1.43
goats	1.43
grease	1.43
greeks	1.43
guessed	1.43
haiti	1.43
hallway	1.43
harley	1.43
heavens	1.43
helicopters	1.43
homosexual	1.43
hulk	1.43
hydraulic	1.43
impulse	1.43
incapable	1.43
indies	1.43
inflammatory	1.43
insanity	1.43
insecure	1.43
institutes	1.43
integrate	1.43
intentional	1.43
ish	1.43
jeep	1.43
knot	1.43
laboratories	1.43
landscapes	1.43
lebanese	1.43
lecturer	1.43
lust	1.43
marilyn	1.43
markers	1.43
mayo	1.43
michel	1.43
microphone	1.43
miniature	1.43
monks	1.43
motto	1.43
mouths	1.43
murdering	1.43
nationality	1.43
natives	1.43
nottingham	1.43
nw	1.43
obstacle	1.43
occupational	1.43
og	1.43
onset	1.43
owes	1.43
pe	1.43
perceive	1.43
persecution	1.43
petrol	1.43
philosopher	1.43
photographed	1.43
pits	1.43
pixel	1.43
plantation	1.43
presently	1.43
props	1.43
prose	1.43
prostitution	1.43
quoting	1.43
radioactive	1.43
raining	1.43
rang	1.43
razor	1.43
realization	1.43
reconciliation	1.43
removes	1.43
restoring	1.43
reunited	1.43
rocking	1.43
rory	1.43
royals	1.43
rug	1.43
sacrifices	1.43
salvador	1.43
scanning	1.43
screamed	1.43
shaping	1.43
slogan	1.43
specimen	1.43
sponsorship	1.43
steals	1.43
steer	1.43
stefan	1.43
strains	1.43
strawberry	1.43
strive	1.43
sunglasses	1.43
surfing	1.43
tate	1.43
temptation	1.43
thrill	1.43
tile	1.43
tonnes	1.43
tow	1.43
trainers	1.43
translations	1.43
trusting	1.43
turtles	1.43
uc	1.43
unarmed	1.43
undertaking	1.43
unfinished	1.43
unhealthy	1.43
unlawful	1.43
unpopular	1.43
ut	1.43
vanessa	1.43
vanished	1.43
verb	1.43
versa	1.43
viii	1.43
volatile	1.43
voluntarily	1.43
vp	1.43
whitney	1.43
withdrew	1.43
abnormal	1.42
accredited	1.42
accuse	1.42
ada	1.42
adjusting	1.42
ample	1.42
analogy	1.42
analyzing	1.42
apex	1.42
apocalypse	1.42
appliances	1.42
assholes	1.42
baby's	1.42
backward	1.42
badass	1.42
barred	1.42
beck	1.42
bingo	1.42
blogging	1.42
boiler	1.42
bon	1.42
boulder	1.42
brock	1.42
calf	1.42
cambodia	1.42
capt	1.42
cb	1.42
clarence	1.42
coating	1.42
commentators	1.42
consolidation	1.42
continuation	1.42
convictions	1.42
convoy	1.42
cork	1.42
cosmetic	1.42
cubic	1.42
cyprus	1.42
declares	1.42
defeats	1.42
defenses	1.42
dept	1.42
deputies	1.42
descendants	1.42
detector	1.42
digest	1.42
diplomacy	1.42
directive	1.42
disadvantage	1.42
disruption	1.42
distract	1.42
doctor's	1.42
downward	1.42
ebook	1.42
eco	1.42
emphasized	1.42
energetic	1.42
engineered	1.42
fest	1.42
fills	1.42
friction	1.42
fulfilling	1.42
funk	1.42
greatness	1.42
grilled	1.42
guiding	1.42
hackers	1.42
hazardous	1.42
hooker	1.42
hopeless	1.42
hourly	1.42
illustrate	1.42
imo	1.42
impressions	1.42
indirectly	1.42
induction	1.42
infrared	1.42
insists	1.42
instability	1.42
installing	1.42
invites	1.42
irene	1.42
irving	1.42
ja	1.42
jacques	1.42
jong	1.42
klein	1.42
limitation	1.42
linguistic	1.42
listeners	1.42
litter	1.42
ls	1.42
lump	1.42
macro	1.42
mag	1.42
magistrate	1.42
marginal	1.42
masculine	1.42
milestone	1.42
mug	1.42
municipality	1.42
mushrooms	1.42
nd	1.42
ned	1.42
neurons	1.42
ninety	1.42
nutrients	1.42
observatory	1.42
oi	1.42
openings	1.42
outdoors	1.42
pcs	1.42
pedestrian	1.42
penetration	1.42
pod	1.42
posing	1.42
predator	1.42
preferably	1.42
programmed	1.42
projections	1.42
prophecy	1.42
proudly	1.42
rebuilding	1.42
recorder	1.42
recurring	1.42
relaxation	1.42
resembles	1.42
respectable	1.42
respectful	1.42
richer	1.42
rn	1.42
rodriguez	1.42
roma	1.42
romeo	1.42
routinely	1.42
rubbing	1.42
sailed	1.42
salute	1.42
scripts	1.42
scum	1.42
serbia	1.42
severity	1.42
shady	1.42
shutting	1.42
sketches	1.42
slack	1.42
sleeps	1.42
slick	1.42
slowed	1.42
slowing	1.42
sm	1.42
spontaneous	1.42
starred	1.42
stationed	1.42
sticker	1.42
stove	1.42
submissions	1.42
tactic	1.42
tb	1.42
template	1.42
teresa	1.42
texting	1.42
theorem	1.42
theresa	1.42
tiles	1.42
tn	1.42
tore	1.42
tract	1.42
treaties	1.42
tri	1.42
tribune	1.42
undergoing	1.42
unexpectedly	1.42
upward	1.42
val	1.42
vera	1.42
vista	1.42
vogue	1.42
volcanic	1.42
wagner	1.42
wildly	1.42
winding	1.42
acclaimed	1.41
accumulated	1.41
adore	1.41
afc	1.41
akin	1.41
alphabet	1.41
announcements	1.41
appoint	1.41
apprentice	1.41
auckland	1.41
bananas	1.41
baseline	1.41
beasts	1.41
benedict	1.41
beware	1.41
bieber	1.41
bikini	1.41
bisexual	1.41
boulevard	1.41
bracelet	1.41
capsule	1.41
captive	1.41
carr	1.41
cha	1.41
christie	1.41
chronicle	1.41
cinnamon	1.41
comprehend	1.41
compulsory	1.41
confederate	1.41
contaminated	1.41
contamination	1.41
contests	1.41
coping	1.41
corey	1.41
counterpart	1.41
creed	1.41
crisp	1.41
crust	1.41
cutter	1.41
daring	1.41
delegate	1.41
deploy	1.41
dietary	1.41
dissertation	1.41
dividends	1.41
domination	1.41
downloading	1.41
ec	1.41
emission	1.41
ethan	1.41
evaluating	1.41
everton	1.41
expelled	1.41
fin	1.41
fined	1.41
flora	1.41
folding	1.41
fracture	1.41
frances	1.41
functionality	1.41
gamma	1.41
gays	1.41
gaze	1.41
genome	1.41
grains	1.41
grape	1.41
gravel	1.41
haircut	1.41
haired	1.41
hangs	1.41
hastings	1.41
highland	1.41
histories	1.41
honoured	1.41
hugs	1.41
hustle	1.41
hyde	1.41
ia	1.41
idle	1.41
indictment	1.41
insulting	1.41
irregular	1.41
juicy	1.41
jumper	1.41
justices	1.41
kardashian	1.41
leaking	1.41
limb	1.41
mack	1.41
mammals	1.41
manually	1.41
meaningless	1.41
millennium	1.41
misunderstanding	1.41
modelling	1.41
modules	1.41
moody	1.41
nam	1.41
needles	1.41
noodles	1.41
offender	1.41
oracle	1.41
overlap	1.41
patrons	1.41
pd	1.41
peek	1.41
pentagon	1.41
peters	1.41
petersburg	1.41
pokémon	1.41
porsche	1.41
pos	1.41
pottery	1.41
prairie	1.41
prank	1.41
premature	1.41
psychiatrist	1.41
quad	1.41
quartz	1.41
quitting	1.41
rb	1.41
residency	1.41
resolutions	1.41
responsive	1.41
richest	1.41
roar	1.41
ronnie	1.41
rooney	1.41
rot	1.41
rulers	1.41
salem	1.41
sank	1.41
santos	1.41
sb	1.41
seahawks	1.41
sidney	1.41
sleeves	1.41
songwriter	1.41
sophia	1.41
spear	1.41
spies	1.41
stain	1.41
stella	1.41
stimulation	1.41
stranded	1.41
stretches	1.41
stylish	1.41
subs	1.41
sur	1.41
tasted	1.41
technician	1.41
temples	1.41
tidal	1.41
transcript	1.41
treasures	1.41
trench	1.41
trousers	1.41
unwilling	1.41
uruguay	1.41
utc	1.41
validity	1.41
variants	1.41
varsity	1.41
verification	1.41
vows	1.41
vulnerability	1.41
wesley	1.41
whichever	1.41
whipped	1.41
who've	1.41
wo	1.41
wrath	1.41
yuan	1.41
zen	1.41
abuses	1.40
accomplishment	1.40
acquisitions	1.40
aide	1.40
allegiance	1.40
apt	1.40
attracting	1.40
avatar	1.40
bali	1.40
bangalore	1.40
bans	1.40
battling	1.40
beads	1.40
beverage	1.40
blaze	1.40
brendan	1.40
brent	1.40
broadband	1.40
bullied	1.40
bumper	1.40
butterflies	1.40
carlo	1.40
caves	1.40
chalk	1.40
chilling	1.40
coaster	1.40
coated	1.40
constituency	1.40
contingent	1.40
cornell	1.40
corrections	1.40
costing	1.40
councillor	1.40
cyclists	1.40
daniels	1.40
deprived	1.40
diplomat	1.40
disciplines	1.40
dos	1.40
drained	1.40
eldest	1.40
emphasize	1.40
entirety	1.40
everytime	1.40
exodus	1.40
explosions	1.40
fallout	1.40
feather	1.40
figuring	1.40
financed	1.40
firearm	1.40
fisheries	1.40
flock	1.40
flyers	1.40
footballer	1.40
footsteps	1.40
forestry	1.40
ghetto	1.40
grim	1.40
helpless	1.40
hemisphere	1.40
hides	1.40
housed	1.40
hs	1.40
hyper	1.40
inconvenience	1.40
incorporating	1.40
injected	1.40
insured	1.40
intends	1.40
intervals	1.40
intriguing	1.40
invasive	1.40
ipod	1.40
iq	1.40
irrigation	1.40
ix	1.40
killings	1.40
lastly	1.40
liberties	1.40
lipstick	1.40
macdonald	1.40
manipulate	1.40
mart	1.40
martinez	1.40
meyer	1.40
midlands	1.40
midway	1.40
minors	1.40
moist	1.40
monarch	1.40
monte	1.40
monuments	1.40
mortgages	1.40
mourning	1.40
mu	1.40
mustard	1.40
negatively	1.40
neighbour	1.40
nissan	1.40
norwich	1.40
nothin	1.40
objections	1.40
patterson	1.40
persona	1.40
plaque	1.40
pls	1.40
plymouth	1.40
poetic	1.40
preach	1.40
preaching	1.40
princes	1.40
proposing	1.40
punjab	1.40
purity	1.40
rabbi	1.40
ramsey	1.40
realism	1.40
receipts	1.40
retrieve	1.40
rhodes	1.40
ri	1.40
scheduling	1.40
scoop	1.40
scotch	1.40
scrub	1.40
separating	1.40
sewing	1.40
shale	1.40
shin	1.40
shootings	1.40
simplified	1.40
slipping	1.40
smartphones	1.40
sol	1.40
solicitor	1.40
sophomore	1.40
spreads	1.40
squadron	1.40
squirrel	1.40
stalin	1.40
stickers	1.40
stigma	1.40
strengthened	1.40
taco	1.40
takeover	1.40
taliban	1.40
tapped	1.40
thor	1.40
thumbs	1.40
tinder	1.40
titan	1.40
trait	1.40
traitor	1.40
troop	1.40
truths	1.40
underestimate	1.40
uni	1.40
updating	1.40
urges	1.40
wallpaper	1.40
wasnt	1.40
watt	1.40
weighs	1.40
willis	1.40
willow	1.40
addict	1.39
ale	1.39
api	1.39
archaeological	1.39
assistants	1.39
az	1.39
banging	1.39
bathing	1.39
bending	1.39
bengal	1.39
betrayal	1.39
boiled	1.39
bonding	1.39
bounds	1.39
breeds	1.39
britain's	1.39
byron	1.39
cardiovascular	1.39
chic	1.39
clone	1.39
clusters	1.39
communal	1.39
compliments	1.39
consortium	1.39
controllers	1.39
copying	1.39
countdown	1.39
courier	1.39
danced	1.39
dd	1.39
debating	1.39
decreasing	1.39
defect	1.39
disastrous	1.39
displaying	1.39
drown	1.39
drummer	1.39
durable	1.39
efficacy	1.39
erik	1.39
erin	1.39
exaggerated	1.39
exclusion	1.39
exhibitions	1.39
exploited	1.39
extracted	1.39
faults	1.39
filipino	1.39
flashing	1.39
freelance	1.39
gerard	1.39
gin	1.39
girlfriends	1.39
granting	1.39
greeting	1.39
hawaiian	1.39
headaches	1.39
honeymoon	1.39
ignition	1.39
impaired	1.39
incomes	1.39
investigative	1.39
ir	1.39
jewel	1.39
jupiter	1.39
leonardo	1.39
manifest	1.39
mans	1.39
marx	1.39
mets	1.39
mourinho	1.39
mutually	1.39
navigate	1.39
o'neill	1.39
obese	1.39
outreach	1.39
overlooking	1.39
pandemic	1.39
passages	1.39
perceptions	1.39
perimeter	1.39
pike	1.39
piper	1.39
preacher	1.39
preceded	1.39
procurement	1.39
protector	1.39
pulp	1.39
rabbits	1.39
ransom	1.39
recruits	1.39
reel	1.39
refs	1.39
reg	1.39
rehearsal	1.39
reinforce	1.39
restart	1.39
revive	1.39
rigorous	1.39
ringing	1.39
rna	1.39
scarf	1.39
scenery	1.39
selections	1.39
sensory	1.39
shelters	1.39
sidewalk	1.39
skeptical	1.39
skype	1.39
sleepy	1.39
smoothly	1.39
speeding	1.39
staple	1.39
steelers	1.39
stereotypes	1.39
stirring	1.39
strand	1.39
stunned	1.39
suppression	1.39
sushi	1.39
suspend	1.39
sw	1.39
swelling	1.39
tails	1.39
terminology	1.39
theatrical	1.39
timer	1.39
travellers	1.39
trustee	1.39
turnout	1.39
tying	1.39
unanimous	1.39
unpredictable	1.39
urging	1.39
validation	1.39
vengeance	1.39
verizon	1.39
visually	1.39
waits	1.39
wakes	1.39
weighted	1.39
wii	1.39
xl	1.39
zhang	1.39
acc	1.38
activism	1.38
advent	1.38
airborne	1.38
alas	1.38
astonishing	1.38
aww	1.38
bakery	1.38
barracks	1.38
bart	1.38
bathrooms	1.38
baths	1.38
believer	1.38
benefited	1.38
blankets	1.38
borne	1.38
brokers	1.38
bunker	1.38
caffeine	1.38
capped	1.38
carlton	1.38
chaotic	1.38
chargers	1.38
cite	1.38
classrooms	1.38
commentator	1.38
commercially	1.38
confirming	1.38
confuse	1.38
contributors	1.38
copenhagen	1.38
cosmetics	1.38
coward	1.38
dammit	1.38
dell	1.38
dent	1.38
depart	1.38
destroys	1.38
detectives	1.38
diminished	1.38
disappears	1.38
disappoint	1.38
dl	1.38
dolphin	1.38
dove	1.38
dumping	1.38
dunn	1.38
dusty	1.38
embracing	1.38
enduring	1.38
enlightenment	1.38
fibre	1.38
finnish	1.38
fixture	1.38
focal	1.38
friendships	1.38
frightening	1.38
fucker	1.38
gala	1.38
gardening	1.38
garrett	1.38
garrison	1.38
gears	1.38
generates	1.38
gladly	1.38
goodwill	1.38
govern	1.38
gradual	1.38
greetings	1.38
groceries	1.38
hacker	1.38
hal	1.38
harness	1.38
hashtag	1.38
hassan	1.38
heartbeat	1.38
heh	1.38
highlighting	1.38
holt	1.38
honourable	1.38
illnesses	1.38
imminent	1.38
inaugural	1.38
insulation	1.38
intern	1.38
irresponsible	1.38
jakarta	1.38
johannesburg	1.38
judith	1.38
kathy	1.38
lag	1.38
lays	1.38
lenders	1.38
lg	1.38
locality	1.38
lure	1.38
malicious	1.38
mattress	1.38
meredith	1.38
merged	1.38
merits	1.38
mist	1.38
mole	1.38
molecule	1.38
monarchy	1.38
mormon	1.38
muscular	1.38
neutrality	1.38
nikki	1.38
noisy	1.38
notre	1.38
orgasm	1.38
otto	1.38
panties	1.38
parcel	1.38
partition	1.38
peculiar	1.38
penguins	1.38
prayed	1.38
prefers	1.38
proposes	1.38
proprietary	1.38
prostate	1.38
protagonist	1.38
punching	1.38
puppies	1.38
rafael	1.38
randall	1.38
rant	1.38
rash	1.38
realities	1.38
recalls	1.38
receivers	1.38
referenced	1.38
reflections	1.38
rejects	1.38
replica	1.38
representations	1.38
reside	1.38
richie	1.38
ripe	1.38
rituals	1.38
riverside	1.38
roberto	1.38
rodney	1.38
rp	1.38
sac	1.38
sacrificed	1.38
sane	1.38
savior	1.38
scenic	1.38
sip	1.38
slapped	1.38
snail	1.38
somalia	1.38
spotify	1.38
spun	1.38
statistically	1.38
stimulate	1.38
strangely	1.38
surveyed	1.38
susceptible	1.38
theodore	1.38
thighs	1.38
tipped	1.38
toby	1.38
toilets	1.38
torres	1.38
translates	1.38
translator	1.38
transmit	1.38
trophies	1.38
ts	1.38
tuning	1.38
tutor	1.38
unsafe	1.38
verge	1.38
vibrant	1.38
wander	1.38
wong	1.38
xp	1.38
yeast	1.38
abdul	1.37
absorption	1.37
accelerate	1.37
acne	1.37
advertise	1.37
alzheimer's	1.37
apologise	1.37
aspirations	1.37
assassin	1.37
assign	1.37
aston	1.37
audi	1.37
backlash	1.37
balloons	1.37
bbq	1.37
believers	1.37
blockchain	1.37
bonnie	1.37
brewery	1.37
bulb	1.37
cardboard	1.37
casually	1.37
chartered	1.37
chew	1.37
circumstance	1.37
cliffs	1.37
collateral	1.37
congestion	1.37
conquered	1.37
courtney	1.37
creditors	1.37
criticised	1.37
criticisms	1.37
crossover	1.37
crunch	1.37
curtains	1.37
daytime	1.37
debbie	1.37
deliveries	1.37
demise	1.37
dependence	1.37
deutsche	1.37
dictator	1.37
diets	1.37
differs	1.37
digits	1.37
dime	1.37
dire	1.37
disagreement	1.37
disciples	1.37
disregard	1.37
distributor	1.37
dominion	1.37
downhill	1.37
drafting	1.37
dreadful	1.37
drunken	1.37
earnest	1.37
eng	1.37
erase	1.37
evacuated	1.37
exp	1.37
extinct	1.37
forbid	1.37
forgiven	1.37
freezer	1.37
genetically	1.37
greeted	1.37
hare	1.37
healed	1.37
herein	1.37
hoffman	1.37
honorary	1.37
immature	1.37
imperative	1.37
ineffective	1.37
interacting	1.37
jerome	1.37
jess	1.37
julius	1.37
knit	1.37
kumar	1.37
kuwait	1.37
laps	1.37
lester	1.37
manly	1.37
marvin	1.37
maternity	1.37
meanings	1.37
misconduct	1.37
morale	1.37
mornings	1.37
mute	1.37
needless	1.37
nerd	1.37
nokia	1.37
nominees	1.37
notifications	1.37
novelty	1.37
optimism	1.37
optimization	1.37
outdated	1.37
oxide	1.37
paints	1.37
peasants	1.37
pence	1.37
peppers	1.37
percy	1.37
perez	1.37
peripheral	1.37
pinned	1.37
pint	1.37
pleaded	1.37
poop	1.37
pornography	1.37
ppl	1.37
prepares	1.37
prevalence	1.37
proceeding	1.37
pronounce	1.37
proportions	1.37
provisional	1.37
punches	1.37
ravens	1.37
reddit	1.37
remark	1.37
repay	1.37
roland	1.37
ropes	1.37
rouge	1.37
rumours	1.37
russia's	1.37
santiago	1.37
saturated	1.37
scares	1.37
screened	1.37
shaved	1.37
shooters	1.37
shove	1.37
skipped	1.37
smashing	1.37
sms	1.37
snaps	1.37
soaked	1.37
softball	1.37
southeastern	1.37
spears	1.37
specials	1.37
spectators	1.37
spur	1.37
stevie	1.37
storytelling	1.37
stumbled	1.37
stupidity	1.37
suppress	1.37
sweating	1.37
swings	1.37
tangible	1.37
tara	1.37
textbooks	1.37
theo	1.37
tilt	1.37
tonight's	1.37
tougher	1.37
trivial	1.37
turks	1.37
unofficial	1.37
veil	1.37
versatile	1.37
warsaw	1.37
wed	1.37
wr	1.37
yi	1.37
zoe	1.37
à	1.37
acknowledging	1.36
alec	1.36
anthropology	1.36
apple's	1.36
artery	1.36
bamboo	1.36
basil	1.36
blackberry	1.36
bolton	1.36
bombay	1.36
booze	1.36
brennan	1.36
bronx	1.36
buzzing	1.36
caliber	1.36
cbd	1.36
cellphone	1.36
chord	1.36
clare	1.36
concessions	1.36
contracting	1.36
cooks	1.36
corporal	1.36
courtyard	1.36
crafted	1.36
crest	1.36
crowned	1.36
cynthia	1.36
dang	1.36
deception	1.36
decor	1.36
defeating	1.36
derivative	1.36
discomfort	1.36
dominican	1.36
drastically	1.36
driveway	1.36
duel	1.36
edwin	1.36
elf	1.36
ev	1.36
evenly	1.36
exemption	1.36
fashionable	1.36
fetch	1.36
fishermen	1.36
flipped	1.36
fo	1.36
formidable	1.36
frankie	1.36
furnished	1.36
fuzzy	1.36
gibbs	1.36
gmt	1.36
gothic	1.36
graffiti	1.36
grenade	1.36
guitars	1.36
hague	1.36
hamlet	1.36
hampton	1.36
hc	1.36
helm	1.36
herbs	1.36
herman	1.36
higgins	1.36
highlands	1.36
honours	1.36
hooks	1.36
hrs	1.36
html	1.36
hugely	1.36
hypocrisy	1.36
imagining	1.36
inaccurate	1.36
inception	1.36
incompetent	1.36
indefinitely	1.36
intervene	1.36
japan's	1.36
jerseys	1.36
jessie	1.36
jp	1.36
jules	1.36
katy	1.36
kin	1.36
kirby	1.36
kobe	1.36
kris	1.36
laurie	1.36
legislators	1.36
lobster	1.36
logged	1.36
loneliness	1.36
loops	1.36
mae	1.36
malaria	1.36
manifesto	1.36
manuscripts	1.36
masked	1.36
maze	1.36
methodist	1.36
monaco	1.36
monastery	1.36
morals	1.36
mutations	1.36
naomi	1.36
narrowly	1.36
negligence	1.36
nexus	1.36
nicer	1.36
nightclub	1.36
numerical	1.36
obsolete	1.36
offences	1.36
optic	1.36
panda	1.36
panther	1.36
paul's	1.36
peas	1.36
perkins	1.36
posture	1.36
prague	1.36
preseason	1.36
qaeda	1.36
raging	1.36
rc	1.36
receptors	1.36
refresh	1.36
resonance	1.36
ruthless	1.36
salvage	1.36
samurai	1.36
sasha	1.36
satire	1.36
saul	1.36
seafood	1.36
shakes	1.36
signaling	1.36
simplest	1.36
slash	1.36
spaghetti	1.36
speedy	1.36
spying	1.36
staging	1.36
standpoint	1.36
statues	1.36
stein	1.36
sway	1.36
tasting	1.36
tempting	1.36
terminate	1.36
torque	1.36
towels	1.36
trailers	1.36
transforming	1.36
trinidad	1.36
uk's	1.36
unconstitutional	1.36
undermine	1.36
underwent	1.36
vacancy	1.36
var	1.36
veto	1.36
villains	1.36
vocational	1.36
wenger	1.36
wickets	1.36
withstand	1.36
woodland	1.36
zinc	1.36
accustomed	1.35
adequately	1.35
ahmad	1.35
alicia	1.35
amazingly	1.35
ambitions	1.35
applicant	1.35
approximate	1.35
assemble	1.35
averages	1.35
baghdad	1.35
ballots	1.35
bam	1.35
bargaining	1.35
barrett	1.35
bates	1.35
baton	1.35
beginnings	1.35
births	1.35
breakup	1.35
brew	1.35
bulldogs	1.35
camel	1.35
canberra	1.35
catering	1.35
charger	1.35
checkout	1.35
chefs	1.35
chronicles	1.35
chunk	1.35
classmates	1.35
coca	1.35
cocoa	1.35
comet	1.35
compartment	1.35
compositions	1.35
conditioned	1.35
contestants	1.35
cooled	1.35
corpus	1.35
coupons	1.35
cove	1.35
cozy	1.35
culturally	1.35
currents	1.35
deficiency	1.35
deported	1.35
deposited	1.35
derivatives	1.35
deserted	1.35
dictatorship	1.35
disrespectful	1.35
dread	1.35
dub	1.35
dummy	1.35
ecuador	1.35
edmonton	1.35
electorate	1.35
enhancing	1.35
entertained	1.35
erosion	1.35
explores	1.35
expo	1.35
favourites	1.35
fibers	1.35
fitzgerald	1.35
flank	1.35
flare	1.35
fleeing	1.35
flirting	1.35
forex	1.35
gallons	1.35
gamers	1.35
generators	1.35
geoffrey	1.35
goodnight	1.35
gus	1.35
handmade	1.35
hartford	1.35
hawkins	1.35
hazards	1.35
hostages	1.35
icc	1.35
incidence	1.35
intimacy	1.35
italians	1.35
jul	1.35
kat	1.35
kerr	1.35
kitten	1.35
knicks	1.35
koch	1.35
lagos	1.35
lan	1.35
lender	1.35
leone	1.35
lever	1.35
lisbon	1.35
lu	1.35
marketed	1.35
marty	1.35
mileage	1.35
morton	1.35
multiplayer	1.35
municipalities	1.35
mutant	1.35
mutation	1.35
mythology	1.35
neal	1.35
neon	1.35
nile	1.35
nolan	1.35
northeastern	1.35
noticing	1.35
nun	1.35
nutritional	1.35
ow	1.35
pathways	1.35
pedal	1.35
pest	1.35
pillar	1.35
pitches	1.35
plausible	1.35
pledged	1.35
poly	1.35
polymer	1.35
precipitation	1.35
prosecutors	1.35
protections	1.35
pup	1.35
quarantine	1.35
query	1.35
raf	1.35
rallies	1.35
rapids	1.35
reacted	1.35
restraint	1.35
rests	1.35
retains	1.35
revived	1.35
rift	1.35
romney	1.35
russ	1.35
salesman	1.35
scarlet	1.35
screws	1.35
sensing	1.35
serena	1.35
sewer	1.35
shipments	1.35
shits	1.35
smack	1.35
sonny	1.35
southwestern	1.35
spared	1.35
spokesperson	1.35
stalking	1.35
standardized	1.35
stitch	1.35
substrate	1.35
sultan	1.35
supremacy	1.35
swallowed	1.35
swell	1.35
symptom	1.35
thanked	1.35
theoretically	1.35
thirst	1.35
transitional	1.35
tuna	1.35
unused	1.35
valleys	1.35
viewpoint	1.35
vinegar	1.35
wards	1.35
warrants	1.35
wig	1.35
accessory	1.34
advisors	1.34
advocating	1.34
affiliation	1.34
aggressively	1.34
align	1.34
allergies	1.34
amnesty	1.34
angus	1.34
anita	1.34
apologized	1.34
assad	1.34
assertion	1.34
astronomy	1.34
atop	1.34
attic	1.34
attracts	1.34
australians	1.34
autobiography	1.34
av	1.34
await	1.34
bastards	1.34
becky	1.34
bing	1.34
bothering	1.34
broadcaster	1.34
buddhism	1.34
buds	1.34
cache	1.34
carmen	1.34
carrots	1.34
cds	1.34
chewing	1.34
clinton's	1.34
coherent	1.34
comfy	1.34
comrades	1.34
conceded	1.34
condo	1.34
conflicting	1.34
conrad	1.34
consulted	1.34
criticize	1.34
crooked	1.34
cultivation	1.34
dads	1.34
decreases	1.34
dicks	1.34
ding	1.34
discontinued	1.34
displacement	1.34
disrespect	1.34
distorted	1.34
divers	1.34
dividing	1.34
dow	1.34
downloads	1.34
drastic	1.34
edible	1.34
edmund	1.34
ella	1.34
emerson	1.34
endorse	1.34
enhancement	1.34
evenings	1.34
fax	1.34
fiat	1.34
fiona	1.34
firefighters	1.34
flick	1.34
fowler	1.34
funky	1.34
gag	1.34
gee	1.34
gigantic	1.34
gill	1.34
groom	1.34
guarded	1.34
guitarist	1.34
halftime	1.34
hamas	1.34
harriet	1.34
hash	1.34
helena	1.34
hogan	1.34
holden	1.34
hydro	1.34
ig	1.34
illustrates	1.34
inactive	1.34
inputs	1.34
inspect	1.34
inspections	1.34
inspectors	1.34
instincts	1.34
interpretations	1.34
je	1.34
jj	1.34
knots	1.34
lana	1.34
laurel	1.34
lawsuits	1.34
leftist	1.34
legitimacy	1.34
linkedin	1.34
lizard	1.34
lyric	1.34
maximize	1.34
morally	1.34
mushroom	1.34
naples	1.34
nigga	1.34
noel	1.34
occupying	1.34
organizers	1.34
owens	1.34
paradox	1.34
peacefully	1.34
periodic	1.34
philly	1.34
plead	1.34
podium	1.34
portray	1.34
practitioner	1.34
pradesh	1.34
progressed	1.34
puck	1.34
ratios	1.34
reconsider	1.34
redskins	1.34
reductions	1.34
refrain	1.34
replaces	1.34
reproduce	1.34
researching	1.34
rigged	1.34
rite	1.34
rum	1.34
safari	1.34
saunders	1.34
scaling	1.34
scorer	1.34
seldom	1.34
shareholder	1.34
simone	1.34
sis	1.34
slams	1.34
slices	1.34
soy	1.34
spilled	1.34
squash	1.34
stacked	1.34
statewide	1.34
stationary	1.34
styled	1.34
subdivision	1.34
succeeding	1.34
sunderland	1.34
surrendered	1.34
tar	1.34
tariffs	1.34
temporal	1.34
tracker	1.34
turbine	1.34
tyson	1.34
unavailable	1.34
universally	1.34
unlucky	1.34
utilizing	1.34
uv	1.34
volunteered	1.34
vomiting	1.34
warden	1.34
warp	1.34
whisky	1.34
who'd	1.34
winters	1.34
womb	1.34
yogurt	1.34
abe	1.33
abolished	1.33
abusing	1.33
algeria	1.33
alpine	1.33
ambient	1.33
aquatic	1.33
argentine	1.33
armored	1.33
assert	1.33
atheist	1.33
balances	1.33
bandwidth	1.33
barbecue	1.33
beforehand	1.33
bipolar	1.33
bladder	1.33
blossom	1.33
body's	1.33
bolts	1.33
bombed	1.33
campaigning	1.33
canned	1.33
captains	1.33
caravan	1.33
carrot	1.33
chanting	1.33
chevrolet	1.33
clive	1.33
compressed	1.33
comprise	1.33
computational	1.33
conceptual	1.33
coolest	1.33
currencies	1.33
damp	1.33
danielle	1.33
databases	1.33
debit	1.33
demolition	1.33
denis	1.33
detailing	1.33
differentiate	1.33
dim	1.33
discouraged	1.33
discovers	1.33
donkey	1.33
doo	1.33
downstream	1.33
earrings	1.33
earthquakes	1.33
ebola	1.33
eg	1.33
elites	1.33
ellie	1.33
empirical	1.33
enlarged	1.33
enzymes	1.33
esther	1.33
everybody's	1.33
fantasies	1.33
faulty	1.33
fertile	1.33
feud	1.33
filmmaker	1.33
formations	1.33
fortunes	1.33
frankfurt	1.33
freedoms	1.33
furnace	1.33
fuse	1.33
fuss	1.33
gale	1.33
gamer	1.33
generosity	1.33
gerry	1.33
gluten	1.33
goodman	1.33
gorilla	1.33
guatemala	1.33
hamburg	1.33
harvested	1.33
hath	1.33
heavyweight	1.33
humane	1.33
humanities	1.33
inflicted	1.33
interviewing	1.33
jedi	1.33
jennings	1.33
journeys	1.33
labelled	1.33
lawful	1.33
lawmakers	1.33
leased	1.33
lena	1.33
loosely	1.33
lord's	1.33
lotus	1.33
luna	1.33
mails	1.33
malik	1.33
mantle	1.33
mascot	1.33
metabolic	1.33
meth	1.33
mf	1.33
midfield	1.33
militant	1.33
missionaries	1.33
mohammad	1.33
nicolas	1.33
nostalgia	1.33
ottoman	1.33
paddy	1.33
paperback	1.33
paved	1.33
pavilion	1.33
peasant	1.33
perks	1.33
philosophers	1.33
pillars	1.33
pointer	1.33
policing	1.33
predicting	1.33
presume	1.33
presumed	1.33
printers	1.33
rapist	1.33
reacting	1.33
rebuilt	1.33
rec	1.33
rectangular	1.33
regulator	1.33
renting	1.33
restructuring	1.33
ridden	1.33
ro	1.33
rudy	1.33
sabotage	1.33
sanctioned	1.33
sarcasm	1.33
savannah	1.33
scans	1.33
seekers	1.33
sentencing	1.33
sexist	1.33
shaving	1.33
shutdown	1.33
sic	1.33
slammed	1.33
snp	1.33
stresses	1.33
suffolk	1.33
surpassed	1.33
swansea	1.33
sweets	1.33
syracuse	1.33
tally	1.33
tehran	1.33
termed	1.33
tha	1.33
thriving	1.33
timed	1.33
tm	1.33
trending	1.33
trolls	1.33
tucked	1.33
tumors	1.33
ui	1.33
unanimously	1.33
undefeated	1.33
unfamiliar	1.33
upgrading	1.33
vale	1.33
valencia	1.33
vastly	1.33
vile	1.33
violently	1.33
wedge	1.33
wisely	1.33
wizards	1.33
wrecked	1.33
yesterday's	1.33
yuri	1.33
adaptive	1.32
addictive	1.32
affinity	1.32
alloy	1.32
apartheid	1.32
arises	1.32
arthritis	1.32
authorised	1.32
ay	1.32
bale	1.32
barton	1.32
beaver	1.32
boasts	1.32
brunswick	1.32
buenos	1.32
caller	1.32
carnegie	1.32
casualty	1.32
cavity	1.32
chap	1.32
cites	1.32
colts	1.32
comforting	1.32
conway	1.32
courthouse	1.32
crank	1.32
cv	1.32
dante	1.32
darn	1.32
deborah	1.32
decks	1.32
diaries	1.32
differing	1.32
disgust	1.32
dispatched	1.32
dissolution	1.32
disturbance	1.32
dog's	1.32
dominic	1.32
doubling	1.32
ee	1.32
emerges	1.32
enclosure	1.32
evangelical	1.32
examinations	1.32
exceeding	1.32
expresses	1.32
exquisite	1.32
factual	1.32
fading	1.32
falsely	1.32
famine	1.32
fares	1.32
feminists	1.32
fiji	1.32
flavors	1.32
fraudulent	1.32
freeway	1.32
freshly	1.32
gazette	1.32
geek	1.32
geo	1.32
granny	1.32
handicap	1.32
hansen	1.32
hmmm	1.32
homage	1.32
homo	1.32
hostility	1.32
hymn	1.32
hypothetical	1.32
informative	1.32
infringement	1.32
internship	1.32
interrupt	1.32
invade	1.32
irritating	1.32
jacksonville	1.32
jasmine	1.32
katrina	1.32
kid's	1.32
knockout	1.32
lantern	1.32
linen	1.32
lookout	1.32
misunderstood	1.32
moonlight	1.32
moose	1.32
mosquito	1.32
motel	1.32
motherfucker	1.32
mueller	1.32
narratives	1.32
nobody's	1.32
noun	1.32
novelist	1.32
nsfw	1.32
oaks	1.32
omaha	1.32
onwards	1.32
overthrow	1.32
paradigm	1.32
pavement	1.32
payday	1.32
perpetual	1.32
pga	1.32
physiology	1.32
pigeon	1.32
plateau	1.32
playlist	1.32
plc	1.32
possesses	1.32
possessing	1.32
precinct	1.32
premiership	1.32
presentations	1.32
proliferation	1.32
prosecuted	1.32
pseudo	1.32
pudding	1.32
reformed	1.32
refrigerator	1.32
regeneration	1.32
regina	1.32
remembrance	1.32
reminiscent	1.32
reps	1.32
resentment	1.32
resin	1.32
resisted	1.32
rosie	1.32
rotary	1.32
rupert	1.32
rusty	1.32
scarce	1.32
sibling	1.32
simulator	1.32
sl	1.32
slippery	1.32
slips	1.32
snyder	1.32
soak	1.32
sock	1.32
sorting	1.32
spectacle	1.32
stint	1.32
storey	1.32
suicidal	1.32
suv	1.32
symposium	1.32
tabs	1.32
tailor	1.32
terminals	1.32
thrilling	1.32
tottenham	1.32
toughest	1.32
trajectory	1.32
triggers	1.32
tt	1.32
underrated	1.32
unidentified	1.32
unrest	1.32
unseen	1.32
utmost	1.32
waiter	1.32
weary	1.32
wiki	1.32
wills	1.32
willy	1.32
wimbledon	1.32
witches	1.32
wwii	1.32
youths	1.32
accusation	1.31
adapter	1.31
adjustable	1.31
adulthood	1.31
advisers	1.31
advocated	1.31
affiliates	1.31
agony	1.31
allergy	1.31
armenian	1.31
astronaut	1.31
attain	1.31
attendant	1.31
authenticity	1.31
avery	1.31
backstage	1.31
banners	1.31
bedford	1.31
benchmark	1.31
benghazi	1.31
benny	1.31
benson	1.31
beverages	1.31
binge	1.31
biscuits	1.31
bloc	1.31
bouncing	1.31
bourbon	1.31
breaker	1.31
breathtaking	1.31
browsing	1.31
brutality	1.31
bumps	1.31
calculus	1.31
cancers	1.31
capitals	1.31
careless	1.31
caste	1.31
cellar	1.31
cerebral	1.31
champs	1.31
chant	1.31
cheerful	1.31
cinematic	1.31
climax	1.31
clippers	1.31
cockpit	1.31
cocktails	1.31
colon	1.31
communion	1.31
condom	1.31
consul	1.31
contender	1.31
crimson	1.31
crypto	1.31
cultivated	1.31
curly	1.31
debated	1.31
degradation	1.31
devil's	1.31
dexter	1.31
disappearing	1.31
discs	1.31
distributors	1.31
duh	1.31
dundee	1.31
elaine	1.31
electrons	1.31
emerald	1.31
ensures	1.31
equilibrium	1.31
europa	1.31
evelyn	1.31
evidently	1.31
exhausting	1.31
extras	1.31
famed	1.31
fargo	1.31
fascinated	1.31
fences	1.31
fetus	1.31
flaw	1.31
flawless	1.31
fooled	1.31
forrest	1.31
gigs	1.31
grad	1.31
granddaughter	1.31
gymnastics	1.31
hale	1.31
helmets	1.31
hercules	1.31
hereby	1.31
honduras	1.31
hotter	1.31
humorous	1.31
ignores	1.31
incurred	1.31
indications	1.31
indoors	1.31
intercourse	1.31
interestingly	1.31
isaiah	1.31
isolate	1.31
israel's	1.31
jurisdictions	1.31
kathleen	1.31
kendall	1.31
knocks	1.31
lancashire	1.31
lawson	1.31
lesbians	1.31
lindsey	1.31
listens	1.31
london's	1.31
mailing	1.31
manipulated	1.31
mao	1.31
mare	1.31
marxist	1.31
meadow	1.31
meadows	1.31
ministries	1.31
motivate	1.31
mound	1.31
muddy	1.31
mystic	1.31
ness	1.31
nominal	1.31
norris	1.31
o'connor	1.31
ohh	1.31
ordinance	1.31
osborne	1.31
oscars	1.31
outlines	1.31
pairing	1.31
pam	1.31
parsons	1.31
pertaining	1.31
poke	1.31
poorer	1.31
portsmouth	1.31
praising	1.31
pres	1.31
presbyterian	1.31
prick	1.31
prolific	1.31
proportional	1.31
prosperous	1.31
quarry	1.31
referral	1.31
repost	1.31
respecting	1.31
restless	1.31
rugged	1.31
sammy	1.31
sap	1.31
sarcastic	1.31
scholarly	1.31
segregation	1.31
seymour	1.31
shaken	1.31
sheikh	1.31
sheriff's	1.31
shines	1.31
sinclair	1.31
sinister	1.31
stared	1.31
strait	1.31
suppressed	1.31
sylvia	1.31
teamed	1.31
tents	1.31
testosterone	1.31
thicker	1.31
tis	1.31
town's	1.31
ventilation	1.31
viking	1.31
weaver	1.31
weber	1.31
wes	1.31
williamson	1.31
yankee	1.31
yarn	1.31
abide	1.30
accumulation	1.30
admiration	1.30
aesthetics	1.30
aj	1.30
altering	1.30
anton	1.30
archie	1.30
asserted	1.30
attacker	1.30
augusta	1.30
authoritarian	1.30
avail	1.30
bahrain	1.30
banquet	1.30
barker	1.30
behaved	1.30
bentley	1.30
benz	1.30
billed	1.30
billing	1.30
booty	1.30
brackets	1.30
bravery	1.30
brit	1.30
browse	1.30
brutally	1.30
buff	1.30
calorie	1.30
cdc	1.30
chamberlain	1.30
cis	1.30
claw	1.30
collects	1.30
coloring	1.30
commence	1.30
compatibility	1.30
conditional	1.30
congratulate	1.30
constructing	1.30
converts	1.30
coordinating	1.30
cortex	1.30
courageous	1.30
crawling	1.30
crusade	1.30
cynical	1.30
damascus	1.30
devised	1.30
discarded	1.30
disrupt	1.30
donating	1.30
donovan	1.30
drills	1.30
duplicate	1.30
dynamite	1.30
echoes	1.30
economical	1.30
elastic	1.30
empowered	1.30
examines	1.30
exceeds	1.30
exposition	1.30
fart	1.30
fearing	1.30
fetish	1.30
fixes	1.30
fla	1.30
fluffy	1.30
fundamentals	1.30
fundraiser	1.30
funniest	1.30
fx	1.30
gadgets	1.30
gaga	1.30
garment	1.30
geometric	1.30
gestures	1.30
goldman	1.30
google's	1.30
gracious	1.30
grin	1.30
gta	1.30
halifax	1.30
hanna	1.30
happiest	1.30
heap	1.30
highs	1.30
hum	1.30
humility	1.30
impeachment	1.30
inherently	1.30
insults	1.30
inventor	1.30
isa	1.30
jailed	1.30
jasper	1.30
jewels	1.30
juliet	1.30
karachi	1.30
kickstarter	1.30
kurdish	1.30
leopard	1.30
librarian	1.30
lobbying	1.30
lumber	1.30
lydia	1.30
mackenzie	1.30
madam	1.30
marital	1.30
mayer	1.30
meds	1.30
mis	1.30
mma	1.30
multitude	1.30
muse	1.30
nanny	1.30
nineteen	1.30
nipples	1.30
nucleus	1.30
oc	1.30
orbital	1.30
organism	1.30
outgoing	1.30
overhaul	1.30
pancakes	1.30
pas	1.30
patriotism	1.30
periodically	1.30
piles	1.30
player's	1.30
plumbing	1.30
poppy	1.30
pratt	1.30
precautions	1.30
predecessors	1.30
protested	1.30
raced	1.30
raleigh	1.30
readiness	1.30
redundant	1.30
regulators	1.30
rejecting	1.30
remarked	1.30
resemblance	1.30
rested	1.30
rib	1.30
rods	1.30
roth	1.30
sacks	1.30
seizures	1.30
sermon	1.30
shes	1.30
sister's	1.30
slender	1.30
sloppy	1.30
smith's	1.30
snapchat	1.30
socialists	1.30
societal	1.30
soviets	1.30
spec	1.30
sponge	1.30
steele	1.30
sucker	1.30
suns	1.30
superiority	1.30
supervised	1.30
surreal	1.30
tease	1.30
tendencies	1.30
tiffany	1.30
titanic	1.30
tomorrow's	1.30
transitions	1.30
transmitter	1.30
transporting	1.30
typhoon	1.30
unreal	1.30
upheld	1.30
vaccination	1.30
valerie	1.30
valves	1.30
vampires	1.30
vibration	1.30
vitamins	1.30
wartime	1.30
weakest	1.30
wicket	1.30
winnipeg	1.30
worcester	1.30
zurich	1.30
abdominal	1.29
adolescent	1.29
advertisers	1.29
airing	1.29
announcer	1.29
awaited	1.29
baba	1.29
backdrop	1.29
bae	1.29
beau	1.29
begged	1.29
blackout	1.29
bluff	1.29
bollywood	1.29
brushes	1.29
bushes	1.29
cartel	1.29
casts	1.29
catastrophic	1.29
caucus	1.29
charcoal	1.29
cheesy	1.29
cheryl	1.29
choking	1.29
cindy	1.29
citrus	1.29
clad	1.29
clocks	1.29
coached	1.29
coded	1.29
columnist	1.29
competence	1.29
condolences	1.29
constituent	1.29
constituted	1.29
contacting	1.29
contagious	1.29
contexts	1.29
conveniently	1.29
courtroom	1.29
cushion	1.29
cyclist	1.29
darkest	1.29
diaz	1.29
dictate	1.29
directs	1.29
discounted	1.29
distributing	1.29
dnc	1.29
dominating	1.29
doris	1.29
dorm	1.29
drafts	1.29
drip	1.29
duct	1.29
eccentric	1.29
educating	1.29
electro	1.29
electromagnetic	1.29
emblem	1.29
endured	1.29
ew	1.29
expands	1.29
fabrics	1.29
facto	1.29
falcons	1.29
fascism	1.29
fats	1.29
fearful	1.29
festive	1.29
film's	1.29
flyer	1.29
forecasts	1.29
foreman	1.29
framing	1.29
gallagher	1.29
geared	1.29
geoff	1.29
george's	1.29
giles	1.29
gina	1.29
glacier	1.29
gomez	1.29
gs	1.29
hindus	1.29
hu	1.29
hunted	1.29
hurricanes	1.29
implying	1.29
improper	1.29
influx	1.29
informing	1.29
installment	1.29
isles	1.29
jen	1.29
judaism	1.29
keller	1.29
kernel	1.29
kung	1.29
larvae	1.29
lexington	1.29
liaison	1.29
lima	1.29
mary's	1.29
memoirs	1.29
miner	1.29
mk	1.29
mosaic	1.29
mustang	1.29
mw	1.29
n't	1.29
needy	1.29
nichols	1.29
offenses	1.29
optics	1.29
orphan	1.29
passions	1.29
patient's	1.29
patty	1.29
peyton	1.29
pies	1.29
pineapple	1.29
pissing	1.29
plaintiffs	1.29
plastics	1.29
poisoned	1.29
potassium	1.29
priceless	1.29
projecting	1.29
prostitute	1.29
reflective	1.29
rents	1.29
residing	1.29
resilience	1.29
resisting	1.29
romanian	1.29
roofs	1.29
rotate	1.29
royce	1.29
sans	1.29
saxon	1.29
scissors	1.29
seaside	1.29
semitic	1.29
shampoo	1.29
shaun	1.29
shri	1.29
silently	1.29
similarity	1.29
smelling	1.29
socio	1.29
stabbing	1.29
staircase	1.29
stamped	1.29
steroids	1.29
stitches	1.29
subsidiaries	1.29
swipe	1.29
tang	1.29
tango	1.29
telecom	1.29
tighter	1.29
tolerant	1.29
touchdowns	1.29
toxicity	1.29
trumpet	1.29
tuberculosis	1.29
ukip	1.29
undergone	1.29
willingly	1.29
woah	1.29
wrapping	1.29
youthful	1.29
accents	1.28
adhere	1.28
adidas	1.28
advising	1.28
affirmative	1.28
agnes	1.28
alarms	1.28
alliances	1.28
alma	1.28
ambiguous	1.28
archaeology	1.28
arse	1.28
attained	1.28
aus	1.28
autopsy	1.28
baltic	1.28
berries	1.28
blitz	1.28
blockade	1.28
bosnia	1.28
brightness	1.28
bruins	1.28
brushed	1.28
burma	1.28
calculating	1.28
campuses	1.28
cartridge	1.28
cashier	1.28
cigar	1.28
circa	1.28
citations	1.28
claudia	1.28
cloak	1.28
cologne	1.28
colombian	1.28
colt	1.28
combustion	1.28
comprehension	1.28
concession	1.28
condoms	1.28
crescent	1.28
crises	1.28
criticizing	1.28
defective	1.28
denise	1.28
deportation	1.28
deserving	1.28
discourage	1.28
disgusted	1.28
disposable	1.28
distressed	1.28
dover	1.28
dumbass	1.28
dungeon	1.28
dwell	1.28
edison	1.28
edith	1.28
enforcing	1.28
entrepreneurship	1.28
eps	1.28
erie	1.28
essentials	1.28
fasting	1.28
fiery	1.28
finalists	1.28
flipping	1.28
flux	1.28
fueled	1.28
gc	1.28
georgetown	1.28
gimme	1.28
goofy	1.28
hai	1.28
hancock	1.28
handwriting	1.28
hassle	1.28
heartbreaking	1.28
hector	1.28
hicks	1.28
hobbies	1.28
hog	1.28
homeowners	1.28
ibrahim	1.28
immensely	1.28
inauguration	1.28
incorrectly	1.28
ind	1.28
indicative	1.28
inexpensive	1.28
instructors	1.28
intercept	1.28
intuitive	1.28
invent	1.28
irwin	1.28
isabel	1.28
jamaican	1.28
jockey	1.28
jolly	1.28
jorge	1.28
ju	1.28
kazakhstan	1.28
kenyan	1.28
landlords	1.28
latitude	1.28
lea	1.28
libertarian	1.28
luxembourg	1.28
majestic	1.28
mariners	1.28
mastered	1.28
mastery	1.28
mats	1.28
mccoy	1.28
metropolis	1.28
mohamed	1.28
mummy	1.28
neville	1.28
nominate	1.28
np	1.28
offend	1.28
oo	1.28
orchard	1.28
organizer	1.28
outraged	1.28
overdose	1.28
pamela	1.28
paragraphs	1.28
parallels	1.28
parameter	1.28
passwords	1.28
pathology	1.28
peggy	1.28
piercing	1.28
plotting	1.28
poisonous	1.28
pounding	1.28
pretended	1.28
procession	1.28
purge	1.28
reacts	1.28
relocation	1.28
rhino	1.28
riches	1.28
ripping	1.28
rosemary	1.28
rubbed	1.28
sandstone	1.28
sanitation	1.28
satisfactory	1.28
scooter	1.28
sculptures	1.28
season's	1.28
secrecy	1.28
seeded	1.28
separates	1.28
sergio	1.28
shameful	1.28
shortest	1.28
sid	1.28
skipping	1.28
skirts	1.28
sliced	1.28
soils	1.28
springer	1.28
staples	1.28
stokes	1.28
storing	1.28
summed	1.28
supervisors	1.28
sweetie	1.28
swollen	1.28
tanzania	1.28
technicians	1.28
tor	1.28
transformers	1.28
traveler	1.28
tunisia	1.28
umm	1.28
unauthorized	1.28
undo	1.28
unnamed	1.28
upsetting	1.28
vans	1.28
venom	1.28
victorious	1.28
vines	1.28
visuals	1.28
wary	1.28
watering	1.28
wellness	1.28
whispers	1.28
windy	1.28
winger	1.28
wordpress	1.28
wraps	1.28
youngsters	1.28
abby	1.27
abdomen	1.27
abducted	1.27
abruptly	1.27
aha	1.27
aleppo	1.27
alerts	1.27
alps	1.27
amidst	1.27
antarctic	1.27
antibodies	1.27
aquarium	1.27
armenia	1.27
aspiring	1.27
asteroid	1.27
band's	1.27
barbie	1.27
batter	1.27
baxter	1.27
bedtime	1.27
belongings	1.27
bloomberg	1.27
blush	1.27
booster	1.27
braves	1.27
bun	1.27
businessmen	1.27
calculator	1.27
calmly	1.27
captivity	1.27
catastrophe	1.27
chemotherapy	1.27
cinemas	1.27
circulating	1.27
claws	1.27
cleansing	1.27
clears	1.27
clicked	1.27
commute	1.27
complementary	1.27
concussion	1.27
connectivity	1.27
consulate	1.27
contend	1.27
convict	1.27
craving	1.27
culinary	1.27
demographics	1.27
departing	1.27
din	1.27
dir	1.27
discrete	1.27
disguised	1.27
dissent	1.27
disturb	1.27
docks	1.27
dt	1.27
earns	1.27
emergencies	1.27
eminent	1.27
encryption	1.27
endeavor	1.27
enthusiasts	1.27
erica	1.27
escapes	1.27
everything's	1.27
exported	1.27
fencing	1.27
filtering	1.27
flashes	1.27
fleming	1.27
flop	1.27
follower	1.27
franchises	1.27
fraternity	1.27
freaks	1.27
frogs	1.27
fronts	1.27
furry	1.27
glitter	1.27
graveyard	1.27
hanged	1.27
hardship	1.27
harlem	1.27
hen	1.27
hoover	1.27
implication	1.27
induce	1.27
insecurity	1.27
interrogation	1.27
intimidating	1.27
inventions	1.27
irrational	1.27
jaws	1.27
josé	1.27
lamar	1.27
leafs	1.27
league's	1.27
lennon	1.27
lettuce	1.27
liabilities	1.27
lithium	1.27
lowe	1.27
lucrative	1.27
macmillan	1.27
malone	1.27
managerial	1.27
mandated	1.27
mango	1.27
miley	1.27
militants	1.27
milo	1.27
mister	1.27
moderately	1.27
mri	1.27
multimedia	1.27
multinational	1.27
nationalists	1.27
nh	1.27
oasis	1.27
oddly	1.27
ons	1.27
oppressed	1.27
osaka	1.27
ouch	1.27
outsiders	1.27
outskirts	1.27
overlapping	1.27
overs	1.27
paced	1.27
pagan	1.27
painters	1.27
pals	1.27
planetary	1.27
playboy	1.27
porcelain	1.27
processors	1.27
programmer	1.27
promoter	1.27
psalm	1.27
psychiatry	1.27
psychologists	1.27
pubs	1.27
pursuant	1.27
recycled	1.27
renovated	1.27
repetitive	1.27
researched	1.27
revelations	1.27
reversal	1.27
rhyme	1.27
rue	1.27
safest	1.27
saturdays	1.27
savvy	1.27
scanner	1.27
schizophrenia	1.27
scratching	1.27
seriousness	1.27
sheila	1.27
shelby	1.27
sparkling	1.27
spree	1.27
stafford	1.27
stakeholders	1.27
stevenson	1.27
submitting	1.27
subsidy	1.27
sup	1.27
superficial	1.27
sweaty	1.27
tailored	1.27
tame	1.27
tanner	1.27
taps	1.27
tf	1.27
thinner	1.27
thugs	1.27
tipping	1.27
toni	1.27
topping	1.27
tracing	1.27
truman	1.27
upstream	1.27
vapor	1.27
veronica	1.27
vow	1.27
waitress	1.27
walnut	1.27
waterfront	1.27
wembley	1.27
whatsapp	1.27
winchester	1.27
witty	1.27
woven	1.27
wyatt	1.27
zack	1.27
acquaintance	1.26
aires	1.26
ambassadors	1.26
ambush	1.26
amelia	1.26
amend	1.26
arranging	1.26
arrogance	1.26
attendees	1.26
audrey	1.26
aussie	1.26
awaits	1.26
baptism	1.26
beirut	1.26
blames	1.26
blasting	1.26
bloke	1.26
blond	1.26
blur	1.26
blvd	1.26
boogie	1.26
booker	1.26
bothers	1.26
bowel	1.26
brightest	1.26
brow	1.26
budapest	1.26
bulbs	1.26
bureaucracy	1.26
cabbage	1.26
canton	1.26
cater	1.26
celtics	1.26
chimney	1.26
chrysler	1.26
circulated	1.26
cloudy	1.26
colourful	1.26
compassionate	1.26
comrade	1.26
concentrating	1.26
continents	1.26
convertible	1.26
cory	1.26
crater	1.26
creeping	1.26
cu	1.26
cumulative	1.26
curator	1.26
dat	1.26
deity	1.26
desperation	1.26
detrimental	1.26
diarrhea	1.26
disposed	1.26
distortion	1.26
doctoral	1.26
draining	1.26
drains	1.26
dramas	1.26
drifting	1.26
edged	1.26
educator	1.26
entitlement	1.26
esp	1.26
faux	1.26
favoured	1.26
fearless	1.26
finch	1.26
fragment	1.26
fulfil	1.26
galaxies	1.26
gangster	1.26
garner	1.26
gil	1.26
giveaway	1.26
graphs	1.26
gypsy	1.26
harassed	1.26
heater	1.26
hesitation	1.26
humiliation	1.26
ic	1.26
impairment	1.26
impatient	1.26
incorporates	1.26
indy	1.26
insisting	1.26
intricate	1.26
irvine	1.26
jensen	1.26
kang	1.26
kara	1.26
karate	1.26
kc	1.26
kingdoms	1.26
kite	1.26
labeling	1.26
leasing	1.26
lighthouse	1.26
longevity	1.26
lore	1.26
lush	1.26
luxurious	1.26
mal	1.26
mash	1.26
mba	1.26
meg	1.26
meltdown	1.26
messiah	1.26
meteor	1.26
ministerial	1.26
mmm	1.26
mocking	1.26
monty	1.26
motions	1.26
mystical	1.26
nu	1.26
obstruction	1.26
odyssey	1.26
om	1.26
onboard	1.26
oneself	1.26
org	1.26
outsider	1.26
overcoming	1.26
palms	1.26
penetrate	1.26
phelps	1.26
phi	1.26
philippe	1.26
pioneers	1.26
plaintiff	1.26
planners	1.26
plum	1.26
plural	1.26
poe	1.26
portrayal	1.26
prevail	1.26
prevailing	1.26
prostitutes	1.26
publishes	1.26
puff	1.26
pun	1.26
puzzles	1.26
rag	1.26
raj	1.26
rampant	1.26
recommending	1.26
reggie	1.26
regulating	1.26
repairing	1.26
repeats	1.26
replicate	1.26
replying	1.26
retaliation	1.26
rf	1.26
risking	1.26
rooftop	1.26
rooting	1.26
routing	1.26
rv	1.26
safeguard	1.26
scaled	1.26
sedan	1.26
sentiments	1.26
sewage	1.26
sgt	1.26
ship's	1.26
shoppers	1.26
simpsons	1.26
sitcom	1.26
slang	1.26
slid	1.26
sparked	1.26
spices	1.26
spirited	1.26
spirituality	1.26
spoiler	1.26
suitcase	1.26
summon	1.26
survives	1.26
sustaining	1.26
tavern	1.26
teasing	1.26
telegram	1.26
titanium	1.26
trailing	1.26
tuck	1.26
turbulence	1.26
ulster	1.26
unesco	1.26
uneven	1.26
urgency	1.26
vibes	1.26
victim's	1.26
viktor	1.26
ware	1.26
waterproof	1.26
welcomes	1.26
whining	1.26
wonderfully	1.26
wording	1.26
zelda	1.26
abdullah	1.25
academia	1.25
accreditation	1.25
administer	1.25
admittedly	1.25
aforementioned	1.25
algae	1.25
alterations	1.25
angelo	1.25
apache	1.25
ariel	1.25
articulate	1.25
asbestos	1.25
atleast	1.25
avoidance	1.25
babylon	1.25
barney	1.25
bearings	1.25
bjp	1.25
boutique	1.25
bowie	1.25
brewer	1.25
brits	1.25
buffet	1.25
burner	1.25
cain	1.25
casa	1.25
catcher	1.25
cathy	1.25
charms	1.25
chassis	1.25
chores	1.25
clap	1.25
clarification	1.25
colder	1.25
concluding	1.25
consolation	1.25
consoles	1.25
corresponds	1.25
counters	1.25
covert	1.25
cringe	1.25
crosby	1.25
cunningham	1.25
cw	1.25
dagger	1.25
dealings	1.25
deferred	1.25
depicting	1.25
descriptive	1.25
dialect	1.25
dipped	1.25
dolly	1.25
downfall	1.25
downside	1.25
dryer	1.25
dunk	1.25
elijah	1.25
empowerment	1.25
endings	1.25
energies	1.25
ensuing	1.25
ensured	1.25
ethic	1.25
executing	1.25
expire	1.25
fireplace	1.25
flair	1.25
fossils	1.25
fugitive	1.25
gpa	1.25
greenwich	1.25
gujarat	1.25
hah	1.25
hanson	1.25
haunt	1.25
hayden	1.25
hazel	1.25
headset	1.25
hernandez	1.25
hk	1.25
homecoming	1.25
hurdles	1.25
hussein	1.25
hyped	1.25
icy	1.25
indulge	1.25
inmate	1.25
inscription	1.25
interpreter	1.25
intuition	1.25
invaluable	1.25
jaime	1.25
jenna	1.25
js	1.25
kaiser	1.25
kettle	1.25
kylie	1.25
laptops	1.25
lara	1.25
lasers	1.25
lax	1.25
lest	1.25
levi	1.25
lilly	1.25
malta	1.25
markings	1.25
mcconnell	1.25
mcgregor	1.25
menace	1.25
methane	1.25
mexicans	1.25
ming	1.25
misuse	1.25
mitigate	1.25
mona	1.25
month's	1.25
nairobi	1.25
nana	1.25
nausea	1.25
neurological	1.25
nicola	1.25
optimum	1.25
ounces	1.25
overwhelmingly	1.25
oyster	1.25
pastoral	1.25
patented	1.25
pea	1.25
pearls	1.25
physiological	1.25
pioneering	1.25
pleasures	1.25
policemen	1.25
poo	1.25
poultry	1.25
prominence	1.25
prophets	1.25
prosecute	1.25
ptsd	1.25
quartet	1.25
radically	1.25
raping	1.25
reactive	1.25
reboot	1.25
renamed	1.25
resides	1.25
restrictive	1.25
robotic	1.25
runaway	1.25
saturn	1.25
sawyer	1.25
screenplay	1.25
scriptures	1.25
sect	1.25
seismic	1.25
seminary	1.25
sg	1.25
sheldon	1.25
shelley	1.25
shouts	1.25
sideways	1.25
sighted	1.25
skinned	1.25
skipper	1.25
slain	1.25
smuggling	1.25
softer	1.25
sonia	1.25
specs	1.25
squads	1.25
stash	1.25
stephens	1.25
stimulating	1.25
strawberries	1.25
striped	1.25
stroll	1.25
swiftly	1.25
texans	1.25
theatres	1.25
tolerated	1.25
transcription	1.25
tucson	1.25
tweeting	1.25
ul	1.25
unicorn	1.25
uniquely	1.25
unrealistic	1.25
vase	1.25
vat	1.25
vineyard	1.25
viola	1.25
waterfall	1.25
waved	1.25
weaving	1.25
welding	1.25
whereabouts	1.25
yah	1.25
yummy	1.25
zeus	1.25
abortions	1.24
acknowledges	1.24
adobe	1.24
adolescents	1.24
ala	1.24
alarming	1.24
alexandra	1.24
almond	1.24
amenities	1.24
amounted	1.24
amused	1.24
antarctica	1.24
arabian	1.24
ari	1.24
asphalt	1.24
atrocities	1.24
aviv	1.24
bach	1.24
backbone	1.24
bahamas	1.24
beetle	1.24
blizzard	1.24
bolivia	1.24
booklet	1.24
bottoms	1.24
brawl	1.24
brittany	1.24
bryce	1.24
bu	1.24
burgess	1.24
butts	1.24
camden	1.24
cameroon	1.24
celestial	1.24
characterization	1.24
chevy	1.24
choked	1.24
ci	1.24
clashes	1.24
clint	1.24
comin	1.24
communicated	1.24
confessions	1.24
conform	1.24
conversely	1.24
countess	1.24
court's	1.24
creations	1.24
cues	1.24
customary	1.24
dalton	1.24
debuted	1.24
declines	1.24
depicts	1.24
devote	1.24
dinners	1.24
diplomats	1.24
dispose	1.24
distinctly	1.24
evacuate	1.24
everett	1.24
exits	1.24
experimenting	1.24
exploding	1.24
exploits	1.24
favourable	1.24
ferdinand	1.24
flourish	1.24
flowering	1.24
fractures	1.24
fragrance	1.24
franz	1.24
fungus	1.24
germany's	1.24
gloucester	1.24
griffith	1.24
guarding	1.24
gunfire	1.24
harvesting	1.24
havana	1.24
heroine	1.24
hilary	1.24
hoax	1.24
imf	1.24
impending	1.24
insignificant	1.24
insurer	1.24
intercepted	1.24
interfering	1.24
itv	1.24
jonah	1.24
kerala	1.24
knowledgeable	1.24
ku	1.24
liberated	1.24
lingerie	1.24
lite	1.24
localities	1.24
locke	1.24
logos	1.24
lurking	1.24
madden	1.24
magician	1.24
magistrates	1.24
mai	1.24
mali	1.24
maneuver	1.24
marrow	1.24
marvelous	1.24
mas	1.24
mattered	1.24
medicinal	1.24
melanie	1.24
mono	1.24
murderers	1.24
nas	1.24
numb	1.24
omitted	1.24
originals	1.24
overlook	1.24
partnered	1.24
pastry	1.24
pawn	1.24
pediatric	1.24
persist	1.24
personalized	1.24
planner	1.24
plaster	1.24
playful	1.24
pleading	1.24
professions	1.24
quirky	1.24
quota	1.24
quran	1.24
randolph	1.24
rationale	1.24
reap	1.24
rebound	1.24
recess	1.24
redeem	1.24
reformation	1.24
regimes	1.24
replacements	1.24
residue	1.24
robotics	1.24
rocked	1.24
runoff	1.24
rwanda	1.24
salsa	1.24
scanned	1.24
screenshots	1.24
semiconductor	1.24
sentimental	1.24
serbian	1.24
severed	1.24
shocks	1.24
simultaneous	1.24
slaughtered	1.24
snatch	1.24
sneakers	1.24
somali	1.24
spikes	1.24
spooky	1.24
squeezed	1.24
staffing	1.24
stanton	1.24
stealth	1.24
strained	1.24
subscribed	1.24
subset	1.24
suspense	1.24
suzanne	1.24
swearing	1.24
swore	1.24
syntax	1.24
tad	1.24
tandem	1.24
tasked	1.24
tasmania	1.24
televised	1.24
tempered	1.24
tertiary	1.24
thyroid	1.24
tidy	1.24
timeless	1.24
tokens	1.24
uefa	1.24
unreliable	1.24
upbeat	1.24
usable	1.24
vanguard	1.24
vc	1.24
vomit	1.24
vulgar	1.24
waiver	1.24
walton	1.24
watershed	1.24
weave	1.24
wilkinson	1.24
wiring	1.24
yan	1.24
adrenaline	1.23
alexa	1.23
alleviate	1.23
amd	1.23
anarchy	1.23
ang	1.23
arent	1.23
artist's	1.23
ashore	1.23
aura	1.23
bachelor's	1.23
baden	1.23
ballroom	1.23
beginner	1.23
beginners	1.23
bermuda	1.23
bilingual	1.23
bombings	1.23
bonded	1.23
boosting	1.23
boyle	1.23
brenda	1.23
brewers	1.23
briggs	1.23
buchanan	1.23
buckingham	1.23
bundles	1.23
calcutta	1.23
caleb	1.23
canopy	1.23
chennai	1.23
cherish	1.23
chuckle	1.23
civilized	1.23
comb	1.23
completes	1.23
complexes	1.23
conceal	1.23
condemnation	1.23
contemplating	1.23
cores	1.23
cruiser	1.23
cruising	1.23
curl	1.23
dams	1.23
dared	1.23
dart	1.23
defends	1.23
demolished	1.23
denim	1.23
dependency	1.23
detecting	1.23
dew	1.23
dickens	1.23
disable	1.23
disconnected	1.23
dishonest	1.23
dosage	1.23
doubtful	1.23
dysfunction	1.23
ecosystems	1.23
encyclopedia	1.23
endowment	1.23
engraved	1.23
enrichment	1.23
erect	1.23
erection	1.23
eruption	1.23
examiner	1.23
exercised	1.23
exeter	1.23
expenditures	1.23
expires	1.23
fairfax	1.23
fam	1.23
fauna	1.23
feds	1.23
fidelity	1.23
finely	1.23
fischer	1.23
flirt	1.23
fluent	1.23
flute	1.23
footprint	1.23
fore	1.23
forefront	1.23
formulated	1.23
freaked	1.23
freshwater	1.23
fyi	1.23
gareth	1.23
gotham	1.23
gr	1.23
grouped	1.23
halted	1.23
harden	1.23
hardened	1.23
hateful	1.23
haunting	1.23
henri	1.23
hepatitis	1.23
honoring	1.23
horace	1.23
horrors	1.23
howe	1.23
huntington	1.23
ieee	1.23
inhabited	1.23
inherit	1.23
initiation	1.23
injections	1.23
insulted	1.23
integrating	1.23
intensely	1.23
ions	1.23
janeiro	1.23
jeopardy	1.23
joanna	1.23
kensington	1.23
ks	1.23
lafayette	1.23
lc	1.23
listener	1.23
lockdown	1.23
mandarin	1.23
mast	1.23
matte	1.23
mccartney	1.23
mediocre	1.23
middleton	1.23
mixes	1.23
morons	1.23
morse	1.23
mounts	1.23
nfc	1.23
niagara	1.23
nicest	1.23
nicotine	1.23
nl	1.23
nora	1.23
nordic	1.23
nos	1.23
notions	1.23
oranges	1.23
outward	1.23
overrated	1.23
packaged	1.23
packets	1.23
paige	1.23
passports	1.23
pb	1.23
pbs	1.23
peanuts	1.23
pep	1.23
piracy	1.23
platoon	1.23
practise	1.23
presses	1.23
rave	1.23
reactors	1.23
recreate	1.23
reeves	1.23
reigns	1.23
reno	1.23
resembling	1.23
residual	1.23
restricting	1.23
robe	1.23
rpg	1.23
rye	1.23
sails	1.23
sayin	1.23
sensational	1.23
sexism	1.23
smokers	1.23
sneaky	1.23
socket	1.23
spanning	1.23
specifics	1.23
spouses	1.23
starvation	1.23
starve	1.23
stool	1.23
stricken	1.23
stripping	1.23
subscriber	1.23
systematically	1.23
taxed	1.23
tc	1.23
tex	1.23
thanking	1.23
tibet	1.23
toledo	1.23
tread	1.23
tripping	1.23
truce	1.23
tsunami	1.23
turbines	1.23
turmoil	1.23
typed	1.23
tyranny	1.23
tyres	1.23
unfit	1.23
uphold	1.23
vita	1.23
volunteering	1.23
wal	1.23
warwick	1.23
waterloo	1.23
weeds	1.23
weir	1.23
wellbeing	1.23
wikileaks	1.23
wonderland	1.23
wrestler	1.23
yrs	1.23
zimmerman	1.23
zoning	1.23
abandoning	1.22
abolition	1.22
accessibility	1.22
acquainted	1.22
airplanes	1.22
airs	1.22
aloud	1.22
angular	1.22
anterior	1.22
appendix	1.22
approx	1.22
atp	1.22
attackers	1.22
auditorium	1.22
augustine	1.22
barking	1.22
bauer	1.22
beckham	1.22
behaving	1.22
benign	1.22
berkshire	1.22
bleach	1.22
boast	1.22
bowen	1.22
brandy	1.22
brethren	1.22
brink	1.22
brown's	1.22
bruh	1.22
carving	1.22
cas	1.22
cass	1.22
cctv	1.22
cecil	1.22
cheeky	1.22
chemist	1.22
choi	1.22
coastline	1.22
cobra	1.22
collaborate	1.22
comparatively	1.22
compensated	1.22
competed	1.22
conor	1.22
cosmos	1.22
councillors	1.22
crafting	1.22
cuff	1.22
curling	1.22
cyclone	1.22
dedicate	1.22
deleting	1.22
delusional	1.22
deposition	1.22
derive	1.22
descend	1.22
descending	1.22
diligence	1.22
disciplined	1.22
discriminate	1.22
distributions	1.22
diversion	1.22
doorway	1.22
dp	1.22
drilled	1.22
dumpster	1.22
emailed	1.22
empower	1.22
ernst	1.22
ethiopian	1.22
europe's	1.22
excerpt	1.22
existent	1.22
ezra	1.22
fabricated	1.22
fandom	1.22
filmmakers	1.22
filtered	1.22
foe	1.22
gatherings	1.22
georgian	1.22
getaway	1.22
glamour	1.22
governor's	1.22
heirs	1.22
humphrey	1.22
inbox	1.22
incidentally	1.22
infinitely	1.22
inflated	1.22
influenza	1.22
informs	1.22
inspected	1.22
instructional	1.22
interviewer	1.22
introductory	1.22
iot	1.22
jaguar	1.22
jamal	1.22
judgments	1.22
laurent	1.22
licking	1.22
ling	1.22
loft	1.22
lois	1.22
massively	1.22
mediated	1.22
mediation	1.22
merrill	1.22
metrics	1.22
millennials	1.22
modular	1.22
nico	1.22
nutrient	1.22
occupies	1.22
oslo	1.22
outlaw	1.22
oversee	1.22
pageant	1.22
parachute	1.22
parasite	1.22
parenthood	1.22
perennial	1.22
persistence	1.22
piers	1.22
pleas	1.22
porto	1.22
postage	1.22
praises	1.22
preschool	1.22
procedural	1.22
profoundly	1.22
prohibit	1.22
pronunciation	1.22
provoked	1.22
quotation	1.22
rappers	1.22
registers	1.22
relentless	1.22
remnants	1.22
repression	1.22
reprinted	1.22
resolving	1.22
ridiculously	1.22
roaring	1.22
salisbury	1.22
scandals	1.22
scrapped	1.22
seasoned	1.22
shootout	1.22
sigma	1.22
simulations	1.22
sk	1.22
somethin	1.22
sourced	1.22
specializing	1.22
spectator	1.22
speculative	1.22
spins	1.22
stadiums	1.22
stalls	1.22
stripe	1.22
submerged	1.22
surgeries	1.22
symmetry	1.22
syndicate	1.22
tae	1.22
thornton	1.22
tibetan	1.22
tighten	1.22
townsend	1.22
trenches	1.22
trustworthy	1.22
tvs	1.22
twelfth	1.22
tyre	1.22
ultrasound	1.22
usher	1.22
vacations	1.22
vascular	1.22
vets	1.22
watkins	1.22
weiss	1.22
wholesome	1.22
wiley	1.22
witnessing	1.22
workouts	1.22
yielded	1.22
york's	1.22
absorbing	1.21
adapting	1.21
addicts	1.21
adjoining	1.21
albuquerque	1.21
allegation	1.21
alternating	1.21
ancestry	1.21
ankles	1.21
annex	1.21
annexed	1.21
antibiotic	1.21
arresting	1.21
augmented	1.21
avenues	1.21
avid	1.21
avoids	1.21
badges	1.21
barbados	1.21
barge	1.21
bartender	1.21
bert	1.21
birch	1.21
bland	1.21
blended	1.21
bohemian	1.21
bong	1.21
bounded	1.21
bows	1.21
breastfeeding	1.21
bribe	1.21
bridal	1.21
broadcasts	1.21
broccoli	1.21
brushing	1.21
buckets	1.21
buckle	1.21
burlington	1.21
bursts	1.21
cannes	1.21
canoe	1.21
centred	1.21
chilly	1.21
chords	1.21
chu	1.21
cider	1.21
clowns	1.21
clueless	1.21
cobb	1.21
consciously	1.21
corpses	1.21
correlated	1.21
correspond	1.21
cradle	1.21
crappy	1.21
crippled	1.21
damien	1.21
dayton	1.21
decency	1.21
deficits	1.21
despise	1.21
destroyer	1.21
diocese	1.21
dispersed	1.21
docs	1.21
doorstep	1.21
eliot	1.21
embarked	1.21
enriched	1.21
equip	1.21
faa	1.21
fellas	1.21
foley	1.21
footing	1.21
fulton	1.21
garments	1.21
glamorous	1.21
goldberg	1.21
growers	1.21
handler	1.21
hangover	1.21
haters	1.21
havent	1.21
havoc	1.21
hee	1.21
hind	1.21
hitter	1.21
hive	1.21
homophobic	1.21
honolulu	1.21
humid	1.21
hyderabad	1.21
illuminated	1.21
imam	1.21
implants	1.21
indicted	1.21
inexperienced	1.21
influencing	1.21
invading	1.21
irritated	1.21
jackpot	1.21
javascript	1.21
jurassic	1.21
kangaroo	1.21
ke	1.21
klaus	1.21
knowingly	1.21
kuala	1.21
legged	1.21
lex	1.21
liberalism	1.21
liberia	1.21
lithuania	1.21
litre	1.21
locomotive	1.21
longing	1.21
lsu	1.21
mailed	1.21
manny	1.21
mantra	1.21
mapped	1.21
marcel	1.21
mating	1.21
mckay	1.21
mesa	1.21
microscope	1.21
milky	1.21
mixer	1.21
modeled	1.21
moe	1.21
monumental	1.21
moth	1.21
multiply	1.21
mv	1.21
narcotics	1.21
nicky	1.21
nuggets	1.21
nuisance	1.21
obedience	1.21
objected	1.21
obligated	1.21
organise	1.21
outing	1.21
overdue	1.21
overload	1.21
parasites	1.21
payable	1.21
paycheck	1.21
peaches	1.21
peaked	1.21
picturesque	1.21
pilgrimage	1.21
pillows	1.21
pivot	1.21
pivotal	1.21
por	1.21
pressured	1.21
preventive	1.21
primer	1.21
profitability	1.21
progressing	1.21
provoke	1.21
pulmonary	1.21
punishing	1.21
rad	1.21
radicals	1.21
raspberry	1.21
reconcile	1.21
regression	1.21
resilient	1.21
roaming	1.21
router	1.21
routines	1.21
ru	1.21
ryder	1.21
sabbath	1.21
schneider	1.21
schwartz	1.21
scouting	1.21
secretaries	1.21
selfies	1.21
seminars	1.21
shortages	1.21
shortened	1.21
shovel	1.21
skinner	1.21
smelled	1.21
smh	1.21
society's	1.21
specializes	1.21
splits	1.21
staggering	1.21
statutes	1.21
striving	1.21
suing	1.21
surname	1.21
synonymous	1.21
tackling	1.21
tai	1.21
tallest	1.21
taped	1.21
tedious	1.21
toxins	1.21
troubling	1.21
tug	1.21
twists	1.21
utilization	1.21
volkswagen	1.21
walkers	1.21
wink	1.21
woodward	1.21
yugoslavia	1.21
a's	1.20
actresses	1.20
adhd	1.20
ae	1.20
alonso	1.20
ancestor	1.20
arbor	1.20
astronomical	1.20
attends	1.20
attire	1.20
authored	1.20
autograph	1.20
automobiles	1.20
ava	1.20
axle	1.20
barley	1.20
bd	1.20
beyonce	1.20
bitten	1.20
blasted	1.20
blasts	1.20
botanical	1.20
bottled	1.20
braces	1.20
brag	1.20
breakout	1.20
bumped	1.20
bursting	1.20
car's	1.20
catchy	1.20
cbc	1.20
ceremonial	1.20
chanel	1.20
cheque	1.20
chilled	1.20
cho	1.20
choreography	1.20
cisco	1.20
clarified	1.20
cling	1.20
coco	1.20
coincide	1.20
comedians	1.20
commemorate	1.20
commits	1.20
concurrent	1.20
corrupted	1.20
coventry	1.20
crocodile	1.20
cub	1.20
derrick	1.20
diaper	1.20
differentiation	1.20
dine	1.20
disadvantaged	1.20
disadvantages	1.20
disagreed	1.20
dissolve	1.20
diverted	1.20
dubious	1.20
dudley	1.20
durant	1.20
eagerly	1.20
ecclesiastical	1.20
edt	1.20
egyptians	1.20
elk	1.20
england's	1.20
enlightened	1.20
erased	1.20
escorted	1.20
eur	1.20
exhaustion	1.20
expectancy	1.20
famously	1.20
fella	1.20
fielding	1.20
fingerprint	1.20
fisherman	1.20
flap	1.20
folklore	1.20
forgiving	1.20
fractured	1.20
galactic	1.20
gardener	1.20
getty	1.20
glee	1.20
grassroots	1.20
gravitational	1.20
grazing	1.20
guinness	1.20
gunshot	1.20
habitats	1.20
hailed	1.20
hereditary	1.20
hiatus	1.20
homestead	1.20
horribly	1.20
horsepower	1.20
hue	1.20
icing	1.20
idols	1.20
ikea	1.20
insurers	1.20
intellect	1.20
intellectuals	1.20
intending	1.20
interchange	1.20
isabella	1.20
jihad	1.20
juventus	1.20
kidneys	1.20
knob	1.20
kristen	1.20
lahore	1.20
lapse	1.20
laundering	1.20
ledger	1.20
liga	1.20
loaf	1.20
lodged	1.20
login	1.20
loot	1.20
lorenzo	1.20
magnesium	1.20
malware	1.20
mclaren	1.20
mimic	1.20
mindful	1.20
motorcycles	1.20
mural	1.20
murdoch	1.20
musk	1.20
must've	1.20
myriad	1.20
nan	1.20
nasal	1.20
nautical	1.20
neatly	1.20
negativity	1.20
northampton	1.20
noteworthy	1.20
nuns	1.20
odor	1.20
oprah	1.20
organising	1.20
overturned	1.20
overwatch	1.20
paddle	1.20
parrot	1.20
partying	1.20
patel	1.20
peg	1.20
pesticides	1.20
pixels	1.20
plunge	1.20
powerless	1.20
pragmatic	1.20
primaries	1.20
quasi	1.20
quentin	1.20
radiant	1.20
ramsay	1.20
reese	1.20
refinery	1.20
regained	1.20
reich	1.20
remorse	1.20
reopened	1.20
revoked	1.20
rhymes	1.20
rpm	1.20
sanity	1.20
scandinavian	1.20
scotia	1.20
scratched	1.20
sears	1.20
ser	1.20
sergei	1.20
sharia	1.20
showdown	1.20
shuffle	1.20
shuts	1.20
siding	1.20
simulated	1.20
skyline	1.20
slab	1.20
sprayed	1.20
stacks	1.20
startups	1.20
stocking	1.20
suarez	1.20
subscriptions	1.20
suites	1.20
supplemental	1.20
suspicions	1.20
swimmer	1.20
tao	1.20
tariff	1.20
techno	1.20
teller	1.20
textiles	1.20
therapies	1.20
theyre	1.20
trance	1.20
translating	1.20
traveller	1.20
unconditional	1.20
unforgettable	1.20
vacancies	1.20
violates	1.20
volatility	1.20
weaken	1.20
webcam	1.20
wen	1.20
weston	1.20
wouldnt	1.20
xavier	1.20
yorker	1.20
abel	1.19
abolish	1.19
aca	1.19
accessing	1.19
accommodations	1.19
accumulate	1.19
admirable	1.19
adventurous	1.19
africa's	1.19
ajax	1.19
alarmed	1.19
ama	1.19
ammo	1.19
amos	1.19
analysed	1.19
andreas	1.19
angelina	1.19
anthology	1.19
antiques	1.19
anyhow	1.19
ape	1.19
arrivals	1.19
assaults	1.19
assemblies	1.19
auditor	1.19
avalanche	1.19
azerbaijan	1.19
badger	1.19
ballistic	1.19
banter	1.19
becker	1.19
bidder	1.19
birthdays	1.19
blackburn	1.19
blazing	1.19
blockbuster	1.19
blueprint	1.19
bodied	1.19
boosted	1.19
bowler	1.19
broadcasters	1.19
byrne	1.19
cadillac	1.19
cameo	1.19
canals	1.19
caramel	1.19
cassidy	1.19
charismatic	1.19
chromosome	1.19
chunks	1.19
church's	1.19
clarkson	1.19
claus	1.19
comcast	1.19
commencement	1.19
concede	1.19
conducts	1.19
confiscated	1.19
contestant	1.19
contradictory	1.19
convent	1.19
converse	1.19
correcting	1.19
corrosion	1.19
crib	1.19
crossroads	1.19
dearly	1.19
defiance	1.19
deter	1.19
diner	1.19
dipping	1.19
disneyland	1.19
disposition	1.19
djs	1.19
documentaries	1.19
dripping	1.19
ecstasy	1.19
eighteenth	1.19
eleventh	1.19
eliza	1.19
emphasizes	1.19
empowering	1.19
engagements	1.19
enrique	1.19
envoy	1.19
estonia	1.19
expiration	1.19
exploiting	1.19
expressly	1.19
fabrication	1.19
facilitated	1.19
faggot	1.19
fascination	1.19
fir	1.19
foreigner	1.19
formulation	1.19
francs	1.19
frontal	1.19
fullest	1.19
fungi	1.19
goalie	1.19
gonzalez	1.19
gradient	1.19
gravy	1.19
grenades	1.19
gwen	1.19
haley	1.19
harmed	1.19
herring	1.19
hires	1.19
hopper	1.19
hugging	1.19
hysterical	1.19
implant	1.19
incompatible	1.19
inducing	1.19
injunction	1.19
innate	1.19
instituted	1.19
iphones	1.19
jays	1.19
jeremiah	1.19
jude	1.19
kathryn	1.19
kd	1.19
keynote	1.19
kidnap	1.19
kiev	1.19
koreans	1.19
krishna	1.19
lama	1.19
learners	1.19
liquids	1.19
mclean	1.19
meats	1.19
michele	1.19
motivational	1.19
naruto	1.19
natasha	1.19
nightly	1.19
noir	1.19
normandy	1.19
notwithstanding	1.19
ns	1.19
ordained	1.19
originating	1.19
orphans	1.19
pans	1.19
paralysis	1.19
patiently	1.19
patrols	1.19
pauline	1.19
paw	1.19
peter's	1.19
pharmaceuticals	1.19
pianist	1.19
pickles	1.19
pilgrims	1.19
pinterest	1.19
pisses	1.19
placebo	1.19
podcasts	1.19
pointers	1.19
postpone	1.19
progressively	1.19
propelled	1.19
psa	1.19
psych	1.19
punt	1.19
rae	1.19
raptors	1.19
reinforcements	1.19
repetition	1.19
restraining	1.19
retrospective	1.19
revise	1.19
righteousness	1.19
rinse	1.19
robbins	1.19
rss	1.19
sal	1.19
scalp	1.19
schultz	1.19
scrolling	1.19
sealing	1.19
sharma	1.19
sheds	1.19
sheltered	1.19
shia	1.19
shutter	1.19
smartest	1.19
snatched	1.19
sooo	1.19
spans	1.19
sparrow	1.19
speculate	1.19
spinach	1.19
squat	1.19
stew	1.19
stirling	1.19
stoned	1.19
strauss	1.19
stressing	1.19
styling	1.19
sublime	1.19
subtitles	1.19
sunni	1.19
sweetness	1.19
teamwork	1.19
tequila	1.19
terrestrial	1.19
textures	1.19
thinkers	1.19
thorn	1.19
thug	1.19
tit	1.19
toned	1.19
totals	1.19
triggering	1.19
tulsa	1.19
twenties	1.19
ufo	1.19
uncover	1.19
unnatural	1.19
unstoppable	1.19
upfront	1.19
urgently	1.19
virginity	1.19
virtues	1.19
volvo	1.19
vouchers	1.19
waived	1.19
wharf	1.19
wiser	1.19
wrestle	1.19
xv	1.19
yates	1.19
yoo	1.19
aap	1.18
accountants	1.18
achilles	1.18
addison	1.18
aggravated	1.18
ahhh	1.18
alberto	1.18
alleging	1.18
alto	1.18
ambrose	1.18
analyse	1.18
anomaly	1.18
aperture	1.18
apostles	1.18
apprenticeship	1.18
aspire	1.18
benches	1.18
biodiversity	1.18
biomedical	1.18
blinded	1.18
blurred	1.18
boarded	1.18
breadth	1.18
bullies	1.18
buster	1.18
cascade	1.18
casinos	1.18
centralized	1.18
char	1.18
cleanse	1.18
complains	1.18
concord	1.18
connector	1.18
connie	1.18
consolidate	1.18
containment	1.18
coupling	1.18
crate	1.18
crave	1.18
crows	1.18
dane	1.18
dangerously	1.18
denounced	1.18
dillon	1.18
diluted	1.18
doping	1.18
eddy	1.18
elusive	1.18
espionage	1.18
establishes	1.18
existential	1.18
experimentation	1.18
extremes	1.18
extremists	1.18
fanny	1.18
fiancé	1.18
flashback	1.18
fluctuations	1.18
forecasting	1.18
freud	1.18
friedman	1.18
funnel	1.18
gail	1.18
gloss	1.18
grading	1.18
graft	1.18
grips	1.18
grumpy	1.18
guise	1.18
halves	1.18
heightened	1.18
horizons	1.18
hush	1.18
ibn	1.18
imitation	1.18
immersion	1.18
inconvenient	1.18
inspires	1.18
interfaces	1.18
intrigued	1.18
intrinsic	1.18
iran's	1.18
irresistible	1.18
javier	1.18
jd	1.18
jk	1.18
joanne	1.18
kb	1.18
kittens	1.18
landmarks	1.18
landslide	1.18
lcd	1.18
leah	1.18
leash	1.18
makeover	1.18
manned	1.18
marcos	1.18
mata	1.18
mater	1.18
maureen	1.18
melodies	1.18
memorandum	1.18
mercer	1.18
mermaid	1.18
michael's	1.18
miriam	1.18
moderation	1.18
moroccan	1.18
nano	1.18
neymar	1.18
ngos	1.18
nobility	1.18
notation	1.18
onstage	1.18
ordeal	1.18
ox	1.18
painfully	1.18
paranormal	1.18
paso	1.18
pear	1.18
piston	1.18
plugs	1.18
politely	1.18
pollen	1.18
principals	1.18
provoking	1.18
pts	1.18
puberty	1.18
raided	1.18
railroads	1.18
ramos	1.18
rbi	1.18
reggae	1.18
relegated	1.18
respectfully	1.18
rethink	1.18
reviewer	1.18
reviewers	1.18
rewrite	1.18
rodeo	1.18
sas	1.18
sheridan	1.18
sherwood	1.18
shire	1.18
sinks	1.18
slit	1.18
snapping	1.18
sobbing	1.18
spitting	1.18
starved	1.18
stirred	1.18
stockings	1.18
stuffing	1.18
substituted	1.18
succeeds	1.18
summons	1.18
sutherland	1.18
swung	1.18
taboo	1.18
teaser	1.18
thatcher	1.18
throttle	1.18
tides	1.18
trendy	1.18
trimmed	1.18
trivia	1.18
trumps	1.18
turbulent	1.18
twisting	1.18
unbearable	1.18
underage	1.18
unleashed	1.18
unmarried	1.18
vaguely	1.18
veggies	1.18
visas	1.18
vortex	1.18
voucher	1.18
wand	1.18
wanderers	1.18
warmed	1.18
accelerating	1.17
advert	1.17
afforded	1.17
ain	1.17
alias	1.17
anaheim	1.17
anchored	1.17
annoy	1.17
antibody	1.17
apostle	1.17
appalling	1.17
applaud	1.17
arteries	1.17
asians	1.17
astronauts	1.17
baptized	1.17
barr	1.17
belarus	1.17
billie	1.17
bondage	1.17
boredom	1.17
bounced	1.17
bowman	1.17
breeders	1.17
brilliantly	1.17
brunch	1.17
buckley	1.17
burgundy	1.17
cabinets	1.17
carlisle	1.17
carolyn	1.17
castles	1.17
changer	1.17
che	1.17
chem	1.17
chestnut	1.17
cj	1.17
cleaners	1.17
cleanup	1.17
clemson	1.17
cocks	1.17
compose	1.17
concise	1.17
confinement	1.17
confronting	1.17
consultancy	1.17
contraction	1.17
contrasting	1.17
convergence	1.17
coughing	1.17
criterion	1.17
crossings	1.17
crowns	1.17
cummings	1.17
cylinders	1.17
deduction	1.17
despicable	1.17
detachment	1.17
detectors	1.17
dialog	1.17
digestive	1.17
diminish	1.17
disclaimer	1.17
disconnect	1.17
discriminatory	1.17
disruptive	1.17
dorset	1.17
dvds	1.17
endlessly	1.17
enthusiast	1.17
epilepsy	1.17
estimation	1.17
ethanol	1.17
excavation	1.17
extremist	1.17
feeder	1.17
flashlight	1.17
flattering	1.17
floats	1.17
forcibly	1.17
gao	1.17
garland	1.17
globalization	1.17
grail	1.17
graphical	1.17
grayson	1.17
groundbreaking	1.17
grouping	1.17
harding	1.17
holiness	1.17
horrifying	1.17
humiliating	1.17
iced	1.17
ida	1.17
illustrator	1.17
imbalance	1.17
immoral	1.17
implicated	1.17
inefficient	1.17
initials	1.17
instrumentation	1.17
intensified	1.17
intolerance	1.17
jackson's	1.17
jeez	1.17
johnson's	1.17
jurors	1.17
kappa	1.17
keepers	1.17
kendrick	1.17
ketchup	1.17
leukemia	1.17
levine	1.17
liars	1.17
lineage	1.17
liter	1.17
looting	1.17
lorraine	1.17
lyons	1.17
magnus	1.17
manpower	1.17
marley	1.17
martyr	1.17
masturbation	1.17
mitigation	1.17
mont	1.17
motorway	1.17
nk	1.17
npr	1.17
nypd	1.17
obscene	1.17
occupants	1.17
octopus	1.17
onward	1.17
operatives	1.17
opium	1.17
ovarian	1.17
peck	1.17
penal	1.17
permitting	1.17
petals	1.17
picasso	1.17
pierced	1.17
pistols	1.17
plank	1.17
plantations	1.17
plight	1.17
ponds	1.17
postseason	1.17
presiding	1.17
privy	1.17
propulsion	1.17
raft	1.17
registering	1.17
rejoice	1.17
relics	1.17
ren	1.17
reproduced	1.17
rihanna	1.17
roam	1.17
rubio	1.17
sandals	1.17
serpent	1.17
sesame	1.17
shepard	1.17
shi	1.17
shoved	1.17
sicily	1.17
simplify	1.17
siren	1.17
slater	1.17
sleeper	1.17
smear	1.17
snowy	1.17
soooo	1.17
spectral	1.17
spoilers	1.17
stabilize	1.17
stains	1.17
stalk	1.17
standings	1.17
statesman	1.17
stink	1.17
stormy	1.17
subcommittee	1.17
suffice	1.17
surrounds	1.17
swat	1.17
swine	1.17
symbolism	1.17
tangled	1.17
ticking	1.17
tram	1.17
tryin	1.17
tutorials	1.17
underwood	1.17
underworld	1.17
vectors	1.17
vertically	1.17
vigorous	1.17
vt	1.17
wandered	1.17
wei	1.17
wrongly	1.17
yum	1.17
zion	1.17
abiding	1.16
adele	1.16
alcoholism	1.16
amplifier	1.16
anc	1.16
apes	1.16
arches	1.16
army's	1.16
astounding	1.16
atheism	1.16
auctions	1.16
audible	1.16
avocado	1.16
avon	1.16
bangs	1.16
bashing	1.16
baskets	1.16
bathtub	1.16
beep	1.16
beneficiaries	1.16
biscuit	1.16
bitterness	1.16
blatant	1.16
boon	1.16
boyfriends	1.16
brat	1.16
bunk	1.16
california's	1.16
candid	1.16
caretaker	1.16
carts	1.16
ceilings	1.16
cervical	1.16
character's	1.16
checklist	1.16
cherokee	1.16
cheshire	1.16
christ's	1.16
cinderella	1.16
clamp	1.16
clans	1.16
competitiveness	1.16
composers	1.16
confederation	1.16
confidentiality	1.16
configurations	1.16
contradiction	1.16
coronation	1.16
counselling	1.16
cracker	1.16
crackers	1.16
crimea	1.16
cumberland	1.16
cunning	1.16
daly	1.16
depiction	1.16
depleted	1.16
diabetic	1.16
diaspora	1.16
digitally	1.16
discord	1.16
distractions	1.16
divides	1.16
divinity	1.16
donuts	1.16
dorsal	1.16
durability	1.16
empress	1.16
endeavour	1.16
enroll	1.16
entertainer	1.16
entrusted	1.16
ernie	1.16
evidenced	1.16
extracts	1.16
fallon	1.16
farrell	1.16
fatalities	1.16
festivities	1.16
ffs	1.16
finalist	1.16
footballers	1.16
forks	1.16
gadget	1.16
gasp	1.16
genital	1.16
glitch	1.16
gong	1.16
graded	1.16
graders	1.16
greasy	1.16
grieving	1.16
grooming	1.16
hacks	1.16
hamburger	1.16
heed	1.16
hideous	1.16
homepage	1.16
hoops	1.16
howell	1.16
ib	1.16
imaginative	1.16
imperfect	1.16
implicit	1.16
indo	1.16
inlet	1.16
insensitive	1.16
interpreting	1.16
islanders	1.16
iss	1.16
jars	1.16
keystone	1.16
knitting	1.16
kramer	1.16
kudos	1.16
layered	1.16
lieu	1.16
liquidity	1.16
loch	1.16
lola	1.16
lotion	1.16
lows	1.16
lucia	1.16
lutheran	1.16
mains	1.16
manipulating	1.16
mara	1.16
marquis	1.16
mayhem	1.16
mens	1.16
merging	1.16
mistakenly	1.16
mould	1.16
neuroscience	1.16
niger	1.16
nipple	1.16
noses	1.16
nostalgic	1.16
nra	1.16
nv	1.16
oppressive	1.16
pasadena	1.16
patronage	1.16
pearce	1.16
pinnacle	1.16
plagued	1.16
plated	1.16
pods	1.16
pong	1.16
poorest	1.16
programmers	1.16
prompting	1.16
prosper	1.16
psi	1.16
quake	1.16
qualitative	1.16
queries	1.16
racer	1.16
radial	1.16
realms	1.16
recap	1.16
recognizable	1.16
reconnaissance	1.16
regent	1.16
reigning	1.16
reluctantly	1.16
rendition	1.16
resumes	1.16
revisions	1.16
roadside	1.16
rovers	1.16
saskatchewan	1.16
scarlett	1.16
scientifically	1.16
scrambled	1.16
scratches	1.16
secretariat	1.16
semitism	1.16
sew	1.16
shaky	1.16
sham	1.16
shortcomings	1.16
shredded	1.16
siberia	1.16
sinai	1.16
slayer	1.16
smokes	1.16
soothing	1.16
spawned	1.16
specialised	1.16
stalker	1.16
statistic	1.16
stature	1.16
steward	1.16
stout	1.16
strategically	1.16
stripper	1.16
stump	1.16
submarines	1.16
subordinate	1.16
swimmers	1.16
synagogue	1.16
tentative	1.16
texted	1.16
tongues	1.16
topical	1.16
transforms	1.16
uhh	1.16
uneasy	1.16
unfold	1.16
usda	1.16
uss	1.16
variance	1.16
vested	1.16
vols	1.16
wagons	1.16
wah	1.16
wally	1.16
walters	1.16
wavelength	1.16
workload	1.16
xii	1.16
yells	1.16
acquitted	1.15
admiralty	1.15
ageing	1.15
aiding	1.15
artificially	1.15
asa	1.15
aux	1.15
barring	1.15
bead	1.15
berth	1.15
billionaires	1.15
blackmail	1.15
blending	1.15
blindness	1.15
bragging	1.15
brightly	1.15
burglary	1.15
busting	1.15
cafeteria	1.15
canary	1.15
cannons	1.15
capacities	1.15
cardio	1.15
carla	1.15
caucasian	1.15
ceramics	1.15
cheats	1.15
chilean	1.15
clauses	1.15
clumsy	1.15
commuter	1.15
composing	1.15
contingency	1.15
coworkers	1.15
cupboard	1.15
curated	1.15
customized	1.15
daft	1.15
dani	1.15
defences	1.15
depended	1.15
deprivation	1.15
dewey	1.15
disney's	1.15
disqualified	1.15
disrupted	1.15
diversified	1.15
documenting	1.15
doubted	1.15
downing	1.15
duly	1.15
dusk	1.15
edits	1.15
enchanted	1.15
environmentally	1.15
episcopal	1.15
escalated	1.15
everlasting	1.15
excellency	1.15
executions	1.15
faking	1.15
feasibility	1.15
federally	1.15
flavored	1.15
formulas	1.15
freddy	1.15
frenzy	1.15
fridays	1.15
fuckers	1.15
fulfillment	1.15
general's	1.15
gg	1.15
godfather	1.15
gould	1.15
gran	1.15
groundwater	1.15
heidi	1.15
hospitalized	1.15
hostilities	1.15
hyundai	1.15
illusions	1.15
inadvertently	1.15
indifferent	1.15
inject	1.15
insistence	1.15
interiors	1.15
intimidated	1.15
invariably	1.15
invincible	1.15
jams	1.15
jfk	1.15
joe's	1.15
jubilee	1.15
kia	1.15
kinetic	1.15
lam	1.15
lashes	1.15
latvia	1.15
laurence	1.15
lavender	1.15
lemonade	1.15
lenin	1.15
lodging	1.15
lowell	1.15
malls	1.15
mania	1.15
medically	1.15
menus	1.15
mule	1.15
mythical	1.15
nathaniel	1.15
neutron	1.15
newcomers	1.15
nicaragua	1.15
nicholson	1.15
nicknamed	1.15
occupations	1.15
oecd	1.15
ooo	1.15
orderly	1.15
orient	1.15
orion	1.15
outset	1.15
paralyzed	1.15
parry	1.15
parted	1.15
patio	1.15
peacock	1.15
pedestrians	1.15
pepsi	1.15
pf	1.15
pines	1.15
pitchers	1.15
plugged	1.15
postcard	1.15
pow	1.15
powerhouse	1.15
precursor	1.15
preferable	1.15
preparatory	1.15
prism	1.15
proclamation	1.15
proponents	1.15
provocative	1.15
pu	1.15
purposely	1.15
qc	1.15
questionnaire	1.15
reclaim	1.15
redevelopment	1.15
reflex	1.15
relocate	1.15
rematch	1.15
renal	1.15
repayment	1.15
residences	1.15
restrained	1.15
rhythms	1.15
riddle	1.15
rites	1.15
rivera	1.15
roach	1.15
rockefeller	1.15
roe	1.15
royalties	1.15
rubble	1.15
sacrificing	1.15
saddam	1.15
sapphire	1.15
screwing	1.15
seam	1.15
sectional	1.15
servicing	1.15
shrinking	1.15
simulate	1.15
sioux	1.15
sloan	1.15
sniff	1.15
snowden	1.15
soaring	1.15
soluble	1.15
solvent	1.15
somebody's	1.15
spaced	1.15
squid	1.15
stamford	1.15
steph	1.15
stocked	1.15
stoked	1.15
strapped	1.15
streamed	1.15
sturdy	1.15
swarm	1.15
tanker	1.15
taxis	1.15
terra	1.15
timetable	1.15
tj	1.15
torpedo	1.15
traitors	1.15
trolley	1.15
trolling	1.15
trudeau	1.15
una	1.15
undertook	1.15
undocumented	1.15
vaginal	1.15
vance	1.15
verbs	1.15
viability	1.15
victoria's	1.15
villas	1.15
wat	1.15
whispered	1.15
widening	1.15
winged	1.15
wiping	1.15
wolverine	1.15
wrought	1.15
xiii	1.15
yearbook	1.15
yikes	1.15
abbot	1.14
abduction	1.14
ache	1.14
advises	1.14
afro	1.14
ancestral	1.14
anchors	1.14
antiquity	1.14
apocalyptic	1.14
appraisal	1.14
aqua	1.14
aspen	1.14
atlantis	1.14
augustus	1.14
author's	1.14
autistic	1.14
barnett	1.14
baylor	1.14
bearer	1.14
bernstein	1.14
bins	1.14
bk	1.14
bleak	1.14
blender	1.14
bmi	1.14
bogus	1.14
booming	1.14
bridget	1.14
bruises	1.14
btc	1.14
burt	1.14
cages	1.14
caldwell	1.14
cara	1.14
cavs	1.14
centric	1.14
chaired	1.14
chaplain	1.14
chlorine	1.14
chow	1.14
chubby	1.14
clement	1.14
collusion	1.14
contenders	1.14
contractual	1.14
coroner	1.14
correctional	1.14
correspondents	1.14
corridors	1.14
couldnt	1.14
creamy	1.14
cubes	1.14
daryl	1.14
deterioration	1.14
diapers	1.14
dirk	1.14
disbelief	1.14
discreet	1.14
distracting	1.14
dizzy	1.14
dre	1.14
duet	1.14
dustin	1.14
dyed	1.14
eisenhower	1.14
elle	1.14
elsa	1.14
enact	1.14
evaluations	1.14
everest	1.14
exporting	1.14
expressive	1.14
facilitating	1.14
fiddle	1.14
fists	1.14
flaming	1.14
foes	1.14
folds	1.14
fortified	1.14
fran	1.14
françois	1.14
garfield	1.14
generalized	1.14
gl	1.14
glossy	1.14
gregg	1.14
grit	1.14
hammered	1.14
haram	1.14
harassing	1.14
hauled	1.14
hectares	1.14
hobart	1.14
homelessness	1.14
hopping	1.14
horrendous	1.14
horrified	1.14
hostel	1.14
hound	1.14
htc	1.14
hugged	1.14
illegitimate	1.14
illicit	1.14
importing	1.14
incompetence	1.14
insomnia	1.14
interception	1.14
invaders	1.14
irl	1.14
israelis	1.14
juniors	1.14
karaoke	1.14
kemp	1.14
kosovo	1.14
kw	1.14
lagoon	1.14
len	1.14
lesions	1.14
limp	1.14
lingering	1.14
linguistics	1.14
locating	1.14
logically	1.14
lucifer	1.14
lumpur	1.14
lunatic	1.14
lyrical	1.14
manifestation	1.14
manitoba	1.14
manufactures	1.14
mastering	1.14
mead	1.14
mergers	1.14
mhz	1.14
migrate	1.14
mildly	1.14
miraculous	1.14
moaning	1.14
mocked	1.14
mos	1.14
mosquitoes	1.14
mourn	1.14
mundane	1.14
narrowed	1.14
nay	1.14
nests	1.14
ngo	1.14
nielsen	1.14
nr	1.14
nutshell	1.14
ob	1.14
obsessive	1.14
offending	1.14
offseason	1.14
oswald	1.14
overboard	1.14
paws	1.14
pendant	1.14
petite	1.14
petitions	1.14
pharma	1.14
pimp	1.14
pipelines	1.14
poised	1.14
pol	1.14
posterior	1.14
pouch	1.14
predicts	1.14
prescriptions	1.14
probes	1.14
proficiency	1.14
progresses	1.14
protestors	1.14
psychotic	1.14
racists	1.14
referees	1.14
reinforcement	1.14
relegation	1.14
repertoire	1.14
repository	1.14
reversing	1.14
rican	1.14
rumble	1.14
sachs	1.14
saloon	1.14
sanction	1.14
sexes	1.14
shack	1.14
sinners	1.14
sire	1.14
slated	1.14
soaking	1.14
stale	1.14
stereotype	1.14
sterile	1.14
stride	1.14
stringent	1.14
sulfur	1.14
sun's	1.14
surfaced	1.14
suzuki	1.14
tacos	1.14
therapists	1.14
torrent	1.14
tp	1.14
trainee	1.14
transmitting	1.14
trey	1.14
tripped	1.14
trough	1.14
trunks	1.14
tummy	1.14
unjust	1.14
upbringing	1.14
uploading	1.14
vaughan	1.14
venezuelan	1.14
vis	1.14
vivian	1.14
vivo	1.14
wager	1.14
walled	1.14
warehouses	1.14
whack	1.14
whoops	1.14
wichita	1.14
wilde	1.14
wilmington	1.14
zambia	1.14
accelerator	1.13
accuses	1.13
acrylic	1.13
ames	1.13
anchorage	1.13
annexation	1.13
approves	1.13
ascent	1.13
assassins	1.13
atkinson	1.13
ballad	1.13
banged	1.13
basel	1.13
beckett	1.13
bel	1.13
betray	1.13
betsy	1.13
bigotry	1.13
biotechnology	1.13
blanc	1.13
bookstore	1.13
boomers	1.13
boone	1.13
bots	1.13
breakers	1.13
broom	1.13
browne	1.13
brute	1.13
buffy	1.13
busiest	1.13
camouflage	1.13
cary	1.13
catalan	1.13
chiefly	1.13
childbirth	1.13
chills	1.13
chung	1.13
collaborating	1.13
compliant	1.13
conservatism	1.13
continuum	1.13
corona	1.13
cosplay	1.13
cowardly	1.13
cpr	1.13
cruises	1.13
css	1.13
cultivate	1.13
curls	1.13
cyril	1.13
dealership	1.13
dearest	1.13
decker	1.13
defy	1.13
della	1.13
denotes	1.13
densely	1.13
derives	1.13
devoid	1.13
dhabi	1.13
diagrams	1.13
dickinson	1.13
disparity	1.13
diva	1.13
divert	1.13
dlc	1.13
drawers	1.13
eater	1.13
eaton	1.13
elegance	1.13
elias	1.13
encrypted	1.13
englishman	1.13
escorts	1.13
exposes	1.13
extraordinarily	1.13
facade	1.13
farmhouse	1.13
fertilizer	1.13
filler	1.13
fishes	1.13
flea	1.13
footwear	1.13
foxes	1.13
fri	1.13
fritz	1.13
froze	1.13
frying	1.13
giovanni	1.13
goodies	1.13
greenland	1.13
handbag	1.13
handicapped	1.13
haze	1.13
headquartered	1.13
helium	1.13
hemp	1.13
hitch	1.13
hoc	1.13
hutchinson	1.13
ike	1.13
incarnation	1.13
inhibitors	1.13
intrusion	1.13
inverse	1.13
inverted	1.13
irritation	1.13
jae	1.13
juices	1.13
julio	1.13
keywords	1.13
lavish	1.13
libyan	1.13
livelihood	1.13
livingston	1.13
mansfield	1.13
marches	1.13
mckenzie	1.13
medic	1.13
merlin	1.13
midland	1.13
miscellaneous	1.13
misguided	1.13
morrow	1.13
motivations	1.13
moto	1.13
mozart	1.13
muster	1.13
mutants	1.13
muted	1.13
noodle	1.13
nylon	1.13
override	1.13
ozone	1.13
papua	1.13
paranoia	1.13
paving	1.13
persecuted	1.13
peruvian	1.13
phosphate	1.13
php	1.13
physicist	1.13
piping	1.13
plurality	1.13
prehistoric	1.13
prescott	1.13
prohibits	1.13
pronouns	1.13
proton	1.13
psyche	1.13
quickest	1.13
redesign	1.13
relocated	1.13
reluctance	1.13
rentals	1.13
reopen	1.13
replication	1.13
rigging	1.13
rotor	1.13
sediment	1.13
seeming	1.13
selves	1.13
sneaking	1.13
solitude	1.13
spacing	1.13
standby	1.13
std	1.13
straps	1.13
strikers	1.13
stronghold	1.13
stumble	1.13
suicides	1.13
supermarkets	1.13
talbot	1.13
teacher's	1.13
theorists	1.13
there'll	1.13
therein	1.13
triangular	1.13
tricked	1.13
trooper	1.13
truthful	1.13
turret	1.13
ubiquitous	1.13
unbelievably	1.13
unconventional	1.13
unnecessarily	1.13
unnoticed	1.13
untouched	1.13
vega	1.13
ver	1.13
vibrations	1.13
vin	1.13
virgil	1.13
visionary	1.13
vitro	1.13
voodoo	1.13
wigan	1.13
wilder	1.13
witchcraft	1.13
withdrawals	1.13
withdrawing	1.13
wrestlers	1.13
yong	1.13
abbas	1.12
adultery	1.12
agile	1.12
aides	1.12
anonymously	1.12
aristotle	1.12
artifact	1.12
austerity	1.12
awfully	1.12
axes	1.12
barca	1.12
battered	1.12
beatrice	1.12
beethoven	1.12
biking	1.12
boob	1.12
boosts	1.12
bouquet	1.12
boxers	1.12
browning	1.12
bullock	1.12
cad	1.12
candidacy	1.12
cartridges	1.12
carve	1.12
cherished	1.12
climbs	1.12
clubhouse	1.12
coarse	1.12
collegiate	1.12
commonplace	1.12
compute	1.12
conan	1.12
confidently	1.12
constrained	1.12
contemplate	1.12
converter	1.12
coop	1.12
cooperating	1.12
coronary	1.12
cottages	1.12
council's	1.12
county's	1.12
cps	1.12
crook	1.12
cucumber	1.12
cupcakes	1.12
darts	1.12
david's	1.12
deco	1.12
depict	1.12
desmond	1.12
diagnose	1.12
directorate	1.12
disliked	1.12
diver	1.12
dora	1.12
dormant	1.12
dotted	1.12
drifted	1.12
duffy	1.12
embarrass	1.12
emmanuel	1.12
emulate	1.12
encompasses	1.12
endowed	1.12
enquiry	1.12
evasion	1.12
evergreen	1.12
eviction	1.12
excerpts	1.12
explodes	1.12
explorers	1.12
expulsion	1.12
fades	1.12
fedex	1.12
figs	1.12
filth	1.12
firefox	1.12
floated	1.12
foliage	1.12
foreclosure	1.12
forgets	1.12
fortnight	1.12
fresno	1.12
fs	1.12
funnier	1.12
genie	1.12
georges	1.12
glued	1.12
goo	1.12
goodwin	1.12
hannibal	1.12
heartbroken	1.12
heats	1.12
helper	1.12
hesitant	1.12
hoop	1.12
how'd	1.12
hubby	1.12
humiliated	1.12
hurdle	1.12
hypertension	1.12
immersed	1.12
immortality	1.12
indefinite	1.12
indices	1.12
insightful	1.12
invitations	1.12
io	1.12
ipswich	1.12
irrespective	1.12
island's	1.12
jacks	1.12
jeanne	1.12
kicker	1.12
kyoto	1.12
leaned	1.12
leases	1.12
ledge	1.12
levin	1.12
lgbtq	1.12
lunches	1.12
macbook	1.12
mackay	1.12
madeleine	1.12
maj	1.12
malt	1.12
mandela	1.12
marian	1.12
mayors	1.12
melts	1.12
michaels	1.12
mindfulness	1.12
mined	1.12
mj	1.12
moderator	1.12
momma	1.12
monstrous	1.12
moran	1.12
morphology	1.12
mustache	1.12
nasdaq	1.12
natal	1.12
nodded	1.12
novice	1.12
obituary	1.12
olivier	1.12
ordination	1.12
organization's	1.12
otis	1.12
owls	1.12
parity	1.12
paterson	1.12
percentages	1.12
persuasive	1.12
pests	1.12
pew	1.12
philips	1.12
piled	1.12
poking	1.12
populous	1.12
postwar	1.12
presided	1.12
prevailed	1.12
proactive	1.12
prob	1.12
projector	1.12
prominently	1.12
prudent	1.12
qualifier	1.12
quincy	1.12
radios	1.12
ratified	1.12
realising	1.12
refining	1.12
regretted	1.12
reliant	1.12
reputable	1.12
revolver	1.12
revolving	1.12
ricardo	1.12
rink	1.12
ripple	1.12
robbers	1.12
routledge	1.12
salts	1.12
sampled	1.12
scrolls	1.12
seeker	1.12
sentinel	1.12
signalling	1.12
sirens	1.12
slovenia	1.12
solemn	1.12
spacex	1.12
spacious	1.12
spheres	1.12
spraying	1.12
sprung	1.12
stacey	1.12
starr	1.12
substantive	1.12
substitution	1.12
sugars	1.12
sweetest	1.12
taxing	1.12
tobago	1.12
torah	1.12
torso	1.12
transcripts	1.12
tremendously	1.12
trojan	1.12
tumble	1.12
unleash	1.12
unpublished	1.12
untrue	1.12
verbally	1.12
vitality	1.12
wc	1.12
weeping	1.12
whispering	1.12
windshield	1.12
wolfe	1.12
zodiac	1.12
abandonment	1.11
abyss	1.11
accession	1.11
acquaintances	1.11
alvarez	1.11
alvin	1.11
amateurs	1.11
amir	1.11
anders	1.11
archived	1.11
arithmetic	1.11
arson	1.11
astronomers	1.11
auditions	1.11
authoritative	1.11
awarding	1.11
barren	1.11
basal	1.11
batsman	1.11
bedding	1.11
bender	1.11
bethlehem	1.11
bicycles	1.11
boi	1.11
bourgeois	1.11
braking	1.11
bribery	1.11
brunette	1.11
bureaucratic	1.11
buzzer	1.11
cactus	1.11
carlson	1.11
cassette	1.11
chants	1.11
characterised	1.11
childcare	1.11
chocolates	1.11
chronological	1.11
cleavage	1.11
clones	1.11
cohort	1.11
commandments	1.11
conceive	1.11
condensed	1.11
contemporaries	1.11
controversies	1.11
convened	1.11
conveyed	1.11
crabs	1.11
cuddle	1.11
culprit	1.11
darius	1.11
daunting	1.11
demos	1.11
deviation	1.11
diffusion	1.11
dildo	1.11
distrust	1.11
dominates	1.11
echoed	1.11
elbows	1.11
ellison	1.11
elves	1.11
embark	1.11
empires	1.11
entrepreneurial	1.11
ether	1.11
etiquette	1.11
exhibiting	1.11
extravagant	1.11
familiarity	1.11
felipe	1.11
fender	1.11
feng	1.11
ferris	1.11
fetal	1.11
fiance	1.11
finer	1.11
fittings	1.11
flushing	1.11
fn	1.11
freeing	1.11
fused	1.11
goa	1.11
gorge	1.11
greenwood	1.11
groves	1.11
gu	1.11
gutted	1.11
harp	1.11
hartley	1.11
heartfelt	1.11
hinted	1.11
hoodie	1.11
housewife	1.11
housewives	1.11
hubs	1.11
hypocrite	1.11
incorporation	1.11
insure	1.11
joyful	1.11
judah	1.11
kabul	1.11
kelley	1.11
kickoff	1.11
kimberly	1.11
lacrosse	1.11
lars	1.11
latex	1.11
leftover	1.11
legalization	1.11
lf	1.11
localized	1.11
lori	1.11
malibu	1.11
mammoth	1.11
martyrs	1.11
marvellous	1.11
matchup	1.11
meh	1.11
merkel	1.11
modem	1.11
mosques	1.11
motif	1.11
necks	1.11
newcomer	1.11
nic	1.11
nobles	1.11
oats	1.11
ominous	1.11
openness	1.11
optimized	1.11
overheard	1.11
oversized	1.11
pak	1.11
pandora	1.11
panicked	1.11
paolo	1.11
papal	1.11
patton	1.11
pepe	1.11
peril	1.11
pk	1.11
playable	1.11
plunged	1.11
polly	1.11
pores	1.11
posh	1.11
practising	1.11
precaution	1.11
principally	1.11
professionalism	1.11
puppets	1.11
pv	1.11
rampage	1.11
reassuring	1.11
rebirth	1.11
recharge	1.11
rehearsals	1.11
reliably	1.11
renovations	1.11
reservoirs	1.11
retina	1.11
revolves	1.11
riff	1.11
rosen	1.11
rossi	1.11
rr	1.11
rutgers	1.11
sahara	1.11
scattering	1.11
scrape	1.11
scripted	1.11
semantic	1.11
shear	1.11
shedding	1.11
sherry	1.11
shitting	1.11
silicone	1.11
skepticism	1.11
slovakia	1.11
sly	1.11
smiley	1.11
smithsonian	1.11
snoop	1.11
sponsoring	1.11
stables	1.11
startling	1.11
strands	1.11
strife	1.11
stylist	1.11
sunday's	1.11
superheroes	1.11
tattooed	1.11
tenor	1.11
thrift	1.11
toured	1.11
transformations	1.11
traverse	1.11
turnaround	1.11
uterus	1.11
validate	1.11
vid	1.11
vocalist	1.11
vw	1.11
warranted	1.11
weakening	1.11
westbrook	1.11
wildcats	1.11
wipes	1.11
womens	1.11
wrists	1.11
xvi	1.11
yielding	1.11
zebra	1.11
zionist	1.11
α	1.11
abrams	1.10
aces	1.10
aft	1.10
albion	1.10
anesthesia	1.10
anonymity	1.10
anticipating	1.10
antoine	1.10
appropriation	1.10
aria	1.10
articulated	1.10
assassinated	1.10
babes	1.10
bandits	1.10
banished	1.10
barefoot	1.10
barrage	1.10
bartlett	1.10
beauties	1.10
bestowed	1.10
bethesda	1.10
blackpool	1.10
bordering	1.10
bournemouth	1.10
brilliance	1.10
britney	1.10
broth	1.10
bruised	1.10
buns	1.10
burnley	1.10
cabins	1.10
campaigned	1.10
centenary	1.10
ceos	1.10
checkpoint	1.10
chloride	1.10
classify	1.10
clinically	1.10
cocky	1.10
coefficient	1.10
coined	1.10
collapsing	1.10
collisions	1.10
condemning	1.10
conditioner	1.10
conductors	1.10
cones	1.10
conglomerate	1.10
consultations	1.10
conversions	1.10
cornerstone	1.10
correctness	1.10
counterfeit	1.10
damian	1.10
dazzling	1.10
dea	1.10
deacon	1.10
debuts	1.10
deceived	1.10
delaying	1.10
dentistry	1.10
desks	1.10
detainees	1.10
dictated	1.10
dino	1.10
disks	1.10
dismissing	1.10
dortmund	1.10
edgy	1.10
eff	1.10
elevators	1.10
elton	1.10
encore	1.10
engages	1.10
enormously	1.10
epstein	1.10
err	1.10
erupted	1.10
espresso	1.10
evade	1.10
fab	1.10
fairs	1.10
freaky	1.10
freshmen	1.10
futile	1.10
genera	1.10
germs	1.10
glacial	1.10
glands	1.10
gloomy	1.10
graceful	1.10
grievances	1.10
gritty	1.10
hanoi	1.10
hayley	1.10
heartbreak	1.10
heist	1.10
heterosexual	1.10
hewitt	1.10
hinder	1.10
hobbit	1.10
horseback	1.10
hospice	1.10
hotline	1.10
huang	1.10
inhibition	1.10
integer	1.10
interdisciplinary	1.10
intermittent	1.10
intimidation	1.10
islamist	1.10
italia	1.10
iteration	1.10
joys	1.10
kitchens	1.10
kremlin	1.10
langley	1.10
liners	1.10
liv	1.10
lv	1.10
madagascar	1.10
magnum	1.10
malay	1.10
mandates	1.10
martian	1.10
mashed	1.10
maxim	1.10
mcdonalds	1.10
mei	1.10
melancholy	1.10
meteorological	1.10
milf	1.10
misplaced	1.10
misty	1.10
modifying	1.10
moines	1.10
monsieur	1.10
mop	1.10
multicultural	1.10
nearing	1.10
negatives	1.10
negligible	1.10
nesting	1.10
nudity	1.10
obligatory	1.10
oceanic	1.10
od	1.10
oooh	1.10
ornaments	1.10
outpost	1.10
outputs	1.10
overflow	1.10
oxidation	1.10
panorama	1.10
pascal	1.10
peep	1.10
pencils	1.10
pervasive	1.10
pickle	1.10
pinky	1.10
playwright	1.10
pledges	1.10
predatory	1.10
preface	1.10
prescribe	1.10
punitive	1.10
quits	1.10
rainforest	1.10
raphael	1.10
reborn	1.10
reddish	1.10
refurbished	1.10
region's	1.10
repercussions	1.10
reprint	1.10
restroom	1.10
rhythmic	1.10
robber	1.10
robes	1.10
rockies	1.10
roi	1.10
roommates	1.10
roulette	1.10
rounding	1.10
rowing	1.10
rulings	1.10
rumored	1.10
rupees	1.10
sam's	1.10
samoa	1.10
samson	1.10
satin	1.10
scatter	1.10
scramble	1.10
scraps	1.10
segregated	1.10
semantics	1.10
settles	1.10
shameless	1.10
sharif	1.10
showtime	1.10
silenced	1.10
sinner	1.10
skeletal	1.10
skeletons	1.10
skulls	1.10
slows	1.10
snapshot	1.10
soar	1.10
something's	1.10
spherical	1.10
spotting	1.10
sprinkle	1.10
spruce	1.10
squared	1.10
squirrels	1.10
stacy	1.10
stamina	1.10
standalone	1.10
stimuli	1.10
subconscious	1.10
thinker	1.10
tonic	1.10
tossing	1.10
troublesome	1.10
tumour	1.10
twain	1.10
uncertainties	1.10
underestimated	1.10
utopia	1.10
vanish	1.10
vigorously	1.10
visibly	1.10
vowed	1.10
vpn	1.10
waterways	1.10
wetlands	1.10
whitman	1.10
wrecking	1.10
xiv	1.10
abigail	1.09
abrupt	1.09
acronym	1.09
adaptations	1.09
adversity	1.09
advertiser	1.09
affidavit	1.09
amc	1.09
antics	1.09
antony	1.09
ao	1.09
appreciates	1.09
area's	1.09
artworks	1.09
asserts	1.09
astrology	1.09
attachments	1.09
authorize	1.09
bank's	1.09
baroness	1.09
barrow	1.09
begs	1.09
bengals	1.09
binds	1.09
biographical	1.09
biomass	1.09
bitcoins	1.09
blanche	1.09
blm	1.09
blouse	1.09
bodyguard	1.09
borrowers	1.09
botany	1.09
bras	1.09
bulldog	1.09
caterpillar	1.09
censored	1.09
chatter	1.09
cheered	1.09
chops	1.09
cleric	1.09
cn	1.09
colbert	1.09
comedic	1.09
compile	1.09
compressor	1.09
compton	1.09
conferred	1.09
conn	1.09
constantinople	1.09
contrasts	1.09
cooke	1.09
cougar	1.09
creeps	1.09
cutler	1.09
czechoslovakia	1.09
deadlines	1.09
deceive	1.09
defamation	1.09
denny	1.09
department's	1.09
det	1.09
digs	1.09
diminishing	1.09
directional	1.09
disagreements	1.09
disciple	1.09
ditto	1.09
divergent	1.09
doctorate	1.09
doncaster	1.09
donnie	1.09
downright	1.09
dues	1.09
dumbest	1.09
dwellings	1.09
electrode	1.09
elemental	1.09
elevate	1.09
eliminates	1.09
encoding	1.09
excludes	1.09
exemplary	1.09
exited	1.09
expansive	1.09
fife	1.09
firm's	1.09
flakes	1.09
flavours	1.09
geez	1.09
gemini	1.09
gifs	1.09
gland	1.09
gotcha	1.09
gst	1.09
guerrilla	1.09
gutter	1.09
hearty	1.09
highschool	1.09
hillside	1.09
hitler's	1.09
hms	1.09
hodges	1.09
hoo	1.09
hovering	1.09
ht	1.09
hun	1.09
hysteria	1.09
impartial	1.09
imperialism	1.09
imprint	1.09
incremental	1.09
independents	1.09
infancy	1.09
infused	1.09
inhibitor	1.09
initiating	1.09
injuring	1.09
inquire	1.09
inscribed	1.09
insulated	1.09
jang	1.09
jogging	1.09
jumbo	1.09
kale	1.09
katz	1.09
keyboards	1.09
kraft	1.09
landowners	1.09
lash	1.09
latina	1.09
lee's	1.09
leftovers	1.09
louie	1.09
lte	1.09
luca	1.09
madras	1.09
magnets	1.09
manageable	1.09
manslaughter	1.09
manuals	1.09
marianne	1.09
martin's	1.09
mecca	1.09
meridian	1.09
midi	1.09
mikhail	1.09
mir	1.09
misdemeanor	1.09
misfortune	1.09
mondays	1.09
moons	1.09
mountainous	1.09
ndp	1.09
nearer	1.09
newfoundland	1.09
obnoxious	1.09
olsen	1.09
orphanage	1.09
overseeing	1.09
paused	1.09
penned	1.09
perpetrators	1.09
phoebe	1.09
pilgrim	1.09
plainly	1.09
positives	1.09
punishments	1.09
purdue	1.09
qualifies	1.09
rake	1.09
recalling	1.09
resent	1.09
retreated	1.09
retribution	1.09
revolutions	1.09
rhetorical	1.09
rightful	1.09
robbing	1.09
royale	1.09
rumour	1.09
safeguards	1.09
savages	1.09
sbs	1.09
semen	1.09
senegal	1.09
sequencing	1.09
shapiro	1.09
shea	1.09
shorten	1.09
sighs	1.09
sixteenth	1.09
slime	1.09
sow	1.09
sparkle	1.09
spawn	1.09
sql	1.09
successors	1.09
suffrage	1.09
superiors	1.09
surrogate	1.09
synopsis	1.09
tainted	1.09
tanya	1.09
ticks	1.09
toddlers	1.09
tomas	1.09
toothbrush	1.09
towed	1.09
trapping	1.09
treatise	1.09
tristan	1.09
uphill	1.09
upton	1.09
validated	1.09
variability	1.09
waltz	1.09
wooded	1.09
workings	1.09
zac	1.09
zhou	1.09
acl	1.08
adhesive	1.08
adolf	1.08
adorned	1.08
affluent	1.08
als	1.08
ambiguity	1.08
anguish	1.08
annals	1.08
antitrust	1.08
apologizing	1.08
archaeologists	1.08
arid	1.08
avg	1.08
bandit	1.08
barrister	1.08
bazaar	1.08
beneficiary	1.08
beyoncé	1.08
bianca	1.08
biker	1.08
bipartisan	1.08
birthplace	1.08
bl	1.08
bono	1.08
bracelets	1.08
brides	1.08
brochure	1.08
brokerage	1.08
buildup	1.08
butch	1.08
canucks	1.08
carly	1.08
carpets	1.08
carriages	1.08
catholicism	1.08
cgi	1.08
chained	1.08
chats	1.08
cheng	1.08
ching	1.08
chopping	1.08
cigars	1.08
civilisation	1.08
closures	1.08
coasts	1.08
cobalt	1.08
collaborated	1.08
collapses	1.08
collier	1.08
colossal	1.08
comm	1.08
commodore	1.08
compiler	1.08
conserve	1.08
constellation	1.08
contour	1.08
crispy	1.08
cropped	1.08
crore	1.08
crowley	1.08
curfew	1.08
daytona	1.08
decidedly	1.08
delusion	1.08
demi	1.08
depreciation	1.08
designate	1.08
dh	1.08
discard	1.08
discontent	1.08
div	1.08
dixie	1.08
dopamine	1.08
douche	1.08
dunes	1.08
dyke	1.08
echoing	1.08
eclectic	1.08
ecstatic	1.08
ejected	1.08
endemic	1.08
enlist	1.08
entails	1.08
envisioned	1.08
eta	1.08
exchanging	1.08
exiled	1.08
eyebrow	1.08
fascists	1.08
firefighter	1.08
flashbacks	1.08
fluorescent	1.08
francois	1.08
freakin	1.08
friday's	1.08
fulham	1.08
futuristic	1.08
gearing	1.08
hallmark	1.08
hanover	1.08
harrington	1.08
haste	1.08
hauling	1.08
heathrow	1.08
hybrids	1.08
hyun	1.08
identifiable	1.08
igor	1.08
illiterate	1.08
immaculate	1.08
improvised	1.08
inclination	1.08
infested	1.08
insurgents	1.08
interpersonal	1.08
interracial	1.08
intruder	1.08
inward	1.08
ipo	1.08
itching	1.08
jai	1.08
jarvis	1.08
jenner	1.08
johann	1.08
jolie	1.08
judas	1.08
judd	1.08
kan	1.08
kaplan	1.08
kinky	1.08
korea's	1.08
landings	1.08
launcher	1.08
ld	1.08
legality	1.08
lenny	1.08
lessen	1.08
lifespan	1.08
longitudinal	1.08
loosen	1.08
ly	1.08
macedonia	1.08
mandy	1.08
masculinity	1.08
matured	1.08
mcgee	1.08
mcgraw	1.08
microscopic	1.08
midday	1.08
moan	1.08
moods	1.08
morphine	1.08
motherhood	1.08
motorola	1.08
murderous	1.08
nb	1.08
nirvana	1.08
nonstop	1.08
notoriously	1.08
nrl	1.08
oatmeal	1.08
opaque	1.08
ordnance	1.08
originate	1.08
otter	1.08
parting	1.08
pelvic	1.08
percussion	1.08
pigment	1.08
plato	1.08
populist	1.08
porous	1.08
preached	1.08
predictive	1.08
proofs	1.08
pulses	1.08
racially	1.08
racks	1.08
refunds	1.08
registrar	1.08
regulars	1.08
rein	1.08
relic	1.08
retard	1.08
reunite	1.08
reuse	1.08
reyes	1.08
risked	1.08
ritchie	1.08
rl	1.08
roadway	1.08
rollins	1.08
rustic	1.08
rutherford	1.08
sanitary	1.08
sao	1.08
saturation	1.08
scams	1.08
scarcity	1.08
scorpion	1.08
scott's	1.08
setback	1.08
shaming	1.08
shrubs	1.08
sizable	1.08
slippers	1.08
smoker	1.08
soho	1.08
spartan	1.08
speculated	1.08
spilling	1.08
squeezing	1.08
stalled	1.08
stimulated	1.08
straits	1.08
stun	1.08
subdued	1.08
surpass	1.08
swapped	1.08
tack	1.08
tagging	1.08
tart	1.08
throats	1.08
ting	1.08
tiring	1.08
toothpaste	1.08
totaled	1.08
transformer	1.08
transient	1.08
triumphant	1.08
umpire	1.08
unborn	1.08
undisclosed	1.08
undone	1.08
unheard	1.08
vending	1.08
vicar	1.08
wallets	1.08
weep	1.08
welch	1.08
woes	1.08
woken	1.08
wrench	1.08
wretched	1.08
www	1.08
adler	1.07
adolescence	1.07
affirmed	1.07
afterlife	1.07
allowances	1.07
ammonia	1.07
analogous	1.07
anarchist	1.07
anecdotes	1.07
anglican	1.07
animations	1.07
ankara	1.07
appropriations	1.07
apron	1.07
archaic	1.07
assange	1.07
assaulting	1.07
attribution	1.07
avant	1.07
baffled	1.07
baird	1.07
barlow	1.07
benton	1.07
biochemistry	1.07
bm	1.07
boise	1.07
bop	1.07
bordeaux	1.07
breached	1.07
burr	1.07
carbs	1.07
cavaliers	1.07
censor	1.07
centennial	1.07
cheney	1.07
cher	1.07
civilizations	1.07
clapping	1.07
clinging	1.07
clover	1.07
cms	1.07
coatings	1.07
coils	1.07
colonization	1.07
connolly	1.07
cookbook	1.07
corinthians	1.07
cosmopolitan	1.07
counselors	1.07
coyote	1.07
crippling	1.07
cristina	1.07
cromwell	1.07
cy	1.07
decorate	1.07
decorating	1.07
deductible	1.07
diagonal	1.07
discredit	1.07
dodd	1.07
dresser	1.07
duff	1.07
dysfunctional	1.07
ebooks	1.07
elm	1.07
emphasizing	1.07
ems	1.07
enquiries	1.07
equitable	1.07
estrogen	1.07
etsy	1.07
exert	1.07
expeditions	1.07
faculties	1.07
felicity	1.07
fernandez	1.07
feudal	1.07
fins	1.07
flattened	1.07
fleece	1.07
fodder	1.07
forwarded	1.07
fumble	1.07
galloway	1.07
giggles	1.07
git	1.07
glare	1.07
godzilla	1.07
gourmet	1.07
gripping	1.07
handheld	1.07
handshake	1.07
harming	1.07
hayward	1.07
hefty	1.07
helsinki	1.07
herbal	1.07
herrera	1.07
hippie	1.07
hops	1.07
horton	1.07
hump	1.07
idiotic	1.07
ids	1.07
implements	1.07
incarceration	1.07
incest	1.07
infect	1.07
insertion	1.07
interruption	1.07
intrigue	1.07
itch	1.07
jacqueline	1.07
jc	1.07
joaquin	1.07
kurds	1.07
lattice	1.07
leaps	1.07
legitimately	1.07
lends	1.07
leroy	1.07
linebacker	1.07
lockheed	1.07
lowers	1.07
luke's	1.07
magically	1.07
marketers	1.07
mastermind	1.07
materially	1.07
metadata	1.07
middlesex	1.07
minister's	1.07
mischief	1.07
modernization	1.07
mums	1.07
necessities	1.07
neptune	1.07
nerds	1.07
nero	1.07
noticeably	1.07
occupancy	1.07
oman	1.07
oncology	1.07
opposes	1.07
outsourcing	1.07
overrun	1.07
parcels	1.07
pasture	1.07
pathological	1.07
payload	1.07
payout	1.07
pelosi	1.07
persia	1.07
pertinent	1.07
pigeons	1.07
plentiful	1.07
plumber	1.07
png	1.07
porno	1.07
portfolios	1.07
preserves	1.07
promoters	1.07
prosecuting	1.07
purchaser	1.07
rahul	1.07
rapes	1.07
rarity	1.07
realty	1.07
rebellious	1.07
reefs	1.07
referencing	1.07
reminders	1.07
repealed	1.07
reptiles	1.07
revisit	1.07
ribbons	1.07
santo	1.07
satirical	1.07
saturday's	1.07
screenings	1.07
sensual	1.07
sixties	1.07
slapping	1.07
slump	1.07
soften	1.07
sos	1.07
souvenir	1.07
spaceship	1.07
spaniards	1.07
sparse	1.07
spinner	1.07
steamer	1.07
subsidized	1.07
suction	1.07
sunflower	1.07
supplementary	1.07
surveyor	1.07
swallowing	1.07
tailed	1.07
temperament	1.07
thirteenth	1.07
topless	1.07
torment	1.07
tyrant	1.07
unattractive	1.07
unbeaten	1.07
understatement	1.07
undesirable	1.07
unfairly	1.07
unification	1.07
vineyards	1.07
wastes	1.07
wastewater	1.07
wb	1.07
weaponry	1.07
webpage	1.07
wheeled	1.07
whipping	1.07
widows	1.07
wildfire	1.07
withheld	1.07
withholding	1.07
wreath	1.07
wt	1.07
yer	1.07
administrations	1.06
afar	1.06
affectionate	1.06
afp	1.06
agitated	1.06
akron	1.06
albania	1.06
angie	1.06
annuity	1.06
appliance	1.06
aroused	1.06
asserting	1.06
astros	1.06
authentication	1.06
awaken	1.06
azure	1.06
bedside	1.06
berger	1.06
besieged	1.06
biologist	1.06
blowjob	1.06
bn	1.06
boilers	1.06
bois	1.06
bonnet	1.06
bourne	1.06
braun	1.06
breaches	1.06
breeder	1.06
burying	1.06
byzantine	1.06
cadet	1.06
calming	1.06
casing	1.06
cat's	1.06
catalonia	1.06
catfish	1.06
caucasus	1.06
chicago's	1.06
clerical	1.06
coincided	1.06
collage	1.06
colonists	1.06
complimentary	1.06
compounded	1.06
computation	1.06
conjecture	1.06
conspicuous	1.06
constantine	1.06
continual	1.06
contradict	1.06
cords	1.06
crackdown	1.06
craze	1.06
crusaders	1.06
cupcake	1.06
cvs	1.06
cybersecurity	1.06
davenport	1.06
degrading	1.06
deli	1.06
deteriorated	1.06
distinguishing	1.06
dreaded	1.06
dui	1.06
dumps	1.06
dwayne	1.06
dyer	1.06
elongated	1.06
embraces	1.06
enamel	1.06
encompassing	1.06
escalate	1.06
evicted	1.06
evils	1.06
exceedingly	1.06
excessively	1.06
faked	1.06
farmland	1.06
fetched	1.06
fiercely	1.06
flashed	1.06
fostering	1.06
fourteenth	1.06
fps	1.06
france's	1.06
frontline	1.06
geese	1.06
genealogy	1.06
geographically	1.06
gibraltar	1.06
giggle	1.06
goggles	1.06
golfer	1.06
grammatical	1.06
graphite	1.06
grimm	1.06
gupta	1.06
haitian	1.06
handgun	1.06
hara	1.06
harry's	1.06
heaviest	1.06
hella	1.06
heresy	1.06
herpes	1.06
hipster	1.06
hispanics	1.06
hostess	1.06
hud	1.06
hunts	1.06
iceberg	1.06
ideologies	1.06
ignite	1.06
illumination	1.06
impoverished	1.06
improperly	1.06
ingenious	1.06
inquisition	1.06
interns	1.06
intervened	1.06
ist	1.06
jab	1.06
janice	1.06
landfill	1.06
larson	1.06
learner	1.06
lighten	1.06
lmfao	1.06
lowry	1.06
maldives	1.06
maroon	1.06
marriott	1.06
marxism	1.06
masonry	1.06
maui	1.06
mclaughlin	1.06
mechanically	1.06
mikey	1.06
millionaires	1.06
mina	1.06
moor	1.06
moreno	1.06
muffin	1.06
nadal	1.06
nigger	1.06
nih	1.06
novak	1.06
o'donnell	1.06
obi	1.06
oily	1.06
olives	1.06
ostensibly	1.06
outbreaks	1.06
outnumbered	1.06
outspoken	1.06
pacing	1.06
palate	1.06
pancake	1.06
parkway	1.06
patrick's	1.06
pedestal	1.06
pedigree	1.06
pennies	1.06
phony	1.06
pinpoint	1.06
pip	1.06
pleasantly	1.06
pluto	1.06
ponder	1.06
protestants	1.06
prowess	1.06
prussia	1.06
psychologically	1.06
pulitzer	1.06
pursuits	1.06
ramen	1.06
ramirez	1.06
ramon	1.06
rattle	1.06
recycle	1.06
reimbursement	1.06
reinforcing	1.06
reinstated	1.06
renault	1.06
renee	1.06
repent	1.06
rescuing	1.06
revert	1.06
ridges	1.06
rolex	1.06
rowe	1.06
rubin	1.06
sabrina	1.06
saliva	1.06
senseless	1.06
sermons	1.06
seventeenth	1.06
sha	1.06
shortcut	1.06
sikh	1.06
skye	1.06
slamming	1.06
slay	1.06
smoother	1.06
spence	1.06
spills	1.06
staffed	1.06
stumbling	1.06
stunts	1.06
summarized	1.06
sweeney	1.06
synth	1.06
tackled	1.06
takeoff	1.06
tammy	1.06
tat	1.06
taxable	1.06
taylor's	1.06
trafford	1.06
transmissions	1.06
treadmill	1.06
trucking	1.06
unavoidable	1.06
unilateral	1.06
vicky	1.06
vie	1.06
vijay	1.06
warped	1.06
wasp	1.06
watermelon	1.06
webber	1.06
westward	1.06
whores	1.06
widened	1.06
yin	1.06
yun	1.06
â	1.06
academies	1.05
acidic	1.05
adherence	1.05
adjective	1.05
adjourned	1.05
administration's	1.05
aint	1.05
amnesia	1.05
amplified	1.05
angola	1.05
angrily	1.05
appellate	1.05
approving	1.05
armoured	1.05
ascension	1.05
aspirin	1.05
atheists	1.05
ax	1.05
bard	1.05
bea	1.05
bearded	1.05
beetles	1.05
bends	1.05
benevolent	1.05
bestseller	1.05
bis	1.05
blackhawks	1.05
blazers	1.05
blends	1.05
blooded	1.05
blossoms	1.05
bog	1.05
bom	1.05
bombardment	1.05
borderline	1.05
boxed	1.05
brows	1.05
bungalow	1.05
burglar	1.05
calibration	1.05
cams	1.05
capitalize	1.05
charisma	1.05
cheltenham	1.05
chesapeake	1.05
chun	1.05
ck	1.05
classmate	1.05
claudio	1.05
cognition	1.05
cooker	1.05
cornish	1.05
coupe	1.05
coveted	1.05
craigslist	1.05
cristiano	1.05
crumbs	1.05
cullen	1.05
cures	1.05
curled	1.05
cylindrical	1.05
davey	1.05
deceptive	1.05
deem	1.05
deficiencies	1.05
devastation	1.05
devout	1.05
dia	1.05
dickson	1.05
disproportionate	1.05
disturbances	1.05
divisive	1.05
dk	1.05
dod	1.05
dracula	1.05
ebony	1.05
eduardo	1.05
eileen	1.05
elon	1.05
embodied	1.05
embroidered	1.05
embryo	1.05
eminem	1.05
ensued	1.05
erratic	1.05
exiting	1.05
fang	1.05
fiesta	1.05
folly	1.05
foo	1.05
foreseeable	1.05
frenchman	1.05
friedrich	1.05
fumes	1.05
garde	1.05
garnered	1.05
gerrard	1.05
gilmore	1.05
glazed	1.05
gon	1.05
griffiths	1.05
hardwood	1.05
hendrix	1.05
highness	1.05
hikes	1.05
hindsight	1.05
hinges	1.05
homophobia	1.05
houghton	1.05
hume	1.05
hymns	1.05
hz	1.05
ik	1.05
indifference	1.05
indispensable	1.05
infirmary	1.05
inflict	1.05
ingram	1.05
inhibit	1.05
insanely	1.05
intellectually	1.05
interstellar	1.05
intoxicated	1.05
involuntary	1.05
isil	1.05
issuance	1.05
itchy	1.05
jammed	1.05
jojo	1.05
junta	1.05
lankan	1.05
laos	1.05
latch	1.05
libel	1.05
ligament	1.05
likeness	1.05
lizzie	1.05
loaned	1.05
lofty	1.05
loom	1.05
luc	1.05
ludicrous	1.05
maharashtra	1.05
maize	1.05
malice	1.05
manu	1.05
marginalized	1.05
mayor's	1.05
mazda	1.05
mcmahon	1.05
melvin	1.05
middlesbrough	1.05
milestones	1.05
milford	1.05
milling	1.05
minnie	1.05
mitsubishi	1.05
mixtape	1.05
mods	1.05
mongolia	1.05
motivating	1.05
munitions	1.05
mx	1.05
myrtle	1.05
nemesis	1.05
o'reilly	1.05
originality	1.05
orioles	1.05
ornamental	1.05
owner's	1.05
oysters	1.05
pancreatic	1.05
parkinson's	1.05
parlor	1.05
partnering	1.05
pebble	1.05
peeled	1.05
perseverance	1.05
persisted	1.05
pharmacist	1.05
phillies	1.05
picky	1.05
pistons	1.05
pizzas	1.05
poole	1.05
populace	1.05
pretoria	1.05
pricey	1.05
prima	1.05
prized	1.05
profiling	1.05
progressives	1.05
prompts	1.05
propagation	1.05
psychedelic	1.05
pune	1.05
quieter	1.05
radiator	1.05
randomized	1.05
rapists	1.05
rector	1.05
redeemed	1.05
regal	1.05
relativity	1.05
rene	1.05
revered	1.05
ridicule	1.05
ridley	1.05
roasting	1.05
rocker	1.05
romero	1.05
rotting	1.05
salman	1.05
sami	1.05
sculptor	1.05
semifinals	1.05
shalt	1.05
sheen	1.05
shelton	1.05
showcasing	1.05
sincerity	1.05
sinful	1.05
slander	1.05
sleek	1.05
slew	1.05
sling	1.05
socioeconomic	1.05
solicitors	1.05
spontaneously	1.05
steamed	1.05
stockton	1.05
stratford	1.05
studs	1.05
sturgeon	1.05
subpoena	1.05
swam	1.05
sweeps	1.05
syllabus	1.05
system's	1.05
são	1.05
taiwanese	1.05
teaming	1.05
textual	1.05
thinkin	1.05
toad	1.05
tombs	1.05
troopers	1.05
tsa	1.05
tv's	1.05
tyrone	1.05
unaffected	1.05
uncles	1.05
undeniable	1.05
une	1.05
upstate	1.05
ventura	1.05
vigilant	1.05
visitation	1.05
viva	1.05
volcanoes	1.05
washer	1.05
watered	1.05
werner	1.05
wick	1.05
worldly	1.05
wp	1.05
achieves	1.04
additive	1.04
adept	1.04
advantageous	1.04
aero	1.04
afloat	1.04
agility	1.04
airbus	1.04
alba	1.04
alteration	1.04
annoyance	1.04
anon	1.04
ante	1.04
appointing	1.04
archipelago	1.04
assembling	1.04
bailed	1.04
barkley	1.04
bdsm	1.04
behaviours	1.04
belmont	1.04
bidders	1.04
bloated	1.04
blooming	1.04
blooms	1.04
boating	1.04
bonfire	1.04
bookings	1.04
bowed	1.04
brody	1.04
bullpen	1.04
cafes	1.04
cali	1.04
canine	1.04
capsules	1.04
carb	1.04
carver	1.04
causal	1.04
centrally	1.04
cheerleader	1.04
christy	1.04
circling	1.04
citadel	1.04
client's	1.04
clifton	1.04
climates	1.04
colonialism	1.04
comforts	1.04
compromising	1.04
corvette	1.04
costco	1.04
cowards	1.04
cranes	1.04
cunts	1.04
cutest	1.04
dashboard	1.04
deficient	1.04
degenerate	1.04
demonic	1.04
deterrent	1.04
disdain	1.04
disgraceful	1.04
doggy	1.04
dole	1.04
dreamt	1.04
dun	1.04
eerie	1.04
electing	1.04
enraged	1.04
envelopes	1.04
eroded	1.04
estimating	1.04
ethel	1.04
excursion	1.04
exemptions	1.04
exponential	1.04
farce	1.04
fatally	1.04
fingerprints	1.04
flanders	1.04
flickr	1.04
fling	1.04
flowed	1.04
flung	1.04
fragmented	1.04
frankenstein	1.04
frantic	1.04
fudge	1.04
gabrielle	1.04
gemma	1.04
gideon	1.04
glide	1.04
glover	1.04
gras	1.04
grieve	1.04
grimes	1.04
grossly	1.04
grudge	1.04
gucci	1.04
hairstyle	1.04
handwritten	1.04
hardships	1.04
harmonic	1.04
hb	1.04
headlights	1.04
heartless	1.04
hectic	1.04
holistic	1.04
hooper	1.04
hormonal	1.04
huffington	1.04
ict	1.04
implanted	1.04
informant	1.04
inhabit	1.04
intervening	1.04
intrusive	1.04
investigates	1.04
invoke	1.04
invoked	1.04
jackass	1.04
jericho	1.04
jonny	1.04
josephine	1.04
joyous	1.04
kiwi	1.04
latinos	1.04
leaflets	1.04
licences	1.04
lim	1.04
limo	1.04
lulu	1.04
lunchtime	1.04
lux	1.04
mace	1.04
maher	1.04
malawi	1.04
malignant	1.04
mane	1.04
mascara	1.04
matchmaking	1.04
maverick	1.04
measles	1.04
mend	1.04
mentoring	1.04
mich	1.04
microbial	1.04
microsoft's	1.04
migraine	1.04
millennial	1.04
mitt	1.04
molten	1.04
monsoon	1.04
montage	1.04
monterey	1.04
morales	1.04
napoli	1.04
negligent	1.04
netanyahu	1.04
nikon	1.04
nil	1.04
norma	1.04
ofthe	1.04
opioid	1.04
optimize	1.04
pakistan's	1.04
passionately	1.04
pastors	1.04
pathogens	1.04
penetrating	1.04
persuasion	1.04
phased	1.04
phyllis	1.04
plaid	1.04
playback	1.04
plush	1.04
portraying	1.04
portrays	1.04
positivity	1.04
practised	1.04
precedence	1.04
preferring	1.04
previews	1.04
pristine	1.04
prognosis	1.04
propeller	1.04
pyramids	1.04
quotas	1.04
racket	1.04
rags	1.04
rajasthan	1.04
realistically	1.04
reclaimed	1.04
reilly	1.04
relatable	1.04
reorganization	1.04
resembled	1.04
resided	1.04
retrieval	1.04
rotated	1.04
roundabout	1.04
saline	1.04
saviour	1.04
scarcely	1.04
scraping	1.04
serie	1.04
shipbuilding	1.04
shiva	1.04
shrugged	1.04
siemens	1.04
signings	1.04
slogans	1.04
smoky	1.04
solids	1.04
solos	1.04
spade	1.04
spoils	1.04
staffordshire	1.04
steroid	1.04
supplemented	1.04
surveying	1.04
swans	1.04
tata	1.04
tds	1.04
temperate	1.04
temps	1.04
thematic	1.04
threesome	1.04
thunderstorms	1.04
tilted	1.04
toaster	1.04
treble	1.04
turquoise	1.04
ultraviolet	1.04
unbiased	1.04
unc	1.04
uncanny	1.04
underdog	1.04
unfolding	1.04
ungrateful	1.04
untreated	1.04
usefulness	1.04
user's	1.04
vandalism	1.04
vargas	1.04
vibrating	1.04
vowel	1.04
voyager	1.04
weirdo	1.04
weld	1.04
werewolf	1.04
wilson's	1.04
wrongful	1.04
ww	1.04
xu	1.04
β	1.04
aba	1.03
acknowledgement	1.03
adored	1.03
airbnb	1.03
alerted	1.03
alleges	1.03
alligator	1.03
amends	1.03
annoys	1.03
antagonist	1.03
apa	1.03
approximation	1.03
aromatic	1.03
assurances	1.03
attendants	1.03
auschwitz	1.03
baroque	1.03
bays	1.03
behavioural	1.03
belgrade	1.03
benefiting	1.03
berg	1.03
bergen	1.03
bethany	1.03
bg	1.03
biases	1.03
binder	1.03
blindly	1.03
brig	1.03
buggy	1.03
bundled	1.03
burnett	1.03
buzzfeed	1.03
calves	1.03
camille	1.03
canonical	1.03
cautiously	1.03
ceasefire	1.03
celery	1.03
characterize	1.03
chinatown	1.03
collaborations	1.03
collaborators	1.03
commissioning	1.03
cor	1.03
counsellor	1.03
countered	1.03
couture	1.03
cramps	1.03
croatian	1.03
crowdfunding	1.03
cutie	1.03
dab	1.03
dar	1.03
darcy	1.03
dawg	1.03
dentists	1.03
deploying	1.03
deserts	1.03
df	1.03
dictates	1.03
dion	1.03
dissatisfaction	1.03
dodgy	1.03
earthly	1.03
eaters	1.03
elective	1.03
emitted	1.03
endeavors	1.03
enslaved	1.03
ent	1.03
entrances	1.03
eq	1.03
escalation	1.03
ethos	1.03
eureka	1.03
exec	1.03
eyewitness	1.03
fag	1.03
favours	1.03
fil	1.03
fitz	1.03
fleeting	1.03
flourished	1.03
forfeit	1.03
forging	1.03
foundry	1.03
fractions	1.03
fro	1.03
funerals	1.03
furnishings	1.03
giraffe	1.03
gma	1.03
gmail	1.03
grinder	1.03
gunman	1.03
hampered	1.03
hardcover	1.03
healer	1.03
heals	1.03
hermione	1.03
hinge	1.03
hubbard	1.03
hurley	1.03
illustrating	1.03
inaugurated	1.03
indexes	1.03
insiders	1.03
intestinal	1.03
intra	1.03
irons	1.03
islamabad	1.03
jock	1.03
jumpers	1.03
kidd	1.03
kneeling	1.03
knuckles	1.03
lady's	1.03
lauderdale	1.03
lifestyles	1.03
lr	1.03
ludwig	1.03
macbeth	1.03
magazine's	1.03
mamma	1.03
manic	1.03
manifold	1.03
margot	1.03
measurable	1.03
medina	1.03
meek	1.03
mellow	1.03
melon	1.03
mirrored	1.03
miscarriage	1.03
mla	1.03
mojo	1.03
msnbc	1.03
napa	1.03
narration	1.03
nasa's	1.03
nassau	1.03
nicki	1.03
nip	1.03
nxt	1.03
nye	1.03
oblivion	1.03
observes	1.03
ohhh	1.03
oilers	1.03
ornament	1.03
outpatient	1.03
pamphlet	1.03
parishes	1.03
pats	1.03
penelope	1.03
perish	1.03
perpetrator	1.03
pervert	1.03
pharaoh	1.03
philanthropy	1.03
photon	1.03
polluted	1.03
potion	1.03
premiered	1.03
preparedness	1.03
pretends	1.03
prettier	1.03
primal	1.03
princesses	1.03
prohibiting	1.03
psalms	1.03
psg	1.03
psychopath	1.03
pups	1.03
qui	1.03
quid	1.03
receptive	1.03
redundancy	1.03
reelection	1.03
reindeer	1.03
relapse	1.03
relish	1.03
rendezvous	1.03
republics	1.03
reversible	1.03
roche	1.03
rodents	1.03
rowan	1.03
rudolph	1.03
saharan	1.03
scumbag	1.03
seams	1.03
seizing	1.03
selectively	1.03
sensed	1.03
shred	1.03
sideline	1.03
sidelines	1.03
simplistic	1.03
skater	1.03
skincare	1.03
soc	1.03
spawning	1.03
spokane	1.03
sta	1.03
stabilized	1.03
stares	1.03
staten	1.03
steaming	1.03
student's	1.03
substitutes	1.03
supervise	1.03
supervising	1.03
supervisory	1.03
swapping	1.03
sweeter	1.03
syllable	1.03
synod	1.03
taipei	1.03
takeaway	1.03
tatum	1.03
teased	1.03
tees	1.03
tesco	1.03
thorpe	1.03
titus	1.03
towing	1.03
treacherous	1.03
turnbull	1.03
undermined	1.03
undermining	1.03
untold	1.03
uplifting	1.03
upsets	1.03
vaccinated	1.03
vaughn	1.03
vents	1.03
versatility	1.03
visualization	1.03
voicemail	1.03
volt	1.03
wakefield	1.03
watford	1.03
who'll	1.03
wielding	1.03
wiggins	1.03
wilkins	1.03
wingers	1.03
winnie	1.03
wits	1.03
wrongs	1.03
yeh	1.03
abnormalities	1.02
allocate	1.02
analytic	1.02
ans	1.02
apprehended	1.02
ascending	1.02
attributable	1.02
aubrey	1.02
barb	1.02
bastion	1.02
beaumont	1.02
bey	1.02
biopsy	1.02
blackwell	1.02
bolster	1.02
bray	1.02
briefs	1.02
caitlin	1.02
calais	1.02
cancelling	1.02
canning	1.02
capitalists	1.02
categorized	1.02
cba	1.02
cbi	1.02
cg	1.02
chopper	1.02
chromosomes	1.02
chunky	1.02
classed	1.02
clerks	1.02
cohesive	1.02
comey	1.02
commando	1.02
complication	1.02
computed	1.02
conquering	1.02
constituencies	1.02
contentious	1.02
contra	1.02
corbyn	1.02
cosy	1.02
coyotes	1.02
crease	1.02
cursing	1.02
deadliest	1.02
degraded	1.02
dehydration	1.02
delights	1.02
denomination	1.02
derbyshire	1.02
desserts	1.02
digestion	1.02
dismantled	1.02
dissatisfied	1.02
distinctions	1.02
docking	1.02
dodging	1.02
donut	1.02
doubting	1.02
dungeons	1.02
effected	1.02
embargo	1.02
embodiment	1.02
emptied	1.02
encoded	1.02
engraving	1.02
enhances	1.02
entrenched	1.02
explanatory	1.02
extremism	1.02
fairfield	1.02
fairies	1.02
faulkner	1.02
fg	1.02
filtration	1.02
finalized	1.02
flagged	1.02
fleets	1.02
fooling	1.02
formatting	1.02
fracking	1.02
francesca	1.02
francesco	1.02
fungal	1.02
gabe	1.02
garry	1.02
garth	1.02
ghz	1.02
gillian	1.02
glaciers	1.02
glaring	1.02
gloom	1.02
goblin	1.02
gunner	1.02
hammers	1.02
hamster	1.02
heaps	1.02
hex	1.02
homosexuals	1.02
hooking	1.02
hopped	1.02
hydra	1.02
hypocritical	1.02
illustrious	1.02
incidental	1.02
indigo	1.02
individual's	1.02
industry's	1.02
inscriptions	1.02
instruct	1.02
insurgency	1.02
intimidate	1.02
ipa	1.02
irregularities	1.02
jamming	1.02
jax	1.02
kyrie	1.02
labyrinth	1.02
lac	1.02
latency	1.02
limbo	1.02
linger	1.02
lousy	1.02
luncheon	1.02
mailbox	1.02
mammal	1.02
mcguire	1.02
membranes	1.02
memorabilia	1.02
midterm	1.02
midtown	1.02
migrated	1.02
miller's	1.02
mimi	1.02
muir	1.02
muzzle	1.02
myspace	1.02
nationalities	1.02
nec	1.02
nurture	1.02
oblivious	1.02
ode	1.02
oem	1.02
olga	1.02
olson	1.02
ortiz	1.02
outlining	1.02
overt	1.02
pacers	1.02
paisley	1.02
pajamas	1.02
palo	1.02
patriarch	1.02
penthouse	1.02
perjury	1.02
persists	1.02
pious	1.02
plotted	1.02
potomac	1.02
powdered	1.02
pregnancies	1.02
prematurely	1.02
presenters	1.02
prioritize	1.02
proprietor	1.02
putnam	1.02
quarrel	1.02
raider	1.02
rained	1.02
raja	1.02
rea	1.02
reasoned	1.02
rebate	1.02
regulates	1.02
reins	1.02
resurgence	1.02
rh	1.02
roc	1.02
rollers	1.02
rooster	1.02
routed	1.02
rufus	1.02
rushes	1.02
rx	1.02
sakura	1.02
salads	1.02
sanskrit	1.02
scientology	1.02
scooby	1.02
scuba	1.02
seamless	1.02
selects	1.02
sequels	1.02
shattering	1.02
shelly	1.02
sheppard	1.02
shite	1.02
shoreline	1.02
siberian	1.02
sickening	1.02
sidewalks	1.02
silhouette	1.02
slug	1.02
smackdown	1.02
smug	1.02
soprano	1.02
specialties	1.02
spectroscopy	1.02
spreadsheet	1.02
stagnant	1.02
startled	1.02
steaks	1.02
stephenson	1.02
streaks	1.02
strides	1.02
strung	1.02
summaries	1.02
tanning	1.02
tendon	1.02
thc	1.02
thine	1.02
timmy	1.02
tnt	1.02
toughness	1.02
tracey	1.02
tractors	1.02
turin	1.02
unanswered	1.02
unethical	1.02
uniting	1.02
unix	1.02
uptown	1.02
urinary	1.02
valiant	1.02
vigilante	1.02
viper	1.02
washington's	1.02
weekday	1.02
weirdest	1.02
westwood	1.02
whistles	1.02
whitehall	1.02
wilhelm	1.02
willard	1.02
woe	1.02
wrinkles	1.02
ws	1.02
abi	1.01
abstraction	1.01
adjunct	1.01
administering	1.01
admiring	1.01
ami	1.01
ascended	1.01
asean	1.01
aspiration	1.01
atkins	1.01
attentive	1.01
auntie	1.01
austen	1.01
awakened	1.01
ballpark	1.01
barbarians	1.01
beak	1.01
beige	1.01
bellamy	1.01
blasphemy	1.01
blinds	1.01
blinking	1.01
blueberry	1.01
boar	1.01
bosch	1.01
bran	1.01
breathes	1.01
bribes	1.01
brigadier	1.01
broaden	1.01
bubba	1.01
bulky	1.01
burdens	1.01
busch	1.01
cadets	1.01
calendars	1.01
camels	1.01
cameraman	1.01
carbohydrates	1.01
carnage	1.01
cavities	1.01
chateau	1.01
chavez	1.01
colleen	1.01
comedies	1.01
commended	1.01
commune	1.01
compiling	1.01
conclusive	1.01
conservatory	1.01
considerate	1.01
constance	1.01
constructions	1.01
coo	1.01
cryptocurrency	1.01
cultured	1.01
dans	1.01
daycare	1.01
debra	1.01
deductions	1.01
depressive	1.01
descendant	1.01
dips	1.01
director's	1.01
disperse	1.01
disproportionately	1.01
dives	1.01
downed	1.01
ecommerce	1.01
emery	1.01
enrich	1.01
entrants	1.01
epidemiology	1.01
errands	1.01
esque	1.01
exaggeration	1.01
exhaustive	1.01
exponentially	1.01
exporters	1.01
externally	1.01
fanbase	1.01
fermentation	1.01
fiasco	1.01
fifteenth	1.01
flares	1.01
flo	1.01
flops	1.01
flores	1.01
footed	1.01
fright	1.01
fruitful	1.01
gall	1.01
gastric	1.01
gilded	1.01
goddard	1.01
hallelujah	1.01
hastily	1.01
haynes	1.01
headphone	1.01
heinrich	1.01
hemingway	1.01
horizontally	1.01
hubert	1.01
hurtful	1.01
illuminate	1.01
inaccessible	1.01
incur	1.01
inferno	1.01
introductions	1.01
inverness	1.01
ireland's	1.01
isabelle	1.01
jog	1.01
jt	1.01
jug	1.01
kgb	1.01
kinder	1.01
knoxville	1.01
labrador	1.01
latte	1.01
leafy	1.01
lobe	1.01
loo	1.01
luiz	1.01
lyle	1.01
maga	1.01
maguire	1.01
margarita	1.01
masturbating	1.01
mcbride	1.01
meddling	1.01
nadia	1.01
nods	1.01
nothing's	1.01
ofc	1.01
ollie	1.01
omission	1.01
orbits	1.01
orchid	1.01
overtake	1.01
paramedics	1.01
pax	1.01
peabody	1.01
peat	1.01
pedophile	1.01
peptide	1.01
perfected	1.01
periphery	1.01
perished	1.01
physicists	1.01
piggy	1.01
piling	1.01
polarized	1.01
portals	1.01
pov	1.01
predetermined	1.01
prelude	1.01
prepaid	1.01
priesthood	1.01
punishable	1.01
rahman	1.01
rao	1.01
ravi	1.01
reaper	1.01
reassure	1.01
redesigned	1.01
regiments	1.01
remnant	1.01
renders	1.01
rhys	1.01
rockstar	1.01
ros	1.01
rosenberg	1.01
rounder	1.01
sanford	1.01
satanic	1.01
sausages	1.01
scented	1.01
sclerosis	1.01
selfless	1.01
serenity	1.01
shading	1.01
shrug	1.01
sighting	1.01
singled	1.01
sipping	1.01
siri	1.01
site's	1.01
sonar	1.01
spat	1.01
stabilization	1.01
stacking	1.01
starch	1.01
stony	1.01
stormed	1.01
subtly	1.01
superstars	1.01
surfer	1.01
taj	1.01
taper	1.01
teaspoon	1.01
templates	1.01
thorne	1.01
tightening	1.01
tlc	1.01
tolls	1.01
tos	1.01
totaling	1.01
toxin	1.01
trademarks	1.01
tudor	1.01
turk	1.01
typo	1.01
unequal	1.01
unresolved	1.01
unspecified	1.01
vacated	1.01
veg	1.01
venetian	1.01
vhs	1.01
waffle	1.01
wanda	1.01
warships	1.01
washes	1.01
wasps	1.01
welp	1.01
wha	1.01
winery	1.01
wm	1.01
writ	1.01
xiao	1.01
yamaha	1.01
zara	1.01
zipper	1.01
acclaim	1.00
aching	1.00
acquires	1.00
adversary	1.00
afflicted	1.00
airfield	1.00
akbar	1.00
alienated	1.00
angered	1.00
archers	1.00
arrays	1.00
ascertain	1.00
assam	1.00
audits	1.00
bargains	1.00
beards	1.00
believable	1.00
bill's	1.00
billboards	1.00
bitterly	1.00
bloodshed	1.00
boils	1.00
boko	1.00
breaths	1.00
brigades	1.00
bumping	1.00
burrows	1.00
cairns	1.00
caracas	1.00
cassie	1.00
cello	1.00
celsius	1.00
certifications	1.00
cesar	1.00
chai	1.00
chariot	1.00
cheddar	1.00
chilli	1.00
cholera	1.00
cio	1.00
clinch	1.00
clipped	1.00
collide	1.00
commemoration	1.00
commuting	1.00
complexion	1.00
compulsive	1.00
congenital	1.00
construed	1.00
consular	1.00
corrective	1.00
costello	1.00
coworker	1.00
crumble	1.00
crumbling	1.00
cultivating	1.00
daddy's	1.00
dangling	1.00
daredevil	1.00
decentralized	1.00
dei	1.00
denominations	1.00
denote	1.00
detox	1.00
didn	1.00
differentiated	1.00
discrepancy	1.00
dishwasher	1.00
doctrines	1.00
doj	1.00
donaldson	1.00
doodle	1.00
dossier	1.00
draper	1.00
dunham	1.00
dyes	1.00
easton	1.00
eastwood	1.00
edna	1.00
electrodes	1.00
embryos	1.00
eradicate	1.00
excite	1.00
exporter	1.00
extortion	1.00
extracting	1.00
ey	1.00
fay	1.00
feral	1.00
flips	1.00
flourishing	1.00
footprints	1.00
forster	1.00
fortnite	1.00
fountains	1.00
frameworks	1.00
freezes	1.00
generously	1.00
godfrey	1.00
grange	1.00
greats	1.00
gui	1.00
hangar	1.00
hardworking	1.00
harms	1.00
hasty	1.00
hathaway	1.00
hdmi	1.00
hermes	1.00
hijacked	1.00
housekeeper	1.00
husky	1.00
idf	1.00
iggy	1.00
imitate	1.00
imperfections	1.00
improbable	1.00
impulses	1.00
incarcerated	1.00
ineligible	1.00
infusion	1.00
iu	1.00
jaguars	1.00
jeb	1.00
journalistic	1.00
julien	1.00
justifying	1.00
kapoor	1.00
kart	1.00
kelvin	1.00
keyword	1.00
kolkata	1.00
laborers	1.00
laced	1.00
lai	1.00
lemons	1.00
lincolnshire	1.00
lipid	1.00
looming	1.00
lordship	1.00
louisa	1.00
mahogany	1.00
malfunction	1.00
mana	1.00
manson	1.00
marin	1.00
markedly	1.00
marta	1.00
mccann	1.00
mckenna	1.00
mcqueen	1.00
mediator	1.00
mein	1.00
mentors	1.00
meow	1.00
mer	1.00
minions	1.00
mirage	1.00
mockery	1.00
modulation	1.00
motorists	1.00
mozambique	1.00
muller	1.00
narrated	1.00
narrower	1.00
nature's	1.00
navigating	1.00
navigator	1.00
nes	1.00
nightingale	1.00
nuke	1.00
o'connell	1.00
occult	1.00
ocd	1.00
olympian	1.00
opting	1.00
osama	1.00
ovation	1.00
oversees	1.00
palaces	1.00
palin	1.00
parades	1.00
park's	1.00
payback	1.00
pediatrics	1.00
perch	1.00
perpendicular	1.00
physique	1.00
pioneered	1.00
playbook	1.00
pleases	1.00
plywood	1.00
pollutants	1.00
ponies	1.00
pooh	1.00
ppp	1.00
prettiest	1.00
proficient	1.00
protagonists	1.00
pst	1.00
punctuation	1.00
purification	1.00
purported	1.00
putin's	1.00
qi	1.00
quotations	1.00
ramifications	1.00
readable	1.00
recourse	1.00
regimen	1.00
removable	1.00
repaid	1.00
responders	1.00
retires	1.00
retrospect	1.00
roundup	1.00
rowland	1.00
ryan's	1.00
seinfeld	1.00
sensations	1.00
sequential	1.00
shafts	1.00
signifies	1.00
skates	1.00
smelly	1.00
solves	1.00
sorta	1.00
specialization	1.00
spiritually	1.00
sporadic	1.00
stationery	1.00
sudanese	1.00
sunscreen	1.00
sykes	1.00
tau	1.00
tempest	1.00
tending	1.00
terraces	1.00
thankyou	1.00
there'd	1.00
tightened	1.00
tights	1.00
tito	1.00
tobias	1.00
tofu	1.00
tragedies	1.00
transports	1.00
trenton	1.00
tripoli	1.00
truss	1.00
tubing	1.00
tuesdays	1.00
turnovers	1.00
twat	1.00
undue	1.00
unionist	1.00
unprotected	1.00
unsettling	1.00
upscale	1.00
vader	1.00
verde	1.00
viewpoints	1.00
vinci	1.00
vu	1.00
wacky	1.00
wealthiest	1.00
wearable	1.00
wilcox	1.00
wiltshire	1.00
wreckage	1.00
writer's	1.00
xml	1.00
yvonne	1.00
zeppelin	1.00
aches	0.99
adamant	0.99
airspace	0.99
alejandro	0.99
allotted	0.99
almonds	0.99
amplitude	0.99
analogue	0.99
annotated	0.99
anomalies	0.99
archival	0.99
ardent	0.99
arenas	0.99
assay	0.99
assigning	0.99
assorted	0.99
axel	0.99
badminton	0.99
barbarian	0.99
bedrock	0.99
bihar	0.99
bj	0.99
blaine	0.99
boardwalk	0.99
boasting	0.99
boldly	0.99
book's	0.99
boomer	0.99
booths	0.99
brittle	0.99
budding	0.99
cena	0.99
charters	0.99
chatham	0.99
cheaply	0.99
chiang	0.99
choo	0.99
clair	0.99
climbers	0.99
clogged	0.99
cohesion	0.99
colo	0.99
compel	0.99
complexities	0.99
compromises	0.99
conduit	0.99
congregations	0.99
constraint	0.99
contradictions	0.99
conveyor	0.99
cpi	0.99
cramped	0.99
crates	0.99
crawled	0.99
culminating	0.99
cuomo	0.99
cutters	0.99
dae	0.99
dalai	0.99
darryl	0.99
dashed	0.99
decimal	0.99
defensively	0.99
defunct	0.99
degrade	0.99
demonstrators	0.99
denton	0.99
departures	0.99
diablo	0.99
differed	0.99
diffuse	0.99
dignified	0.99
disapproval	0.99
disobedience	0.99
dreamer	0.99
dune	0.99
dwellers	0.99
eb	0.99
ef	0.99
electronically	0.99
emancipation	0.99
entropy	0.99
epitome	0.99
esa	0.99
esteemed	0.99
ethernet	0.99
excused	0.99
extradition	0.99
eyesight	0.99
fide	0.99
finder	0.99
fishy	0.99
flooring	0.99
forearm	0.99
frail	0.99
fray	0.99
gathers	0.99
geelong	0.99
generational	0.99
girlfriend's	0.99
glaze	0.99
goldfish	0.99
greenville	0.99
grizzly	0.99
grotesque	0.99
gunners	0.99
hallucinations	0.99
harass	0.99
hooded	0.99
horrid	0.99
huawei	0.99
hussain	0.99
hwy	0.99
impractical	0.99
indexed	0.99
insecurities	0.99
insta	0.99
interchangeable	0.99
interrupting	0.99
irreversible	0.99
jack's	0.99
jacked	0.99
jerks	0.99
joked	0.99
kaufman	0.99
kfc	0.99
lawless	0.99
leftists	0.99
legalized	0.99
leggings	0.99
legions	0.99
leveled	0.99
liza	0.99
locomotives	0.99
macau	0.99
manifested	0.99
marries	0.99
maynard	0.99
mayoral	0.99
medley	0.99
mercenaries	0.99
meyers	0.99
mh	0.99
might've	0.99
minimalist	0.99
misled	0.99
msm	0.99
multiplied	0.99
narendra	0.99
objectively	0.99
orbiting	0.99
orchestrated	0.99
packard	0.99
pap	0.99
parisian	0.99
participates	0.99
partner's	0.99
phoned	0.99
plugin	0.99
polishing	0.99
polymers	0.99
pore	0.99
postcards	0.99
postgraduate	0.99
predicament	0.99
predominant	0.99
prem	0.99
proverbs	0.99
puke	0.99
puzzled	0.99
qu	0.99
quadrant	0.99
ramps	0.99
recital	0.99
recite	0.99
reckoning	0.99
recollection	0.99
reconstructed	0.99
refine	0.99
regents	0.99
reiterated	0.99
rem	0.99
resale	0.99
retake	0.99
rhine	0.99
rips	0.99
rj	0.99
robb	0.99
rodrigo	0.99
rosy	0.99
rupture	0.99
salted	0.99
scandalous	0.99
scot	0.99
seasoning	0.99
securely	0.99
shabby	0.99
showcased	0.99
sightings	0.99
sinus	0.99
situ	0.99
skid	0.99
solace	0.99
spanking	0.99
specialize	0.99
splinter	0.99
spoons	0.99
squats	0.99
squire	0.99
standout	0.99
stills	0.99
stoner	0.99
strengthens	0.99
stung	0.99
suppressing	0.99
swimsuit	0.99
symmetrical	0.99
tac	0.99
tacoma	0.99
tam	0.99
tenders	0.99
terminator	0.99
timers	0.99
tinker	0.99
topography	0.99
ua	0.99
unexplained	0.99
unintended	0.99
unmanned	0.99
uno	0.99
unsolved	0.99
unsuccessfully	0.99
uptake	0.99
vantage	0.99
ventured	0.99
versailles	0.99
virgins	0.99
waldo	0.99
waller	0.99
watchers	0.99
whim	0.99
whine	0.99
wil	0.99
withhold	0.99
worshipped	0.99
yee	0.99
yellowstone	0.99
ying	0.99
yosemite	0.99
zeal	0.99
zealand's	0.99
abort	0.98
abound	0.98
adversely	0.98
afternoons	0.98
agendas	0.98
aidan	0.98
alfredo	0.98
amish	0.98
andersen	0.98
angled	0.98
antennas	0.98
assertions	0.98
astonished	0.98
attorney's	0.98
audacity	0.98
banjo	0.98
barbaric	0.98
barbed	0.98
battled	0.98
beech	0.98
benchmarks	0.98
biz	0.98
blazer	0.98
blower	0.98
blurry	0.98
bravely	0.98
bret	0.98
breweries	0.98
bts	0.98
burmese	0.98
bush's	0.98
camped	0.98
cherries	0.98
chevron	0.98
cheyenne	0.98
clinicians	0.98
coercion	0.98
colombo	0.98
comma	0.98
community's	0.98
competency	0.98
concerted	0.98
constructs	0.98
cont	0.98
convicts	0.98
cora	0.98
cornelius	0.98
cravings	0.98
crotch	0.98
crucified	0.98
customize	0.98
dai	0.98
dartmouth	0.98
dashing	0.98
departmental	0.98
deposed	0.98
devin	0.98
dharma	0.98
dialysis	0.98
disclosures	0.98
distal	0.98
ditched	0.98
divisional	0.98
dogma	0.98
doi	0.98
dupont	0.98
emory	0.98
emptiness	0.98
encompass	0.98
ensign	0.98
escalating	0.98
evoke	0.98
expansions	0.98
experimented	0.98
facilitates	0.98
faithfully	0.98
faq	0.98
fern	0.98
fingertips	0.98
firepower	0.98
fixation	0.98
flanked	0.98
flatter	0.98
flushed	0.98
formative	0.98
fret	0.98
frontiers	0.98
gastrointestinal	0.98
geeks	0.98
genders	0.98
grader	0.98
granger	0.98
grasses	0.98
gratification	0.98
gruesome	0.98
guineas	0.98
gw	0.98
harshly	0.98
hedges	0.98
heller	0.98
henrik	0.98
hezbollah	0.98
hinduism	0.98
hiroshima	0.98
hitchcock	0.98
hodge	0.98
holloway	0.98
huts	0.98
hydrated	0.98
imaginable	0.98
impetus	0.98
impulsive	0.98
incense	0.98
inhuman	0.98
injure	0.98
inserting	0.98
intersections	0.98
inventing	0.98
invoice	0.98
jb	0.98
johan	0.98
junkie	0.98
kelsey	0.98
khalid	0.98
kr	0.98
kristin	0.98
kun	0.98
lacey	0.98
lao	0.98
latent	0.98
lau	0.98
leans	0.98
leipzig	0.98
lenovo	0.98
lew	0.98
lexus	0.98
limitless	0.98
literate	0.98
lm	0.98
localization	0.98
loki	0.98
loretta	0.98
lowly	0.98
lucid	0.98
lymphoma	0.98
makin	0.98
martini	0.98
merciful	0.98
mgm	0.98
midget	0.98
midwife	0.98
minimizing	0.98
mira	0.98
misinformation	0.98
mitochondrial	0.98
mobilization	0.98
monologue	0.98
monoxide	0.98
mosul	0.98
musically	0.98
mutiny	0.98
nagging	0.98
nephews	0.98
nervously	0.98
network's	0.98
nighttime	0.98
nonlinear	0.98
normalized	0.98
northumberland	0.98
numbering	0.98
oakley	0.98
odi	0.98
orr	0.98
outweigh	0.98
parasitic	0.98
parent's	0.98
parsley	0.98
pendulum	0.98
petit	0.98
petra	0.98
picket	0.98
placements	0.98
poignant	0.98
polio	0.98
potency	0.98
precarious	0.98
presley	0.98
pretext	0.98
privatization	0.98
proclaim	0.98
quaint	0.98
qualifiers	0.98
raccoon	0.98
raiding	0.98
rallied	0.98
reassurance	0.98
recovers	0.98
redistribution	0.98
remy	0.98
restrain	0.98
retreating	0.98
richly	0.98
rioting	0.98
rookies	0.98
sai	0.98
sanderson	0.98
saver	0.98
scarborough	0.98
scarred	0.98
secession	0.98
sectarian	0.98
seminal	0.98
serene	0.98
ses	0.98
seventies	0.98
shaded	0.98
sharpe	0.98
shipyard	0.98
shrek	0.98
sig	0.98
silica	0.98
simmer	0.98
smokey	0.98
snag	0.98
snuck	0.98
sob	0.98
socrates	0.98
sophistication	0.98
sourcing	0.98
str	0.98
straighten	0.98
streamlined	0.98
sweaters	0.98
syringe	0.98
tanaka	0.98
thinly	0.98
thursdays	0.98
timor	0.98
tinted	0.98
tornadoes	0.98
tote	0.98
trainees	0.98
transverse	0.98
trembling	0.98
triangles	0.98
tributes	0.98
trident	0.98
trojans	0.98
tweak	0.98
ubuntu	0.98
undead	0.98
unison	0.98
unlocking	0.98
unprepared	0.98
unrestricted	0.98
unsuitable	0.98
unthinkable	0.98
uplift	0.98
utilizes	0.98
vanderbilt	0.98
vanishing	0.98
venerable	0.98
visualize	0.98
vulcan	0.98
wasteful	0.98
waterfalls	0.98
wilkes	0.98
youngster	0.98
activating	0.97
adopts	0.97
adverts	0.97
advisable	0.97
algerian	0.97
angst	0.97
antiquities	0.97
apathy	0.97
arcs	0.97
artisan	0.97
association's	0.97
assortment	0.97
attaching	0.97
auditing	0.97
bandwagon	0.97
bane	0.97
basins	0.97
bayer	0.97
bcs	0.97
billings	0.97
bios	0.97
birdie	0.97
bison	0.97
blacked	0.97
blacksmith	0.97
blanks	0.97
borg	0.97
brainwashed	0.97
brothel	0.97
burrito	0.97
bytes	0.97
calmed	0.97
camper	0.97
carole	0.97
cartilage	0.97
casket	0.97
charley	0.97
chattanooga	0.97
christchurch	0.97
claimants	0.97
cleanliness	0.97
clothed	0.97
coli	0.97
collided	0.97
commentaries	0.97
complicate	0.97
concerto	0.97
concurrently	0.97
contraception	0.97
convex	0.97
crouch	0.97
culmination	0.97
curing	0.97
dank	0.97
daphne	0.97
decomposition	0.97
dehydrated	0.97
democracies	0.97
detriment	0.97
dex	0.97
dhs	0.97
dialects	0.97
discretionary	0.97
dismal	0.97
dismay	0.97
disparate	0.97
dissemination	0.97
distilled	0.97
dodger	0.97
dolan	0.97
dolores	0.97
domestically	0.97
electors	0.97
electrician	0.97
elise	0.97
endorsements	0.97
equator	0.97
estuary	0.97
etched	0.97
eternally	0.97
ewing	0.97
excise	0.97
expel	0.97
exposures	0.97
facets	0.97
fad	0.97
fiancée	0.97
fitch	0.97
fledged	0.97
fol	0.97
forcefully	0.97
foreground	0.97
frown	0.97
fruity	0.97
frustrations	0.97
fukushima	0.97
gals	0.97
germain	0.97
gertrude	0.97
gloucestershire	0.97
godly	0.97
golfers	0.97
graeme	0.97
groin	0.97
grounding	0.97
guangzhou	0.97
gunn	0.97
gunpowder	0.97
guthrie	0.97
guyana	0.97
hamper	0.97
haskell	0.97
hatched	0.97
helix	0.97
heroism	0.97
hierarchical	0.97
homie	0.97
hornets	0.97
hover	0.97
howling	0.97
humbled	0.97
icelandic	0.97
inducted	0.97
infidelity	0.97
internships	0.97
inventive	0.97
inversion	0.97
ips	0.97
kahn	0.97
keynes	0.97
khalifa	0.97
kinase	0.97
kirsten	0.97
knack	0.97
kodak	0.97
kool	0.97
kosher	0.97
lansing	0.97
lazarus	0.97
legalize	0.97
lehman	0.97
libby	0.97
librarians	0.97
licked	0.97
lillian	0.97
liquidation	0.97
longitude	0.97
lured	0.97
macho	0.97
maestro	0.97
magna	0.97
maneuvers	0.97
matilda	0.97
maxi	0.97
mcgill	0.97
mcgrath	0.97
meditate	0.97
mercenary	0.97
mexico's	0.97
microscopy	0.97
missy	0.97
moi	0.97
morbid	0.97
motifs	0.97
multiplication	0.97
mysteriously	0.97
nadine	0.97
nav	0.97
nino	0.97
nonfiction	0.97
nouns	0.97
nuanced	0.97
occurrences	0.97
olympia	0.97
orb	0.97
orchestral	0.97
ordinarily	0.97
orthodoxy	0.97
outage	0.97
overcame	0.97
packer	0.97
paternal	0.97
pellets	0.97
pelvis	0.97
penetrated	0.97
pla	0.97
plz	0.97
polarization	0.97
potty	0.97
powering	0.97
preoccupied	0.97
projectile	0.97
protracted	0.97
prussian	0.97
psychiatrists	0.97
puddle	0.97
quay	0.97
railing	0.97
realist	0.97
receptionist	0.97
reckoned	0.97
recruiter	0.97
reforming	0.97
reload	0.97
remuneration	0.97
replicated	0.97
repressed	0.97
reputed	0.97
resigning	0.97
restraints	0.97
revoke	0.97
richness	0.97
riviera	0.97
sadie	0.97
scandinavia	0.97
scanners	0.97
secretive	0.97
sediments	0.97
serotonin	0.97
serviced	0.97
shorty	0.97
silky	0.97
sinatra	0.97
sirius	0.97
slaying	0.97
smallpox	0.97
snails	0.97
snoring	0.97
sociological	0.97
sorority	0.97
spd	0.97
sped	0.97
speechless	0.97
spores	0.97
spurred	0.97
stair	0.97
starship	0.97
stemming	0.97
strategist	0.97
sts	0.97
subaru	0.97
subdivisions	0.97
sunken	0.97
supremacist	0.97
tal	0.97
ter	0.97
toasted	0.97
tortoise	0.97
tragically	0.97
transitioning	0.97
translators	0.97
typewriter	0.97
understandably	0.97
undisputed	0.97
unprofessional	0.97
urdu	0.97
uri	0.97
veggie	0.97
veiled	0.97
visceral	0.97
vividly	0.97
wannabe	0.97
welded	0.97
whaling	0.97
wiggle	0.97
wolfgang	0.97
worldview	0.97
wrongdoing	0.97
zuckerberg	0.97
abusers	0.96
accommodating	0.96
additives	0.96
aggregation	0.96
ahem	0.96
albanian	0.96
alistair	0.96
alkaline	0.96
alum	0.96
andré	0.96
antidote	0.96
anus	0.96
appalachian	0.96
archery	0.96
arterial	0.96
artisans	0.96
asparagus	0.96
athena	0.96
attest	0.96
attractiveness	0.96
auditors	0.96
auditory	0.96
avenge	0.96
aversion	0.96
awkwardly	0.96
badgers	0.96
balkans	0.96
ballard	0.96
balm	0.96
behaves	0.96
biennial	0.96
bikers	0.96
bologna	0.96
bolted	0.96
bona	0.96
bony	0.96
borrower	0.96
bridging	0.96
brighten	0.96
brood	0.96
budgeting	0.96
building's	0.96
bulletproof	0.96
bundesliga	0.96
cambodian	0.96
campers	0.96
cassandra	0.96
ceases	0.96
cecilia	0.96
cemented	0.96
cessation	0.96
charlottesville	0.96
charlton	0.96
charmed	0.96
chemists	0.96
chemo	0.96
chipped	0.96
civ	0.96
colby	0.96
collagen	0.96
combating	0.96
commencing	0.96
commend	0.96
complied	0.96
contemplated	0.96
cricketer	0.96
crimean	0.96
crochet	0.96
cruisers	0.96
csi	0.96
customization	0.96
cypress	0.96
dal	0.96
dandy	0.96
dependable	0.96
deteriorating	0.96
dickhead	0.96
disagrees	0.96
district's	0.96
donny	0.96
downey	0.96
dresden	0.96
dw	0.96
eased	0.96
easing	0.96
eid	0.96
elevations	0.96
emeritus	0.96
emigration	0.96
emit	0.96
enthusiastically	0.96
excavated	0.96
excavations	0.96
excursions	0.96
extant	0.96
ezekiel	0.96
farmed	0.96
fathom	0.96
fiancee	0.96
fictitious	0.96
firsthand	0.96
fitzpatrick	0.96
flashy	0.96
floppy	0.96
fluoride	0.96
frat	0.96
gardeners	0.96
geologic	0.96
giggling	0.96
gillespie	0.96
gmo	0.96
goldstein	0.96
gospels	0.96
gowns	0.96
grasping	0.96
greenberg	0.96
grooves	0.96
guam	0.96
guantanamo	0.96
guideline	0.96
hadley	0.96
hawthorne	0.96
headmaster	0.96
heart's	0.96
heartland	0.96
hedgehog	0.96
hehe	0.96
heinous	0.96
hens	0.96
hoe	0.96
hulu	0.96
hypnosis	0.96
iain	0.96
icu	0.96
immersive	0.96
impeccable	0.96
inbound	0.96
inconsistencies	0.96
inference	0.96
infiltrate	0.96
inflatable	0.96
ingrid	0.96
inhale	0.96
instinctively	0.96
interconnected	0.96
intolerant	0.96
isp	0.96
jellyfish	0.96
jimi	0.96
jordan's	0.96
judo	0.96
karnataka	0.96
keane	0.96
keating	0.96
kev	0.96
kilos	0.96
kurdistan	0.96
lament	0.96
leach	0.96
lefty	0.96
legislatures	0.96
lsd	0.96
luigi	0.96
mabel	0.96
mach	0.96
maddie	0.96
maids	0.96
malpractice	0.96
manipulative	0.96
marginally	0.96
marjorie	0.96
mark's	0.96
mathews	0.96
maxine	0.96
mayweather	0.96
melinda	0.96
memberships	0.96
microbiology	0.96
migrating	0.96
modelled	0.96
modernity	0.96
motherfuckers	0.96
namibia	0.96
narrowing	0.96
navajo	0.96
nectar	0.96
neighbourhoods	0.96
nitrate	0.96
nvidia	0.96
o'malley	0.96
oft	0.96
olympus	0.96
oversaw	0.96
pastel	0.96
patterned	0.96
payoff	0.96
perpetrated	0.96
pessimistic	0.96
pesticide	0.96
phosphorus	0.96
platter	0.96
pounded	0.96
preachers	0.96
premieres	0.96
prod	0.96
prodigy	0.96
prosecutions	0.96
prototypes	0.96
psychotherapy	0.96
pundits	0.96
quilt	0.96
qur'an	0.96
radcliffe	0.96
rai	0.96
rama	0.96
rapping	0.96
realtor	0.96
rees	0.96
refreshed	0.96
regency	0.96
reptile	0.96
rescues	0.96
residues	0.96
revisited	0.96
robyn	0.96
rowling	0.96
sag	0.96
sama	0.96
sauna	0.96
scaring	0.96
scotland's	0.96
scrum	0.96
seasonally	0.96
selena	0.96
sem	0.96
shan	0.96
sharper	0.96
shen	0.96
showcases	0.96
slade	0.96
sluggish	0.96
slum	0.96
smoothie	0.96
snare	0.96
snipers	0.96
snowflake	0.96
sod	0.96
spectra	0.96
spines	0.96
spoiling	0.96
ssr	0.96
stag	0.96
stomp	0.96
strangest	0.96
strata	0.96
straws	0.96
studded	0.96
submissive	0.96
subsection	0.96
suede	0.96
summertime	0.96
sundance	0.96
swedes	0.96
sylvester	0.96
tabloid	0.96
taft	0.96
taurus	0.96
teal	0.96
thorns	0.96
throwback	0.96
thunderstorm	0.96
tiers	0.96
timid	0.96
towering	0.96
tracts	0.96
triathlon	0.96
trickle	0.96
troupe	0.96
tsp	0.96
tweed	0.96
ultimatum	0.96
uncut	0.96
uninterrupted	0.96
vettel	0.96
webinar	0.96
weekdays	0.96
weinstein	0.96
widen	0.96
widest	0.96
wigs	0.96
workin	0.96
wrestlemania	0.96
xmas	0.96
yachts	0.96
yelp	0.96
yoon	0.96
abt	0.95
aclu	0.95
affirmation	0.95
amassed	0.95
amherst	0.95
annette	0.95
aol	0.95
apc	0.95
apiece	0.95
appalled	0.95
appreciative	0.95
arched	0.95
archibald	0.95
ascend	0.95
bandage	0.95
bas	0.95
belize	0.95
biologists	0.95
bittersweet	0.95
blight	0.95
botswana	0.95
braid	0.95
branching	0.95
brewster	0.95
bulge	0.95
byrd	0.95
cabaret	0.95
camilla	0.95
caregivers	0.95
carmichael	0.95
catheter	0.95
centimeters	0.95
chemically	0.95
chewed	0.95
cinematography	0.95
cleans	0.95
coincidentally	0.95
collingwood	0.95
commandant	0.95
compartments	0.95
conducive	0.95
confines	0.95
cong	0.95
conscientious	0.95
consensual	0.95
consumes	0.95
contrasted	0.95
cpa	0.95
critiques	0.95
crystalline	0.95
cuffs	0.95
cyanide	0.95
deadpool	0.95
deceit	0.95
delusions	0.95
denounce	0.95
derogatory	0.95
diagnoses	0.95
discriminated	0.95
dismantle	0.95
dismantling	0.95
disrupting	0.95
dmv	0.95
dns	0.95
drags	0.95
drugged	0.95
durban	0.95
dx	0.95
eachother	0.95
eastward	0.95
elisabeth	0.95
emanuel	0.95
embroidery	0.95
emo	0.95
endorsing	0.95
enigma	0.95
equivalents	0.95
erdogan	0.95
estranged	0.95
euphoria	0.95
ez	0.95
fahrenheit	0.95
farmer's	0.95
feelin	0.95
firewall	0.95
flattered	0.95
florida's	0.95
fluorescence	0.95
fonts	0.95
forceful	0.95
forte	0.95
fours	0.95
frowned	0.95
gaelic	0.95
galveston	0.95
gangsters	0.95
gardiner	0.95
gibbons	0.95
giorgio	0.95
gladstone	0.95
gladys	0.95
gmbh	0.95
gogh	0.95
gracie	0.95
grassy	0.95
greener	0.95
greer	0.95
greta	0.95
hanger	0.95
hawking	0.95
hem	0.95
hitman	0.95
hitters	0.95
hobbs	0.95
housekeeping	0.95
hua	0.95
ifs	0.95
impacting	0.95
inequalities	0.95
infiltration	0.95
insidious	0.95
intimately	0.95
ioc	0.95
issa	0.95
jargon	0.95
joon	0.95
kayak	0.95
khaled	0.95
kilograms	0.95
kneel	0.95
knowles	0.95
ladders	0.95
lakh	0.95
leakage	0.95
liberate	0.95
lizards	0.95
loc	0.95
logistical	0.95
loophole	0.95
luminous	0.95
mah	0.95
majesty's	0.95
malnutrition	0.95
maori	0.95
marlins	0.95
marseille	0.95
marshals	0.95
masterpieces	0.95
mathematician	0.95
mayonnaise	0.95
mccall	0.95
mcdonnell	0.95
mcdowell	0.95
media's	0.95
meghan	0.95
melodic	0.95
memorials	0.95
mendoza	0.95
meticulous	0.95
michelin	0.95
modesty	0.95
motherfucking	0.95
moustache	0.95
mubarak	0.95
muffins	0.95
mugs	0.95
museum's	0.95
naw	0.95
netting	0.95
nevermind	0.95
nf	0.95
nigeria's	0.95
nigh	0.95
nocturnal	0.95
nozzle	0.95
nudes	0.95
officer's	0.95
offside	0.95
orgy	0.95
orton	0.95
overlay	0.95
paleo	0.95
paralympic	0.95
pastures	0.95
paternity	0.95
patriarchal	0.95
peeing	0.95
peeling	0.95
perched	0.95
pitiful	0.95
planet's	0.95
plethora	0.95
plutonium	0.95
powerpoint	0.95
prerequisite	0.95
psychosis	0.95
quantify	0.95
rabies	0.95
rallying	0.95
rations	0.95
raul	0.95
recon	0.95
recount	0.95
rectangle	0.95
recurrent	0.95
refill	0.95
reflexes	0.95
reinforces	0.95
religiously	0.95
relive	0.95
renewing	0.95
reopening	0.95
requisite	0.95
responsibly	0.95
resurrected	0.95
reuben	0.95
revolve	0.95
rewind	0.95
rightfully	0.95
rigs	0.95
ripley	0.95
ritz	0.95
rolf	0.95
rubs	0.95
russo	0.95
saddened	0.95
saddest	0.95
secluded	0.95
seduce	0.95
semifinal	0.95
sens	0.95
shadowy	0.95
shun	0.95
sidekick	0.95
skewed	0.95
snl	0.95
softened	0.95
soros	0.95
spartans	0.95
specifies	0.95
spectre	0.95
sprinkled	0.95
stallion	0.95
stepfather	0.95
strangled	0.95
summer's	0.95
susie	0.95
sven	0.95
syllables	0.95
synthesized	0.95
t's	0.95
tak	0.95
tapestry	0.95
taping	0.95
tenderness	0.95
terrier	0.95
tester	0.95
thirties	0.95
thistle	0.95
thumbnail	0.95
tickle	0.95
titties	0.95
toro	0.95
tpp	0.95
trays	0.95
tubular	0.95
tue	0.95
tumbling	0.95
turkeys	0.95
underside	0.95
uneducated	0.95
union's	0.95
unload	0.95
unloading	0.95
unmarked	0.95
unreleased	0.95
upkeep	0.95
urn	0.95
viagra	0.95
vigil	0.95
voicing	0.95
volley	0.95
voyages	0.95
waive	0.95
wallis	0.95
warmly	0.95
watergate	0.95
wavy	0.95
wednesdays	0.95
weibo	0.95
wendell	0.95
wept	0.95
whew	0.95
whirlwind	0.95
whitaker	0.95
wilbur	0.95
wildest	0.95
winnings	0.95
wis	0.95
woodlands	0.95
yearning	0.95
accomplishing	0.94
accumulating	0.94
affleck	0.94
agency's	0.94
alain	0.94
andrei	0.94
annapolis	0.94
annum	0.94
appreciating	0.94
aristocratic	0.94
aroma	0.94
arsenic	0.94
assigns	0.94
assures	0.94
astro	0.94
asus	0.94
aziz	0.94
backers	0.94
bain	0.94
barclays	0.94
basing	0.94
batches	0.94
beggars	0.94
bestselling	0.94
biographies	0.94
biologically	0.94
bird's	0.94
bowled	0.94
boyfriend's	0.94
bubbling	0.94
budge	0.94
bw	0.94
calhoun	0.94
ccp	0.94
chaplin	0.94
cheater	0.94
cheeses	0.94
clegg	0.94
cloning	0.94
clout	0.94
cochran	0.94
comical	0.94
commemorative	0.94
confederacy	0.94
converge	0.94
copeland	0.94
corny	0.94
countrymen	0.94
couple's	0.94
crucible	0.94
cryptic	0.94
culminated	0.94
curses	0.94
darth	0.94
deb	0.94
declarations	0.94
deities	0.94
deletion	0.94
diligent	0.94
discern	0.94
dislikes	0.94
domino	0.94
donnelly	0.94
downgrade	0.94
dreamy	0.94
drenched	0.94
droid	0.94
dukes	0.94
dummies	0.94
dunbar	0.94
dung	0.94
dyson	0.94
earners	0.94
eel	0.94
eiffel	0.94
embryonic	0.94
emoji	0.94
encountering	0.94
endanger	0.94
eos	0.94
equities	0.94
fakes	0.94
fanatic	0.94
fav	0.94
feats	0.94
filmmaking	0.94
firmware	0.94
formulate	0.94
forts	0.94
fragmentation	0.94
franks	0.94
frederic	0.94
ftc	0.94
gated	0.94
girly	0.94
glam	0.94
glorified	0.94
goth	0.94
gracefully	0.94
gubernatorial	0.94
gunmen	0.94
hahahaha	0.94
hawthorn	0.94
healy	0.94
hermann	0.94
herr	0.94
hf	0.94
hg	0.94
hoard	0.94
horde	0.94
humming	0.94
ignited	0.94
imdb	0.94
imp	0.94
implicitly	0.94
inconsistency	0.94
ingenuity	0.94
injecting	0.94
inorganic	0.94
intestine	0.94
isolating	0.94
itinerary	0.94
juggling	0.94
justifies	0.94
kkk	0.94
koran	0.94
lacy	0.94
lair	0.94
lamborghini	0.94
lambs	0.94
leaping	0.94
liberating	0.94
lifeless	0.94
lifeline	0.94
lobbyists	0.94
looms	0.94
lotto	0.94
lovable	0.94
love's	0.94
luka	0.94
lukas	0.94
lyndon	0.94
lynne	0.94
macarthur	0.94
mam	0.94
mani	0.94
mari	0.94
marino	0.94
mateo	0.94
messes	0.94
metaphors	0.94
miliband	0.94
molded	0.94
monday's	0.94
moot	0.94
mortimer	0.94
msc	0.94
musicals	0.94
myles	0.94
nebula	0.94
neurology	0.94
newt	0.94
nguyen	0.94
nietzsche	0.94
nitro	0.94
noaa	0.94
norse	0.94
notebooks	0.94
nyt	0.94
odin	0.94
oj	0.94
ost	0.94
overflowing	0.94
overland	0.94
overshadowed	0.94
pantry	0.94
paraguay	0.94
parchment	0.94
partake	0.94
pedals	0.94
pesos	0.94
peterborough	0.94
philosophies	0.94
pj	0.94
plagiarism	0.94
poked	0.94
polk	0.94
pollard	0.94
polled	0.94
pollock	0.94
prefix	0.94
proctor	0.94
prologue	0.94
proto	0.94
psp	0.94
pueblo	0.94
pulpit	0.94
puncture	0.94
pussies	0.94
qa	0.94
recounts	0.94
redhead	0.94
relational	0.94
remastered	0.94
renegade	0.94
resorted	0.94
ripper	0.94
robson	0.94
roofing	0.94
rotational	0.94
rudd	0.94
ryu	0.94
safeguarding	0.94
sash	0.94
scrambling	0.94
scully	0.94
seductive	0.94
sega	0.94
segmentation	0.94
sergey	0.94
shaker	0.94
shielding	0.94
shone	0.94
sissy	0.94
sizeable	0.94
sled	0.94
sloane	0.94
sludge	0.94
sniffing	0.94
sorrows	0.94
spamming	0.94
speedway	0.94
spiked	0.94
spongebob	0.94
sprouts	0.94
staffers	0.94
staffs	0.94
stiles	0.94
stretcher	0.94
stricter	0.94
subtitle	0.94
summarize	0.94
sympathies	0.94
taker	0.94
telescopes	0.94
tess	0.94
threaded	0.94
tong	0.94
torturing	0.94
townships	0.94
transplantation	0.94
triad	0.94
trimming	0.94
truthfully	0.94
unfounded	0.94
unicef	0.94
unimportant	0.94
uninsured	0.94
untitled	0.94
uw	0.94
uzbekistan	0.94
valor	0.94
vape	0.94
vernacular	0.94
virtuous	0.94
vox	0.94
vulnerabilities	0.94
waffles	0.94
waiters	0.94
waivers	0.94
warcraft	0.94
watercolor	0.94
wight	0.94
wolff	0.94
worded	0.94
wto	0.94
y'know	0.94
abrasive	0.93
accompaniment	0.93
accomplice	0.93
adoptive	0.93
ailments	0.93
alphabetical	0.93
alternately	0.93
analysing	0.93
annihilation	0.93
arbitrarily	0.93
armistice	0.93
armory	0.93
ars	0.93
att	0.93
auspices	0.93
awakens	0.93
bathe	0.93
beheaded	0.93
bellevue	0.93
bloomington	0.93
boasted	0.93
bob's	0.93
boroughs	0.93
breathed	0.93
brodie	0.93
calamity	0.93
carbonate	0.93
carlyle	0.93
carmel	0.93
catalytic	0.93
cemeteries	0.93
ceylon	0.93
chases	0.93
cheerleaders	0.93
cheesecake	0.93
choral	0.93
chronology	0.93
clam	0.93
clientele	0.93
coefficients	0.93
coldest	0.93
colouring	0.93
combatants	0.93
competes	0.93
configured	0.93
conflicted	0.93
convection	0.93
coronavirus	0.93
cosby	0.93
craftsman	0.93
creams	0.93
cretaceous	0.93
cripple	0.93
crooks	0.93
crunchy	0.93
ctrl	0.93
curvature	0.93
cyborg	0.93
dares	0.93
deflection	0.93
despised	0.93
dialogues	0.93
discouraging	0.93
distillery	0.93
diversification	0.93
djokovic	0.93
doesn	0.93
drumming	0.93
drummond	0.93
effortlessly	0.93
eighties	0.93
ein	0.93
enactment	0.93
enlighten	0.93
envious	0.93
erm	0.93
erroneous	0.93
exacerbated	0.93
familial	0.93
farage	0.93
fashions	0.93
feces	0.93
federer	0.93
filings	0.93
fishery	0.93
folders	0.93
frazier	0.93
frivolous	0.93
fruition	0.93
fuji	0.93
fullback	0.93
gage	0.93
galley	0.93
galway	0.93
gators	0.93
giddy	0.93
gpu	0.93
granada	0.93
grandeur	0.93
grappling	0.93
grover	0.93
gunshots	0.93
hamid	0.93
handlers	0.93
hanks	0.93
haunts	0.93
heinz	0.93
henry's	0.93
hentai	0.93
hodgson	0.93
homogeneous	0.93
hye	0.93
ich	0.93
ina	0.93
incl	0.93
inserts	0.93
intangible	0.93
interceptions	0.93
intestines	0.93
inventors	0.93
ire	0.93
jesuit	0.93
justine	0.93
kelly's	0.93
kiddo	0.93
kimmel	0.93
knuckle	0.93
kt	0.93
landscaping	0.93
laureate	0.93
law's	0.93
lds	0.93
lear	0.93
lesley	0.93
leveling	0.93
levied	0.93
lineman	0.93
litres	0.93
lodges	0.93
madman	0.93
maniac	0.93
manifestations	0.93
mavericks	0.93
mcnamara	0.93
medalist	0.93
melee	0.93
melo	0.93
melville	0.93
memorize	0.93
mendes	0.93
menstrual	0.93
merch	0.93
metallica	0.93
metaphysical	0.93
meteorology	0.93
methyl	0.93
mindless	0.93
misconception	0.93
mislead	0.93
momentarily	0.93
mounds	0.93
nadu	0.93
narcissistic	0.93
negotiable	0.93
neighbor's	0.93
nicknames	0.93
nom	0.93
northward	0.93
norwood	0.93
nudge	0.93
nurturing	0.93
nyse	0.93
obscured	0.93
osu	0.93
outlawed	0.93
ovens	0.93
overturn	0.93
padded	0.93
padres	0.93
panicking	0.93
pantheon	0.93
payer	0.93
pictorial	0.93
pints	0.93
ploy	0.93
pours	0.93
prejudices	0.93
presumption	0.93
proclaiming	0.93
prospectus	0.93
prosthetic	0.93
pty	0.93
public's	0.93
puma	0.93
racers	0.93
reactionary	0.93
reciprocal	0.93
reconstruct	0.93
redwood	0.93
regan	0.93
relieving	0.93
reverence	0.93
richter	0.93
rims	0.93
sabine	0.93
saigon	0.93
santana	0.93
scrubs	0.93
seaweed	0.93
seduction	0.93
selfishness	0.93
serge	0.93
servicemen	0.93
setbacks	0.93
sevens	0.93
sewers	0.93
sexiest	0.93
shakespeare's	0.93
shaman	0.93
shatter	0.93
shepherds	0.93
shoving	0.93
signify	0.93
sinn	0.93
sino	0.93
sketchy	0.93
smuggled	0.93
snowfall	0.93
southbound	0.93
specificity	0.93
squirt	0.93
ste	0.93
stewardship	0.93
stitched	0.93
stoppage	0.93
storylines	0.93
straining	0.93
stu	0.93
superpower	0.93
suspensions	0.93
synergy	0.93
takers	0.93
tasmanian	0.93
tempt	0.93
terminating	0.93
terri	0.93
testifying	0.93
thermometer	0.93
thingy	0.93
timberlake	0.93
tint	0.93
tomlinson	0.93
toulouse	0.93
triumphs	0.93
unbroken	0.93
unsettled	0.93
unveiling	0.93
uttar	0.93
versed	0.93
vicki	0.93
vlad	0.93
vm	0.93
weiner	0.93
wharton	0.93
whiff	0.93
whopping	0.93
wilt	0.93
woodstock	0.93
youtubers	0.93
zachary	0.93
zhao	0.93
absurdity	0.92
achievable	0.92
adversaries	0.92
alchemy	0.92
amazon's	0.92
ambushed	0.92
americana	0.92
anastasia	0.92
anatomical	0.92
antigen	0.92
apostolic	0.92
applauded	0.92
ara	0.92
aristocracy	0.92
armchair	0.92
aryan	0.92
aswell	0.92
aunts	0.92
babysitter	0.92
babysitting	0.92
backlog	0.92
bbc's	0.92
bengali	0.92
bile	0.92
biochemical	0.92
bled	0.92
bling	0.92
boca	0.92
boner	0.92
bose	0.92
botched	0.92
bouts	0.92
bradshaw	0.92
brandt	0.92
brownie	0.92
bunnies	0.92
calibre	0.92
caliphate	0.92
captain's	0.92
captives	0.92
carcass	0.92
cardigan	0.92
carousel	0.92
cartwright	0.92
chico	0.92
chihuahua	0.92
christi	0.92
circumcision	0.92
clandestine	0.92
clarifying	0.92
clutter	0.92
commuters	0.92
complying	0.92
compost	0.92
condemns	0.92
congratulated	0.92
conqueror	0.92
cot	0.92
coulson	0.92
crafty	0.92
crickets	0.92
croydon	0.92
crusader	0.92
cumming	0.92
cutoff	0.92
debacle	0.92
defiant	0.92
deformed	0.92
detain	0.92
diagnostics	0.92
directives	0.92
disarm	0.92
doherty	0.92
domingo	0.92
dominique	0.92
drawback	0.92
drawbacks	0.92
drs	0.92
edm	0.92
edo	0.92
elliptical	0.92
eloquent	0.92
eminence	0.92
emitting	0.92
emperors	0.92
entail	0.92
equatorial	0.92
eras	0.92
esports	0.92
eth	0.92
ethereum	0.92
eyeballs	0.92
fairytale	0.92
fallacy	0.92
feeble	0.92
fend	0.92
ferocious	0.92
fifties	0.92
filipinos	0.92
flake	0.92
ford's	0.92
forensics	0.92
forwarding	0.92
fragrant	0.92
gallant	0.92
gazing	0.92
gd	0.92
generalization	0.92
genitals	0.92
geologist	0.92
goldsmith	0.92
golfing	0.92
goons	0.92
guesses	0.92
gums	0.92
haas	0.92
halle	0.92
hana	0.92
handcuffs	0.92
harmon	0.92
hasan	0.92
herds	0.92
hermit	0.92
hillsborough	0.92
hindered	0.92
hookers	0.92
horsemen	0.92
hui	0.92
hutton	0.92
ign	0.92
illuminating	0.92
indebted	0.92
indecent	0.92
inquest	0.92
interacts	0.92
interfered	0.92
ionic	0.92
ipl	0.92
jennie	0.92
jerking	0.92
jingle	0.92
johansson	0.92
kali	0.92
kilometre	0.92
kink	0.92
kira	0.92
lagging	0.92
laguna	0.92
lawns	0.92
leighton	0.92
leopold	0.92
levant	0.92
lice	0.92
loco	0.92
looted	0.92
lorry	0.92
loudest	0.92
lovin	0.92
macleod	0.92
magnolia	0.92
marlon	0.92
matty	0.92
mauritius	0.92
medial	0.92
mellon	0.92
mercantile	0.92
migratory	0.92
mingle	0.92
modernist	0.92
moths	0.92
mover	0.92
movers	0.92
nee	0.92
nomenclature	0.92
opponent's	0.92
organisers	0.92
outback	0.92
outcry	0.92
pamphlets	0.92
panoramic	0.92
paparazzi	0.92
parkinson	0.92
pauses	0.92
pave	0.92
peng	0.92
philanthropic	0.92
playhouse	0.92
plow	0.92
prada	0.92
preferential	0.92
prescribing	0.92
primetime	0.92
probing	0.92
proc	0.92
prolong	0.92
propane	0.92
publicized	0.92
purest	0.92
pvc	0.92
qt	0.92
queues	0.92
ramadan	0.92
rambling	0.92
ras	0.92
recruiters	0.92
redirect	0.92
redmond	0.92
relentlessly	0.92
remanded	0.92
reusable	0.92
revolutionaries	0.92
rin	0.92
robberies	0.92
rowdy	0.92
saffron	0.92
salford	0.92
sassy	0.92
schoolboy	0.92
schumacher	0.92
scoreboard	0.92
scotty	0.92
seeding	0.92
sender	0.92
seneca	0.92
septic	0.92
shamed	0.92
shenanigans	0.92
silas	0.92
skateboard	0.92
skiers	0.92
slider	0.92
smacked	0.92
smiths	0.92
soma	0.92
someones	0.92
ssd	0.92
staggered	0.92
staining	0.92
stalked	0.92
stemmed	0.92
stipulated	0.92
substrates	0.92
subversive	0.92
sufferers	0.92
suggestive	0.92
suitability	0.92
superstition	0.92
surfers	0.92
swallows	0.92
swanson	0.92
symmetric	0.92
synonyms	0.92
takin	0.92
theses	0.92
tic	0.92
timeout	0.92
tom's	0.92
tome	0.92
tonne	0.92
totalitarian	0.92
tramp	0.92
transistor	0.92
translucent	0.92
trashed	0.92
trot	0.92
turkey's	0.92
unbalanced	0.92
unfavorable	0.92
unintentionally	0.92
uniqueness	0.92
upto	0.92
vertebrae	0.92
vertex	0.92
vowels	0.92
vuitton	0.92
wheeling	0.92
whistling	0.92
wield	0.92
woodwork	0.92
yall	0.92
yellowish	0.92
youll	0.92
yt	0.92
accompanies	0.91
acidity	0.91
adam's	0.91
ado	0.91
affirm	0.91
agrarian	0.91
airy	0.91
akira	0.91
alaskan	0.91
alfie	0.91
alloys	0.91
andhra	0.91
anecdote	0.91
anew	0.91
ani	0.91
antifa	0.91
antwerp	0.91
appease	0.91
aptitude	0.91
arisen	0.91
assassinate	0.91
asteroids	0.91
backside	0.91
bassist	0.91
bein	0.91
bespoke	0.91
blatantly	0.91
blinding	0.91
blocker	0.91
blowout	0.91
booted	0.91
brisk	0.91
bubbly	0.91
bummer	0.91
bundy	0.91
canceling	0.91
cao	0.91
casper	0.91
cauliflower	0.91
cebu	0.91
celia	0.91
cereals	0.91
chadwick	0.91
chainsaw	0.91
chalmers	0.91
channing	0.91
cheetah	0.91
christensen	0.91
climatic	0.91
clockwise	0.91
clockwork	0.91
coincides	0.91
como	0.91
conformity	0.91
confronts	0.91
consort	0.91
correlate	0.91
cougars	0.91
courteous	0.91
craftsmen	0.91
crete	0.91
criticise	0.91
cupid	0.91
curiously	0.91
damning	0.91
danes	0.91
darrell	0.91
defer	0.91
deforestation	0.91
delaney	0.91
demeanor	0.91
deng	0.91
deplorable	0.91
deranged	0.91
detergent	0.91
detour	0.91
dg	0.91
dhaka	0.91
diff	0.91
dissenting	0.91
distressing	0.91
docked	0.91
downtime	0.91
downwards	0.91
dries	0.91
dutton	0.91
enlarge	0.91
enlargement	0.91
equate	0.91
equestrian	0.91
ethereal	0.91
eurovision	0.91
expanse	0.91
fabio	0.91
faiths	0.91
fanatics	0.91
fanfare	0.91
favorably	0.91
fidel	0.91
fingernails	0.91
fireman	0.91
flaps	0.91
flask	0.91
fluff	0.91
fondly	0.91
footnotes	0.91
fremont	0.91
frosty	0.91
galileo	0.91
gatsby	0.91
gearbox	0.91
germ	0.91
gis	0.91
giver	0.91
gnome	0.91
guaranteeing	0.91
gunpoint	0.91
hades	0.91
handedly	0.91
har	0.91
harcourt	0.91
harlan	0.91
haute	0.91
heartache	0.91
hertfordshire	0.91
homeowner	0.91
hooray	0.91
huskies	0.91
hypotheses	0.91
imitating	0.91
imposes	0.91
individuality	0.91
infiltrated	0.91
insurgent	0.91
intertwined	0.91
inventories	0.91
iranians	0.91
italy's	0.91
jails	0.91
janitor	0.91
judgmental	0.91
lange	0.91
lanterns	0.91
launchers	0.91
legislator	0.91
lien	0.91
limousine	0.91
linden	0.91
lithuanian	0.91
lotta	0.91
lupus	0.91
lyme	0.91
lymph	0.91
macy's	0.91
mahal	0.91
mansions	0.91
manure	0.91
mariah	0.91
mccormick	0.91
meatballs	0.91
meningitis	0.91
meteorite	0.91
midfielders	0.91
mildred	0.91
militias	0.91
millie	0.91
milne	0.91
misogyny	0.91
mrna	0.91
multiplier	0.91
nehru	0.91
newbie	0.91
newtown	0.91
nominating	0.91
northbound	0.91
oblique	0.91
obscurity	0.91
odessa	0.91
okinawa	0.91
onslaught	0.91
opal	0.91
operas	0.91
organisational	0.91
oxfordshire	0.91
palsy	0.91
paralympics	0.91
paramilitary	0.91
partridge	0.91
patrolling	0.91
patti	0.91
payers	0.91
permissible	0.91
phone's	0.91
platonic	0.91
polka	0.91
primates	0.91
project's	0.91
rancho	0.91
rattling	0.91
rca	0.91
realisation	0.91
recapture	0.91
recounted	0.91
recurrence	0.91
referrals	0.91
refinement	0.91
regis	0.91
relocating	0.91
reparations	0.91
repel	0.91
researches	0.91
resigns	0.91
revamp	0.91
rockwell	0.91
rodent	0.91
rohan	0.91
rudder	0.91
ruiz	0.91
rung	0.91
salah	0.91
satisfies	0.91
scraped	0.91
seaman	0.91
sensibility	0.91
sevilla	0.91
shielded	0.91
showered	0.91
sizing	0.91
skier	0.91
skyscraper	0.91
slabs	0.91
slumber	0.91
slums	0.91
sockets	0.91
spiderman	0.91
sprays	0.91
staunch	0.91
stiffness	0.91
stuttgart	0.91
swayed	0.91
swoop	0.91
synchronized	0.91
tahoe	0.91
tallahassee	0.91
telly	0.91
tentacles	0.91
terence	0.91
therapeutics	0.91
thom	0.91
tia	0.91
time's	0.91
topology	0.91
transatlantic	0.91
tunisian	0.91
tutoring	0.91
ugandan	0.91
uncontrolled	0.91
undecided	0.91
unparalleled	0.91
unsolicited	0.91
unveil	0.91
unworthy	0.91
utensils	0.91
vaults	0.91
vids	0.91
vocation	0.91
volts	0.91
waged	0.91
walden	0.91
warmest	0.91
wentworth	0.91
when's	0.91
whoop	0.91
williamsburg	0.91
winslow	0.91
zu	0.91
abbreviated	0.90
admirer	0.90
aerobic	0.90
aerodynamic	0.90
aesthetically	0.90
agitation	0.90
agreeable	0.90
airway	0.90
alessandro	0.90
alfonso	0.90
algebraic	0.90
amaze	0.90
analyzes	0.90
artefacts	0.90
assertive	0.90
assimilation	0.90
augment	0.90
avalon	0.90
bachelors	0.90
backseat	0.90
balkan	0.90
barclay	0.90
baseman	0.90
batted	0.90
beale	0.90
beatty	0.90
bernardino	0.90
bernardo	0.90
bitching	0.90
bosnian	0.90
bragg	0.90
brainer	0.90
breakaway	0.90
breakdowns	0.90
breathless	0.90
briefed	0.90
brownies	0.90
browsers	0.90
brunei	0.90
bst	0.90
cabs	0.90
captions	0.90
carefree	0.90
caricature	0.90
carton	0.90
cayman	0.90
celeste	0.90
cert	0.90
ces	0.90
chandelier	0.90
chandra	0.90
chests	0.90
chute	0.90
cir	0.90
cliché	0.90
clipping	0.90
clot	0.90
comets	0.90
commission's	0.90
companionship	0.90
complacent	0.90
complicit	0.90
concentrates	0.90
confer	0.90
contractions	0.90
coolant	0.90
copyrighted	0.90
corbett	0.90
counteract	0.90
courtship	0.90
crammed	0.90
craven	0.90
csr	0.90
cumbria	0.90
cushions	0.90
daley	0.90
debilitating	0.90
deepen	0.90
deepening	0.90
dependencies	0.90
deprive	0.90
derry	0.90
destroyers	0.90
devise	0.90
devotees	0.90
directories	0.90
disclosing	0.90
discrepancies	0.90
disparities	0.90
downturn	0.90
drier	0.90
duane	0.90
dystopian	0.90
efficiencies	0.90
electrically	0.90
elmer	0.90
ely	0.90
embodies	0.90
enclave	0.90
entourage	0.90
epoch	0.90
evo	0.90
exaggerate	0.90
exaggerating	0.90
excelled	0.90
extinguished	0.90
faber	0.90
farts	0.90
fated	0.90
femme	0.90
fibres	0.90
fibrosis	0.90
fielder	0.90
foggy	0.90
forgery	0.90
fremantle	0.90
frequented	0.90
functionally	0.90
furiously	0.90
gaping	0.90
gator	0.90
gentry	0.90
germanic	0.90
gigi	0.90
gimmick	0.90
gladiator	0.90
glendale	0.90
glimpses	0.90
glittering	0.90
glossary	0.90
grandmother's	0.90
gregor	0.90
grinning	0.90
grizzlies	0.90
groundwork	0.90
gymnasium	0.90
hammering	0.90
harrisburg	0.90
hays	0.90
henley	0.90
hounds	0.90
house's	0.90
implementations	0.90
imposition	0.90
impromptu	0.90
indulgence	0.90
intersect	0.90
invasions	0.90
iodine	0.90
jameson	0.90
johannes	0.90
johnstone	0.90
jos	0.90
josef	0.90
keel	0.90
kilometer	0.90
kingsley	0.90
kk	0.90
kruger	0.90
labourers	0.90
leland	0.90
lemme	0.90
lettering	0.90
lewd	0.90
lifeboat	0.90
liters	0.90
liturgy	0.90
livin	0.90
llp	0.90
lockhart	0.90
longstanding	0.90
lumps	0.90
madeline	0.90
magma	0.90
mammalian	0.90
marbles	0.90
marcia	0.90
milking	0.90
millennia	0.90
milner	0.90
miraculously	0.90
molding	0.90
mortals	0.90
motorbike	0.90
mum's	0.90
mustafa	0.90
nodding	0.90
nonexistent	0.90
notoriety	0.90
nuclei	0.90
nutty	0.90
oa	0.90
obedient	0.90
oculus	0.90
ogden	0.90
orgasms	0.90
originates	0.90
ornate	0.90
ousted	0.90
palpable	0.90
paramedic	0.90
patched	0.90
perk	0.90
perpetuate	0.90
perverse	0.90
perverted	0.90
peta	0.90
philharmonic	0.90
photographing	0.90
photons	0.90
playlists	0.90
plume	0.90
plump	0.90
prequel	0.90
prince's	0.90
prophetic	0.90
provocation	0.90
pumpkins	0.90
purified	0.90
radiology	0.90
raffle	0.90
ragged	0.90
rainbows	0.90
recoil	0.90
recorders	0.90
redo	0.90
rejoin	0.90
relays	0.90
remission	0.90
renounce	0.90
repentance	0.90
resonate	0.90
restitution	0.90
reviving	0.90
rewritten	0.90
riddled	0.90
ridiculed	0.90
romo	0.90
rotations	0.90
rotterdam	0.90
roxy	0.90
rugs	0.90
sacrament	0.90
sauces	0.90
scholastic	0.90
scourge	0.90
seville	0.90
shopper	0.90
shrub	0.90
shu	0.90
signage	0.90
skis	0.90
slag	0.90
sluts	0.90
sneeze	0.90
soaps	0.90
sobriety	0.90
som	0.90
songwriting	0.90
sorely	0.90
sprawling	0.90
sprinter	0.90
sprite	0.90
stagnation	0.90
stead	0.90
stinks	0.90
structurally	0.90
suez	0.90
sulfate	0.90
sumner	0.90
sv	0.90
swag	0.90
sweatshirt	0.90
tangent	0.90
tenn	0.90
tg	0.90
tori	0.90
touted	0.90
tracer	0.90
transporter	0.90
tuesday's	0.90
turing	0.90
undergoes	0.90
unearthed	0.90
uniformly	0.90
unqualified	0.90
unquestionably	0.90
unravel	0.90
variously	0.90
vests	0.90
veterinarian	0.90
vidal	0.90
viet	0.90
viz	0.90
warms	0.90
wasteland	0.90
watchdog	0.90
watery	0.90
wavelengths	0.90
weasel	0.90
westfield	0.90
whips	0.90
why'd	0.90
workplaces	0.90
yukon	0.90
zeke	0.90
zest	0.90
zoology	0.90
zulu	0.90
aborted	0.89
absorbs	0.89
abstinence	0.89
academically	0.89
activates	0.89
adjectives	0.89
adm	0.89
adventurer	0.89
adventurers	0.89
aeroplane	0.89
alcoholics	0.89
allege	0.89
alton	0.89
andromeda	0.89
announcers	0.89
arduous	0.89
asher	0.89
attaining	0.89
avi	0.89
bachelorette	0.89
bagel	0.89
bagged	0.89
bai	0.89
bangor	0.89
barometer	0.89
basque	0.89
bavaria	0.89
bbw	0.89
biggie	0.89
bigot	0.89
boa	0.89
branched	0.89
brazil's	0.89
britannia	0.89
britt	0.89
bruise	0.89
bruising	0.89
bucharest	0.89
buffett	0.89
bullion	0.89
bumpy	0.89
bums	0.89
bureaucrats	0.89
burnham	0.89
byu	0.89
cahill	0.89
carp	0.89
castor	0.89
center's	0.89
challengers	0.89
charting	0.89
cicero	0.89
circumference	0.89
classifications	0.89
cleopatra	0.89
cleverly	0.89
clocked	0.89
coasters	0.89
codex	0.89
collars	0.89
composure	0.89
computerized	0.89
concur	0.89
conte	0.89
conveying	0.89
cornered	0.89
cowan	0.89
craziest	0.89
crowe	0.89
davy	0.89
defying	0.89
delicacy	0.89
demolish	0.89
dempsey	0.89
deport	0.89
dictators	0.89
dictionaries	0.89
dilute	0.89
disabling	0.89
disillusioned	0.89
dispersion	0.89
doha	0.89
doomsday	0.89
draped	0.89
drinker	0.89
eels	0.89
emil	0.89
emphasised	0.89
entangled	0.89
enzo	0.89
exploratory	0.89
facet	0.89
fates	0.89
fei	0.89
fermented	0.89
ferries	0.89
finesse	0.89
fireball	0.89
firth	0.89
flannel	0.89
floss	0.89
foresee	0.89
foundation's	0.89
frantically	0.89
frees	0.89
fringes	0.89
gaston	0.89
genoa	0.89
geothermal	0.89
gh	0.89
gist	0.89
github	0.89
grievous	0.89
gustav	0.89
handbags	0.89
handkerchief	0.89
hari	0.89
heaters	0.89
hebrews	0.89
hepburn	0.89
heres	0.89
hogwarts	0.89
hookup	0.89
hopelessly	0.89
horticulture	0.89
howl	0.89
huddersfield	0.89
hydration	0.89
ibiza	0.89
improv	0.89
impunity	0.89
indexing	0.89
infertility	0.89
informational	0.89
inline	0.89
insolvency	0.89
intermediary	0.89
interrogated	0.89
ives	0.89
jody	0.89
jokingly	0.89
josie	0.89
juveniles	0.89
karim	0.89
kimi	0.89
kinks	0.89
klan	0.89
kristina	0.89
laughable	0.89
lennox	0.89
lion's	0.89
lng	0.89
locus	0.89
lucius	0.89
lund	0.89
lvl	0.89
makeshift	0.89
marquee	0.89
massey	0.89
masturbate	0.89
mathematically	0.89
matrices	0.89
mckinley	0.89
meade	0.89
melanoma	0.89
menacing	0.89
microbes	0.89
midterms	0.89
mobilize	0.89
monsanto	0.89
moors	0.89
morley	0.89
msu	0.89
nag	0.89
nativity	0.89
neglecting	0.89
nook	0.89
novo	0.89
nutritious	0.89
overdrive	0.89
padding	0.89
panasonic	0.89
pant	0.89
passover	0.89
peking	0.89
penitentiary	0.89
perilous	0.89
periodicals	0.89
pharmacies	0.89
picard	0.89
pikachu	0.89
plaques	0.89
plastered	0.89
playa	0.89
plucked	0.89
polytechnic	0.89
popularly	0.89
pornographic	0.89
posse	0.89
prepping	0.89
program's	0.89
rankin	0.89
rebates	0.89
recognises	0.89
recognising	0.89
reconciled	0.89
refrigeration	0.89
refunded	0.89
rename	0.89
repulsive	0.89
respite	0.89
ret	0.89
revamped	0.89
revising	0.89
rhinos	0.89
rockin	0.89
rts	0.89
saber	0.89
sadistic	0.89
samba	0.89
scorers	0.89
sewn	0.89
shaggy	0.89
shelling	0.89
shouldnt	0.89
shrunk	0.89
sitter	0.89
sixers	0.89
slant	0.89
slashed	0.89
sleepless	0.89
slur	0.89
snowball	0.89
sobs	0.89
soles	0.89
soothe	0.89
souvenirs	0.89
spelt	0.89
stalling	0.89
stamping	0.89
steiner	0.89
strasbourg	0.89
streamline	0.89
suckers	0.89
sulphur	0.89
swears	0.89
tablespoons	0.89
tacky	0.89
tamara	0.89
tampering	0.89
tankers	0.89
telephones	0.89
terminus	0.89
tessa	0.89
testicles	0.89
texan	0.89
thaw	0.89
throughput	0.89
timelines	0.89
tolkien	0.89
tout	0.89
transnational	0.89
tripod	0.89
tulip	0.89
turnpike	0.89
ud	0.89
ulysses	0.89
unattended	0.89
unbeatable	0.89
undertaker	0.89
uniformed	0.89
unionists	0.89
united's	0.89
unloaded	0.89
ursula	0.89
usps	0.89
uttered	0.89
vulture	0.89
wares	0.89
waterway	0.89
whistleblower	0.89
wv	0.89
xanax	0.89
xs	0.89
yves	0.89
absentee	0.88
accolades	0.88
admirers	0.88
alden	0.88
aldo	0.88
alyssa	0.88
amin	0.88
anarchists	0.88
anecdotal	0.88
anemia	0.88
animosity	0.88
appoints	0.88
autoimmune	0.88
aws	0.88
bakers	0.88
bama	0.88
barons	0.88
battalions	0.88
beggar	0.88
bertrand	0.88
bismarck	0.88
bombarded	0.88
boulders	0.88
bounces	0.88
bouncy	0.88
buick	0.88
burbank	0.88
busts	0.88
calibrated	0.88
callahan	0.88
canteen	0.88
capacitor	0.88
captivating	0.88
carbohydrate	0.88
cartels	0.88
cavalier	0.88
centrist	0.88
cfa	0.88
chakra	0.88
chatted	0.88
chauffeur	0.88
childs	0.88
circled	0.88
circulate	0.88
clergyman	0.88
climber	0.88
clinched	0.88
clutching	0.88
coliseum	0.88
combs	0.88
commandment	0.88
complimented	0.88
conceivable	0.88
concordia	0.88
condone	0.88
congested	0.88
connectors	0.88
conner	0.88
consecrated	0.88
contaminants	0.88
contiguous	0.88
conveys	0.88
cosmo	0.88
councilman	0.88
cranberry	0.88
criticizes	0.88
croft	0.88
custard	0.88
darby	0.88
deceiving	0.88
defaults	0.88
definitively	0.88
deflect	0.88
deliberations	0.88
denoted	0.88
departs	0.88
deregulation	0.88
desolate	0.88
devour	0.88
digger	0.88
disarmament	0.88
disgraced	0.88
dishonesty	0.88
divergence	0.88
dmitry	0.88
domesticated	0.88
dorian	0.88
doubly	0.88
doughnut	0.88
douglass	0.88
dubois	0.88
duluth	0.88
dwarfs	0.88
eastenders	0.88
ek	0.88
elgin	0.88
embody	0.88
enrolling	0.88
envision	0.88
equivalence	0.88
erika	0.88
ers	0.88
eruptions	0.88
esoteric	0.88
eurozone	0.88
euthanasia	0.88
fabian	0.88
faye	0.88
fd	0.88
felon	0.88
flammable	0.88
flanagan	0.88
footnote	0.88
fostered	0.88
fp	0.88
friggin	0.88
frontman	0.88
furthest	0.88
garnet	0.88
glanced	0.88
goku	0.88
gorman	0.88
grapefruit	0.88
grate	0.88
greyhound	0.88
grossed	0.88
guerrero	0.88
guido	0.88
gyms	0.88
hahn	0.88
hairdresser	0.88
hardness	0.88
harper's	0.88
haryana	0.88
helpers	0.88
hendricks	0.88
hero's	0.88
hess	0.88
hh	0.88
hilly	0.88
hogs	0.88
hone	0.88
horne	0.88
hotspot	0.88
howie	0.88
humbly	0.88
huron	0.88
hw	0.88
hyatt	0.88
inciting	0.88
incomprehensible	0.88
incumbents	0.88
inertia	0.88
infestation	0.88
insurrection	0.88
intolerable	0.88
ironman	0.88
isla	0.88
jordanian	0.88
juno	0.88
kershaw	0.88
koh	0.88
lamont	0.88
larkin	0.88
lauded	0.88
laziness	0.88
leech	0.88
lei	0.88
libs	0.88
macquarie	0.88
madly	0.88
meetup	0.88
milano	0.88
minimise	0.88
miserably	0.88
moldova	0.88
mor	0.88
motivates	0.88
motorsport	0.88
mustered	0.88
mutilation	0.88
nemo	0.88
nerdy	0.88
nifty	0.88
nikita	0.88
orphaned	0.88
ova	0.88
paces	0.88
paine	0.88
palladium	0.88
parmesan	0.88
particulars	0.88
passer	0.88
pathogen	0.88
pci	0.88
pebbles	0.88
pelicans	0.88
pensioners	0.88
personalised	0.88
piazza	0.88
pickled	0.88
policymakers	0.88
pom	0.88
possessive	0.88
pranks	0.88
prefecture	0.88
pretentious	0.88
pritchard	0.88
promenade	0.88
pronoun	0.88
proximal	0.88
rapport	0.88
rapture	0.88
ration	0.88
ravaged	0.88
reconnect	0.88
rectify	0.88
reginald	0.88
rivalries	0.88
rudimentary	0.88
sabres	0.88
salle	0.88
sayings	0.88
scariest	0.88
schumer	0.88
screenwriter	0.88
seconded	0.88
seduced	0.88
seine	0.88
selector	0.88
shawl	0.88
shenzhen	0.88
shilling	0.88
shroud	0.88
shutters	0.88
sj	0.88
skim	0.88
slaps	0.88
slovak	0.88
sn	0.88
solicitation	0.88
sooooo	0.88
specifying	0.88
starboard	0.88
stardust	0.88
stereotypical	0.88
stewards	0.88
stupidest	0.88
superseded	0.88
surpassing	0.88
swirling	0.88
sy	0.88
tarzan	0.88
teas	0.88
telugu	0.88
timbers	0.88
tormented	0.88
traumatized	0.88
twinkle	0.88
tyne	0.88
uncharted	0.88
unforeseen	0.88
unsigned	0.88
unspoken	0.88
upholding	0.88
ux	0.88
valet	0.88
vehemently	0.88
vendetta	0.88
voss	0.88
weakly	0.88
west's	0.88
westchester	0.88
wiener	0.88
wildcard	0.88
wildfires	0.88
yorkers	0.88
ツ	0.88
abc's	0.87
accommodated	0.87
affordability	0.87
agatha	0.87
aladdin	0.87
alderman	0.87
alienation	0.87
altitudes	0.87
amor	0.87
amplify	0.87
anorexia	0.87
another's	0.87
anthropologist	0.87
antidepressants	0.87
apologizes	0.87
astronomer	0.87
atl	0.87
attested	0.87
attrition	0.87
aud	0.87
aunty	0.87
autopilot	0.87
baggy	0.87
bailout	0.87
balfour	0.87
ballads	0.87
ballast	0.87
berman	0.87
bigfoot	0.87
biotech	0.87
blackjack	0.87
bloodstream	0.87
bluegrass	0.87
bordered	0.87
bottling	0.87
brasil	0.87
brigham	0.87
budgetary	0.87
bustling	0.87
camo	0.87
capitalized	0.87
carers	0.87
carte	0.87
cavendish	0.87
celine	0.87
cheerleading	0.87
chipping	0.87
cliche	0.87
clutches	0.87
cockroach	0.87
collaborator	0.87
colton	0.87
composites	0.87
consolidating	0.87
contends	0.87
contradicts	0.87
cortez	0.87
cpc	0.87
crossfit	0.87
cumbersome	0.87
curt	0.87
cyclic	0.87
cyclical	0.87
dade	0.87
deducted	0.87
deformation	0.87
descends	0.87
devotional	0.87
dicaprio	0.87
distinguishes	0.87
diversify	0.87
downloadable	0.87
dum	0.87
duplication	0.87
dynamo	0.87
eastman	0.87
ei	0.87
elixir	0.87
embarking	0.87
emile	0.87
emmett	0.87
endgame	0.87
enemy's	0.87
enhancements	0.87
epiphany	0.87
escobar	0.87
evolves	0.87
eyeing	0.87
eyelids	0.87
eyeliner	0.87
fable	0.87
farah	0.87
fatality	0.87
favoring	0.87
fenced	0.87
ffa	0.87
firewood	0.87
foothills	0.87
foresight	0.87
forsaken	0.87
forsyth	0.87
fundamentalist	0.87
fw	0.87
gabby	0.87
gaddafi	0.87
gayle	0.87
geniuses	0.87
ghostbusters	0.87
greenfield	0.87
greensboro	0.87
groomed	0.87
hackney	0.87
hamstring	0.87
heidelberg	0.87
hl	0.87
hordes	0.87
horseshoe	0.87
ico	0.87
imran	0.87
incision	0.87
indistinguishable	0.87
infer	0.87
inpatient	0.87
inspecting	0.87
intensify	0.87
invitational	0.87
ithaca	0.87
ito	0.87
jarrett	0.87
jiang	0.87
kano	0.87
kennel	0.87
kern	0.87
khan's	0.87
khmer	0.87
kl	0.87
knitted	0.87
lager	0.87
laird	0.87
letterman	0.87
lighted	0.87
loathing	0.87
lorde	0.87
loyalists	0.87
mahmoud	0.87
manhood	0.87
martyrdom	0.87
mcdermott	0.87
mcmillan	0.87
menopause	0.87
meryl	0.87
michelangelo	0.87
misconceptions	0.87
mobs	0.87
mol	0.87
mortem	0.87
motherboard	0.87
moyes	0.87
msg	0.87
mussolini	0.87
mutilated	0.87
napkin	0.87
navy's	0.87
nelly	0.87
neuron	0.87
nev	0.87
niall	0.87
nigerians	0.87
nuances	0.87
nugget	0.87
ono	0.87
opus	0.87
orchards	0.87
otc	0.87
outlaws	0.87
ovaries	0.87
overtly	0.87
painless	0.87
paxton	0.87
pears	0.87
perpetually	0.87
pharmacists	0.87
photoshopped	0.87
pitted	0.87
pixar	0.87
pleads	0.87
poisons	0.87
politico	0.87
prenatal	0.87
probabilities	0.87
probate	0.87
procure	0.87
propel	0.87
propensity	0.87
pryor	0.87
punjabi	0.87
purchasers	0.87
pvt	0.87
qld	0.87
rattled	0.87
rbs	0.87
realises	0.87
receptions	0.87
remodeling	0.87
renters	0.87
resorting	0.87
retreats	0.87
rg	0.87
ringo	0.87
roadmap	0.87
roberta	0.87
rockford	0.87
rosary	0.87
rundown	0.87
ruptured	0.87
ruse	0.87
salvatore	0.87
sampson	0.87
sar	0.87
saudis	0.87
seniority	0.87
severance	0.87
sheath	0.87
shillings	0.87
shortcuts	0.87
shorthand	0.87
shortlisted	0.87
shreds	0.87
shrines	0.87
singularity	0.87
snowman	0.87
socialize	0.87
soundcloud	0.87
spain's	0.87
sparta	0.87
spinoff	0.87
sportsman	0.87
springsteen	0.87
squarely	0.87
stalks	0.87
stepmother	0.87
storming	0.87
strippers	0.87
strut	0.87
succumbed	0.87
swagger	0.87
swirl	0.87
telecommunication	0.87
temptations	0.87
theorist	0.87
theta	0.87
thi	0.87
thong	0.87
thrills	0.87
thumping	0.87
timeframe	0.87
tk	0.87
tod	0.87
tot	0.87
transcribed	0.87
tropics	0.87
tsar	0.87
tycoon	0.87
unconditionally	0.87
uncontrollable	0.87
undeniably	0.87
unfolded	0.87
unorthodox	0.87
uproar	0.87
vertigo	0.87
vigilance	0.87
viscount	0.87
walkway	0.87
wd	0.87
westerners	0.87
whistler	0.87
white's	0.87
windmill	0.87
workflow	0.87
worthington	0.87
wrapper	0.87
ymca	0.87
yogi	0.87
youtuber	0.87
zee	0.87
zoned	0.87
abba	0.86
abuja	0.86
acetate	0.86
affirming	0.86
airstrikes	0.86
aisles	0.86
allure	0.86
amps	0.86
anthrax	0.86
antisemitism	0.86
anwar	0.86
apprentices	0.86
aqueous	0.86
ariana	0.86
attainment	0.86
auctioneer	0.86
authorship	0.86
awoke	0.86
axial	0.86
barnard	0.86
barron	0.86
battleship	0.86
bayonet	0.86
bertha	0.86
bette	0.86
blanchard	0.86
bombshell	0.86
bowing	0.86
brewed	0.86
bridgewater	0.86
britons	0.86
burkina	0.86
burnout	0.86
buttocks	0.86
buyout	0.86
byte	0.86
cancerous	0.86
carat	0.86
carcinoma	0.86
carrick	0.86
caveat	0.86
caviar	0.86
ccc	0.86
chairperson	0.86
chong	0.86
chore	0.86
cid	0.86
circumvent	0.86
clique	0.86
coe	0.86
coles	0.86
conserved	0.86
contemplation	0.86
contrived	0.86
corolla	0.86
corrugated	0.86
coz	0.86
cranky	0.86
crept	0.86
crunching	0.86
crushes	0.86
csa	0.86
cults	0.86
curvy	0.86
deluded	0.86
deployments	0.86
depp	0.86
deteriorate	0.86
dior	0.86
disbanded	0.86
discredited	0.86
disorderly	0.86
distraught	0.86
distributes	0.86
dogg	0.86
dons	0.86
doughnuts	0.86
drizzle	0.86
eau	0.86
edging	0.86
elaborated	0.86
embankment	0.86
embassies	0.86
emergent	0.86
emilia	0.86
emilio	0.86
enchanting	0.86
entertainers	0.86
entice	0.86
esq	0.86
eun	0.86
exalted	0.86
exchequer	0.86
facebook's	0.86
fenton	0.86
filly	0.86
flanks	0.86
footy	0.86
formality	0.86
fortitude	0.86
fouls	0.86
fueling	0.86
gambler	0.86
gcse	0.86
gent	0.86
gents	0.86
geopolitical	0.86
glitches	0.86
goethe	0.86
goliath	0.86
governs	0.86
grandfather's	0.86
grievance	0.86
grunt	0.86
gsm	0.86
gusts	0.86
hailing	0.86
haines	0.86
halal	0.86
harmonious	0.86
hashtags	0.86
hast	0.86
hester	0.86
hijab	0.86
hitherto	0.86
hogg	0.86
hornet	0.86
humboldt	0.86
hyperbolic	0.86
impeached	0.86
impedance	0.86
incline	0.86
incubation	0.86
insignia	0.86
installments	0.86
intercontinental	0.86
interplay	0.86
interpol	0.86
isotope	0.86
israelites	0.86
jehovah	0.86
jigsaw	0.86
juniper	0.86
jus	0.86
keaton	0.86
kessler	0.86
kindred	0.86
labelling	0.86
lander	0.86
lapd	0.86
larsen	0.86
layouts	0.86
lev	0.86
lilies	0.86
lollipop	0.86
lon	0.86
machete	0.86
mallory	0.86
marshes	0.86
marshmallow	0.86
masse	0.86
matteo	0.86
mcleod	0.86
merchandising	0.86
microphones	0.86
mika	0.86
mink	0.86
mischievous	0.86
misunderstand	0.86
mobilized	0.86
molested	0.86
monies	0.86
monograph	0.86
montenegro	0.86
moo	0.86
morphological	0.86
movable	0.86
mucus	0.86
mulberry	0.86
munro	0.86
nameless	0.86
natalia	0.86
naturalist	0.86
necklaces	0.86
newsroom	0.86
nightlife	0.86
nyu	0.86
officiating	0.86
omnibus	0.86
oof	0.86
opec	0.86
opposites	0.86
orwell	0.86
outburst	0.86
overarching	0.86
overseen	0.86
overwhelm	0.86
pathologist	0.86
pcb	0.86
pcr	0.86
pct	0.86
peacekeeping	0.86
pegasus	0.86
peptides	0.86
petersen	0.86
pharmacology	0.86
pitfalls	0.86
pixie	0.86
ply	0.86
poaching	0.86
powders	0.86
ppm	0.86
preventable	0.86
primed	0.86
prog	0.86
proponent	0.86
protectors	0.86
provenance	0.86
provost	0.86
putt	0.86
quadruple	0.86
quaker	0.86
rachael	0.86
racking	0.86
rana	0.86
raptor	0.86
ratchet	0.86
ravine	0.86
raving	0.86
recreated	0.86
redress	0.86
regenerate	0.86
reigned	0.86
reincarnation	0.86
renewables	0.86
replays	0.86
retirees	0.86
rife	0.86
rollercoaster	0.86
romances	0.86
rotherham	0.86
ruben	0.86
runnin	0.86
samaritan	0.86
sax	0.86
saxophone	0.86
scarves	0.86
schuster	0.86
scorpio	0.86
selma	0.86
settler	0.86
sever	0.86
sharpen	0.86
shellfish	0.86
shortening	0.86
showering	0.86
shrapnel	0.86
shutout	0.86
sickle	0.86
singleton	0.86
skateboarding	0.86
skips	0.86
skit	0.86
slavic	0.86
snowboarding	0.86
snuff	0.86
solidly	0.86
sonoma	0.86
stairway	0.86
starry	0.86
stoic	0.86
supersonic	0.86
suspending	0.86
suzy	0.86
swamps	0.86
swaps	0.86
tablespoon	0.86
tapered	0.86
tardis	0.86
taser	0.86
technologically	0.86
temperance	0.86
terrence	0.86
testimonies	0.86
textured	0.86
thierry	0.86
thrash	0.86
thresholds	0.86
thwarted	0.86
thx	0.86
tombstone	0.86
torches	0.86
torpedoes	0.86
toto	0.86
transplants	0.86
tributaries	0.86
tributary	0.86
trumpets	0.86
turd	0.86
turrets	0.86
tuscany	0.86
tutors	0.86
tweaks	0.86
unchecked	0.86
unfolds	0.86
unhappiness	0.86
unifying	0.86
unimaginable	0.86
unites	0.86
unsecured	0.86
unsustainable	0.86
utilised	0.86
utopian	0.86
verlag	0.86
walcott	0.86
warship	0.86
weathered	0.86
wholeheartedly	0.86
whooping	0.86
widowed	0.86
willed	0.86
woolf	0.86
worsening	0.86
wounding	0.86
wwf	0.86
wwi	0.86
xinjiang	0.86
yao	0.86
zane	0.86
zenith	0.86
zimmer	0.86
zur	0.86
abbreviation	0.85
abd	0.85
abuser	0.85
accords	0.85
accrued	0.85
acm	0.85
actin	0.85
adhesion	0.85
adnan	0.85
allie	0.85
andes	0.85
andres	0.85
animate	0.85
appropriated	0.85
armenians	0.85
arming	0.85
artie	0.85
asymmetric	0.85
atrocious	0.85
autobiographical	0.85
avert	0.85
avian	0.85
backstory	0.85
barns	0.85
bayou	0.85
bern	0.85
blueprints	0.85
bodybuilding	0.85
bodyguards	0.85
branson	0.85
briefings	0.85
bugging	0.85
bullish	0.85
candies	0.85
cantor	0.85
carney	0.85
carrington	0.85
castillo	0.85
chairmen	0.85
chastity	0.85
chime	0.85
chromium	0.85
circumstantial	0.85
claimant	0.85
closeness	0.85
cnbc	0.85
coachella	0.85
collectible	0.85
commemorating	0.85
conceding	0.85
conductivity	0.85
contended	0.85
contextual	0.85
contradicted	0.85
corbin	0.85
cordon	0.85
coulter	0.85
cram	0.85
crawley	0.85
crazed	0.85
crossword	0.85
cuckoo	0.85
cuddly	0.85
dak	0.85
danube	0.85
dawkins	0.85
decaying	0.85
decipher	0.85
delve	0.85
depletion	0.85
discriminating	0.85
dispersal	0.85
displeasure	0.85
diss	0.85
doth	0.85
downgraded	0.85
dps	0.85
dsm	0.85
dumber	0.85
dunkirk	0.85
dwarves	0.85
effortless	0.85
ere	0.85
eyeshadow	0.85
faire	0.85
fave	0.85
fellowships	0.85
finisher	0.85
fluke	0.85
fondness	0.85
fsa	0.85
furnish	0.85
gauntlet	0.85
geologists	0.85
georg	0.85
gettysburg	0.85
ghanaian	0.85
ghostly	0.85
giuseppe	0.85
giveaways	0.85
gliding	0.85
googled	0.85
gopro	0.85
grady	0.85
grating	0.85
grilling	0.85
gripped	0.85
grouse	0.85
growl	0.85
habitual	0.85
hammock	0.85
hater	0.85
hazy	0.85
heisman	0.85
het	0.85
hewlett	0.85
himalayan	0.85
hollis	0.85
horticultural	0.85
hpv	0.85
hurling	0.85
hurried	0.85
hypocrites	0.85
ide	0.85
idealistic	0.85
impede	0.85
imperialist	0.85
induces	0.85
inflamed	0.85
inhumane	0.85
innocents	0.85
instantaneous	0.85
islamists	0.85
isps	0.85
italics	0.85
ivf	0.85
jed	0.85
jinx	0.85
jobless	0.85
jodie	0.85
joo	0.85
jurisprudence	0.85
justifiable	0.85
kei	0.85
kellogg	0.85
kepler	0.85
kim's	0.85
kyrgyzstan	0.85
lark	0.85
lecturers	0.85
lecturing	0.85
linkage	0.85
lobes	0.85
louvre	0.85
lovingly	0.85
lucille	0.85
lyft	0.85
manifests	0.85
mardi	0.85
marvel's	0.85
masonic	0.85
mathieu	0.85
medics	0.85
meng	0.85
ment	0.85
meps	0.85
merritt	0.85
messengers	0.85
mitigating	0.85
moderated	0.85
mohawk	0.85
monarchs	0.85
moore's	0.85
mortars	0.85
multiples	0.85
murals	0.85
nada	0.85
nafta	0.85
nell	0.85
newfound	0.85
newsweek	0.85
niles	0.85
nineties	0.85
nosed	0.85
nukes	0.85
observational	0.85
olaf	0.85
oldham	0.85
oleg	0.85
ombudsman	0.85
ordinances	0.85
overtaken	0.85
pancreas	0.85
pandas	0.85
parlour	0.85
pasha	0.85
peoria	0.85
periodical	0.85
phew	0.85
pickering	0.85
pickups	0.85
pinched	0.85
plating	0.85
pont	0.85
postings	0.85
postmaster	0.85
potts	0.85
powerfully	0.85
prentice	0.85
primate	0.85
proverb	0.85
puns	0.85
quarterbacks	0.85
quarterfinals	0.85
quests	0.85
raisins	0.85
ranting	0.85
ratification	0.85
recited	0.85
reclamation	0.85
reece	0.85
refineries	0.85
refute	0.85
resettlement	0.85
reverted	0.85
rewriting	0.85
ric	0.85
saratoga	0.85
sculpted	0.85
sects	0.85
sedentary	0.85
shaq	0.85
sheriffs	0.85
shivering	0.85
shocker	0.85
shoulda	0.85
showroom	0.85
sightseeing	0.85
situational	0.85
skaters	0.85
slicing	0.85
soggy	0.85
someplace	0.85
sorcerer	0.85
sorcery	0.85
spades	0.85
specialising	0.85
speciality	0.85
spleen	0.85
starlight	0.85
steadfast	0.85
stimulates	0.85
stomping	0.85
stoop	0.85
stroking	0.85
stuffs	0.85
stylistic	0.85
supergirl	0.85
superpowers	0.85
superstitious	0.85
syrians	0.85
tay	0.85
tentatively	0.85
thinning	0.85
thrice	0.85
thu	0.85
touchy	0.85
trampoline	0.85
tranquil	0.85
transformative	0.85
trespassing	0.85
undergraduates	0.85
underwriting	0.85
unplanned	0.85
unsuspecting	0.85
unwelcome	0.85
unwell	0.85
vacate	0.85
venting	0.85
ville	0.85
waldorf	0.85
warring	0.85
wetland	0.85
whit	0.85
whitehead	0.85
yemeni	0.85
yoko	0.85
youve	0.85
yung	0.85
abode	0.84
abomination	0.84
acer	0.84
acs	0.84
acutely	0.84
adherents	0.84
adhering	0.84
affiliations	0.84
alexei	0.84
allotment	0.84
amplifiers	0.84
angelic	0.84
antisocial	0.84
anxieties	0.84
approvals	0.84
aries	0.84
associating	0.84
astral	0.84
astray	0.84
audited	0.84
baffling	0.84
bal	0.84
banded	0.84
bao	0.84
bathed	0.84
betraying	0.84
bhai	0.84
bharat	0.84
blacklist	0.84
blockers	0.84
blunder	0.84
booing	0.84
bowlers	0.84
brownish	0.84
buddhists	0.84
bummed	0.84
burdened	0.84
cfo	0.84
chaser	0.84
checkpoints	0.84
chet	0.84
chipotle	0.84
choreographer	0.84
clams	0.84
clintons	0.84
coa	0.84
coates	0.84
colchester	0.84
commotion	0.84
communicates	0.84
completeness	0.84
concierge	0.84
congressmen	0.84
cummins	0.84
cynicism	0.84
darkened	0.84
dazed	0.84
debatable	0.84
denominator	0.84
devolved	0.84
dieting	0.84
diligently	0.84
dinah	0.84
diners	0.84
doppler	0.84
dowry	0.84
drinkers	0.84
duality	0.84
duplex	0.84
ect	0.84
egan	0.84
endearing	0.84
epilogue	0.84
etching	0.84
exemplified	0.84
ext	0.84
extermination	0.84
eyre	0.84
fancied	0.84
fatima	0.84
feldman	0.84
firefly	0.84
fleetwood	0.84
flotation	0.84
focussed	0.84
foraging	0.84
forbids	0.84
foreword	0.84
fox's	0.84
fsu	0.84
fy	0.84
gamblers	0.84
garages	0.84
goldie	0.84
golds	0.84
grandchild	0.84
grids	0.84
grossing	0.84
habitable	0.84
hails	0.84
hallways	0.84
harem	0.84
hawkeye	0.84
hegemony	0.84
hilda	0.84
himalayas	0.84
hippo	0.84
hof	0.84
hypnotic	0.84
imagines	0.84
inaction	0.84
inconclusive	0.84
incubator	0.84
inept	0.84
inexplicable	0.84
innovate	0.84
inseparable	0.84
institutionalized	0.84
instructing	0.84
intravenous	0.84
invests	0.84
juries	0.84
juror	0.84
kilo	0.84
kinship	0.84
kv	0.84
lactose	0.84
lat	0.84
lenient	0.84
liang	0.84
lids	0.84
likened	0.84
lockout	0.84
lube	0.84
luton	0.84
macon	0.84
mak	0.84
marcelo	0.84
martins	0.84
masking	0.84
mastercard	0.84
mathematicians	0.84
mathew	0.84
maximizing	0.84
mccabe	0.84
mediate	0.84
methodologies	0.84
mfa	0.84
micah	0.84
microorganisms	0.84
millimeter	0.84
minaj	0.84
minh	0.84
moans	0.84
modal	0.84
moderates	0.84
modernism	0.84
moira	0.84
monasteries	0.84
monique	0.84
napier	0.84
narrows	0.84
nawaz	0.84
nbc's	0.84
negotiator	0.84
niggas	0.84
nomadic	0.84
npc	0.84
observance	0.84
ont	0.84
overloaded	0.84
parentheses	0.84
penance	0.84
peroxide	0.84
peugeot	0.84
pigments	0.84
pinning	0.84
pisa	0.84
planks	0.84
pluck	0.84
porte	0.84
postdoctoral	0.84
potus	0.84
preposterous	0.84
pressuring	0.84
preventative	0.84
prometheus	0.84
prophecies	0.84
proverbial	0.84
puffy	0.84
puzzling	0.84
qpr	0.84
quail	0.84
quirk	0.84
rabid	0.84
rafa	0.84
rasmussen	0.84
redneck	0.84
reformer	0.84
reformers	0.84
registrations	0.84
rehearsing	0.84
reiterate	0.84
resolves	0.84
resonant	0.84
resultant	0.84
retinal	0.84
rgb	0.84
rhodesia	0.84
rothschild	0.84
rsa	0.84
rw	0.84
scammers	0.84
schema	0.84
schizophrenic	0.84
schwarzenegger	0.84
scorn	0.84
screwdriver	0.84
shay	0.84
shetland	0.84
shippers	0.84
sho	0.84
sighed	0.84
sizzling	0.84
skillful	0.84
skywalker	0.84
slowest	0.84
sonata	0.84
soulful	0.84
southend	0.84
stampede	0.84
standoff	0.84
stately	0.84
steered	0.84
straightened	0.84
sugary	0.84
suitably	0.84
supernova	0.84
surrendering	0.84
synonym	0.84
tanned	0.84
tantrum	0.84
tapering	0.84
tectonic	0.84
tele	0.84
templar	0.84
tmz	0.84
tna	0.84
toxicology	0.84
transfusion	0.84
treachery	0.84
tung	0.84
tweaking	0.84
unbreakable	0.84
undermines	0.84
unmatched	0.84
upheaval	0.84
uploads	0.84
urbana	0.84
vaccinations	0.84
valentino	0.84
valuations	0.84
veneer	0.84
verona	0.84
viewership	0.84
viscosity	0.84
vogel	0.84
vouch	0.84
wafer	0.84
wai	0.84
wcw	0.84
wiz	0.84
worsened	0.84
xo	0.84
zoos	0.84
adaptable	0.83
adhered	0.83
adjutant	0.83
advancements	0.83
aggravating	0.83
alia	0.83
alta	0.83
altercation	0.83
amplification	0.83
amuse	0.83
ancients	0.83
appleton	0.83
aps	0.83
aptly	0.83
archaeologist	0.83
armada	0.83
arousal	0.83
arsene	0.83
artistry	0.83
asheville	0.83
assuring	0.83
atrium	0.83
atv	0.83
atypical	0.83
authorizing	0.83
autographs	0.83
autos	0.83
backups	0.83
bah	0.83
bakersfield	0.83
bangladeshi	0.83
bannon	0.83
barrie	0.83
bartholomew	0.83
bavarian	0.83
beacons	0.83
bearers	0.83
becca	0.83
bernadette	0.83
bingham	0.83
bouncer	0.83
bracing	0.83
brand's	0.83
breezy	0.83
brunt	0.83
bucky	0.83
burgeoning	0.83
cadence	0.83
californian	0.83
cameron's	0.83
cancels	0.83
candice	0.83
capitalization	0.83
cashmere	0.83
chaps	0.83
cheeseburger	0.83
churning	0.83
cipher	0.83
clarinet	0.83
clashed	0.83
comforted	0.83
condensation	0.83
condos	0.83
confesses	0.83
confluence	0.83
consented	0.83
constipation	0.83
consultative	0.83
contesting	0.83
contraband	0.83
cookery	0.83
creme	0.83
criminally	0.83
crocodiles	0.83
crutches	0.83
custodian	0.83
cyst	0.83
dah	0.83
decisively	0.83
degeneration	0.83
delinquent	0.83
democratically	0.83
deodorant	0.83
detonated	0.83
disappointments	0.83
disapprove	0.83
dobson	0.83
dodged	0.83
dormitory	0.83
dredging	0.83
duran	0.83
editor's	0.83
emigrated	0.83
emperor's	0.83
enticing	0.83
eradication	0.83
erasmus	0.83
esl	0.83
ethnically	0.83
evangelicals	0.83
evoked	0.83
excesses	0.83
exhilarating	0.83
eyelashes	0.83
fainted	0.83
feline	0.83
femininity	0.83
ferns	0.83
fickle	0.83
figurative	0.83
flared	0.83
fool's	0.83
footwork	0.83
forage	0.83
fraught	0.83
freshness	0.83
fronted	0.83
galilee	0.83
gallup	0.83
gauges	0.83
glastonbury	0.83
gonzales	0.83
grandma's	0.83
grapple	0.83
grated	0.83
greets	0.83
groan	0.83
grub	0.83
gunna	0.83
gunned	0.83
handouts	0.83
hangout	0.83
hartman	0.83
havin	0.83
headers	0.83
henson	0.83
hickory	0.83
hives	0.83
hiya	0.83
hoist	0.83
hotel's	0.83
hubble	0.83
huff	0.83
hunk	0.83
idc	0.83
identifier	0.83
incite	0.83
increments	0.83
industrialized	0.83
inferred	0.83
informally	0.83
inhalation	0.83
inhibits	0.83
insides	0.83
interruptions	0.83
intoxication	0.83
isotopes	0.83
jagged	0.83
joachim	0.83
josiah	0.83
jv	0.83
kant	0.83
katharine	0.83
kavanaugh	0.83
labour's	0.83
laces	0.83
lamented	0.83
lasagna	0.83
leaflet	0.83
leds	0.83
lucian	0.83
marissa	0.83
markus	0.83
marlene	0.83
massa	0.83
massacred	0.83
massacres	0.83
maturing	0.83
mcintosh	0.83
mckinney	0.83
mediocrity	0.83
mediums	0.83
midwestern	0.83
minding	0.83
moat	0.83
molds	0.83
mori	0.83
morty	0.83
motorized	0.83
mouthpiece	0.83
muck	0.83
murky	0.83
nab	0.83
neonatal	0.83
neuronal	0.83
neutralize	0.83
nicholls	0.83
nickelodeon	0.83
omen	0.83
ora	0.83
orally	0.83
orchids	0.83
overgrown	0.83
overlooks	0.83
overpriced	0.83
overruled	0.83
painkillers	0.83
pallet	0.83
parramatta	0.83
partitions	0.83
patriarchy	0.83
patsy	0.83
paz	0.83
pdp	0.83
peaking	0.83
pedagogy	0.83
perm	0.83
philanthropist	0.83
piedmont	0.83
pinto	0.83
poc	0.83
pontiac	0.83
prc	0.83
predictor	0.83
premiers	0.83
priscilla	0.83
professed	0.83
qing	0.83
rants	0.83
rashid	0.83
readership	0.83
reaffirmed	0.83
reciting	0.83
reels	0.83
rei	0.83
relinquish	0.83
resists	0.83
resolute	0.83
restricts	0.83
retainer	0.83
rethinking	0.83
runways	0.83
salient	0.83
scents	0.83
schematic	0.83
scoreless	0.83
seawater	0.83
secs	0.83
secures	0.83
seedlings	0.83
sentient	0.83
separatist	0.83
sera	0.83
serb	0.83
serbs	0.83
shropshire	0.83
sikhs	0.83
skyscrapers	0.83
slurs	0.83
slutty	0.83
smurf	0.83
snippet	0.83
somethings	0.83
spielberg	0.83
spokeswoman	0.83
spotless	0.83
sprang	0.83
ssh	0.83
stabilizing	0.83
stinky	0.83
stitching	0.83
stockpile	0.83
stone's	0.83
strenuous	0.83
strikingly	0.83
strives	0.83
stumps	0.83
subordinates	0.83
summarizes	0.83
surcharge	0.83
tarot	0.83
tcp	0.83
theologians	0.83
throbbing	0.83
tilting	0.83
trailed	0.83
treasured	0.83
tungsten	0.83
tw	0.83
twigs	0.83
txt	0.83
ucl	0.83
uhm	0.83
umpires	0.83
unharmed	0.83
unilaterally	0.83
unintentional	0.83
unspeakable	0.83
untimely	0.83
ust	0.83
uva	0.83
vfl	0.83
vida	0.83
vodafone	0.83
vous	0.83
warrington	0.83
wedges	0.83
wendy's	0.83
whomever	0.83
winner's	0.83
wondrous	0.83
woodrow	0.83
woof	0.83
workable	0.83
wrinkle	0.83
yak	0.83
zhu	0.83
ó	0.83
ω	0.83
в	0.83
abdel	0.82
abstracts	0.82
abundantly	0.82
acknowledgment	0.82
adoration	0.82
affectionately	0.82
affliction	0.82
aguero	0.82
alluded	0.82
alters	0.82
amounting	0.82
ams	0.82
ariz	0.82
armageddon	0.82
arya	0.82
ashe	0.82
attaches	0.82
awww	0.82
backfire	0.82
bathurst	0.82
belinda	0.82
bethel	0.82
board's	0.82
bonn	0.82
bookshop	0.82
bora	0.82
botox	0.82
bowers	0.82
bree	0.82
bridesmaids	0.82
brooding	0.82
burberry	0.82
canes	0.82
caregiver	0.82
carter's	0.82
celebs	0.82
championed	0.82
chernobyl	0.82
chesterfield	0.82
clapped	0.82
clerics	0.82
cochrane	0.82
cockroaches	0.82
coerced	0.82
collectibles	0.82
conspirators	0.82
conspired	0.82
conspiring	0.82
contours	0.82
contraceptive	0.82
conversational	0.82
corrosive	0.82
counterpoint	0.82
courting	0.82
cowardice	0.82
crusher	0.82
cuddling	0.82
cyclops	0.82
dahl	0.82
daw	0.82
defied	0.82
depictions	0.82
derailed	0.82
dill	0.82
dimitri	0.82
dio	0.82
discontinue	0.82
diseased	0.82
disgruntled	0.82
dispense	0.82
disqualification	0.82
dizziness	0.82
ducts	0.82
dusted	0.82
dv	0.82
econ	0.82
emi	0.82
enacting	0.82
enigmatic	0.82
ennis	0.82
envisaged	0.82
epl	0.82
esquire	0.82
ethically	0.82
exhale	0.82
fanning	0.82
farley	0.82
fergus	0.82
firemen	0.82
fission	0.82
fives	0.82
fleas	0.82
flurry	0.82
folio	0.82
fosters	0.82
franc	0.82
frugal	0.82
fugitives	0.82
gainesville	0.82
galore	0.82
genomic	0.82
gestapo	0.82
gk	0.82
glimmer	0.82
goon	0.82
gq	0.82
graces	0.82
grandkids	0.82
groovy	0.82
gully	0.82
gundam	0.82
gurney	0.82
handball	0.82
harmonies	0.82
hectare	0.82
hereford	0.82
hickey	0.82
hijack	0.82
hikers	0.82
hologram	0.82
homicides	0.82
horatio	0.82
humankind	0.82
hydroelectric	0.82
i's	0.82
immunology	0.82
indulging	0.82
ingested	0.82
inhibited	0.82
intensifies	0.82
interacted	0.82
intruders	0.82
ipads	0.82
isbn	0.82
ita	0.82
iterations	0.82
izzy	0.82
judgements	0.82
karan	0.82
kayla	0.82
kiln	0.82
kp	0.82
landowner	0.82
latvian	0.82
leveraged	0.82
levers	0.82
lilac	0.82
limelight	0.82
lister	0.82
loathe	0.82
lobbied	0.82
logistic	0.82
lok	0.82
loopholes	0.82
macaroni	0.82
maclean	0.82
manager's	0.82
manganese	0.82
mantis	0.82
marr	0.82
mattresses	0.82
mayan	0.82
merrick	0.82
midsummer	0.82
mig	0.82
mike's	0.82
milligrams	0.82
mimics	0.82
minsk	0.82
misunderstandings	0.82
momentous	0.82
mora	0.82
mou	0.82
mules	0.82
nanoparticles	0.82
nasser	0.82
nightclubs	0.82
nightfall	0.82
nikolai	0.82
notary	0.82
observable	0.82
occupant	0.82
omissions	0.82
organiser	0.82
ott	0.82
outfield	0.82
oy	0.82
paddington	0.82
paddock	0.82
padre	0.82
pang	0.82
pardoned	0.82
parliaments	0.82
participatory	0.82
partisans	0.82
pavel	0.82
perils	0.82
permissions	0.82
pfizer	0.82
pia	0.82
plugging	0.82
pneumatic	0.82
pointy	0.82
polyester	0.82
polynomial	0.82
porridge	0.82
protester	0.82
pug	0.82
pyongyang	0.82
quill	0.82
reassured	0.82
refurbishment	0.82
renown	0.82
rescheduled	0.82
revel	0.82
reworked	0.82
rocco	0.82
rochelle	0.82
rollin	0.82
roundtable	0.82
rower	0.82
rut	0.82
salaam	0.82
sanjay	0.82
scapegoat	0.82
schooled	0.82
screeching	0.82
secretion	0.82
shambles	0.82
shipwreck	0.82
shirtless	0.82
shrewd	0.82
shudder	0.82
shunned	0.82
sia	0.82
sicilian	0.82
slalom	0.82
smuggle	0.82
snowflakes	0.82
solder	0.82
sous	0.82
spanned	0.82
sparring	0.82
spectacles	0.82
spire	0.82
spout	0.82
sprout	0.82
station's	0.82
stench	0.82
stings	0.82
stochastic	0.82
stratton	0.82
subsistence	0.82
subterranean	0.82
sully	0.82
superhuman	0.82
synchronization	0.82
tajikistan	0.82
tellin	0.82
tenacity	0.82
thursday's	0.82
thurston	0.82
tolerable	0.82
topper	0.82
tre	0.82
trespass	0.82
tuxedo	0.82
umbrellas	0.82
understated	0.82
undeveloped	0.82
univ	0.82
unknowingly	0.82
unplugged	0.82
untouchable	0.82
unwarranted	0.82
unwillingness	0.82
vases	0.82
vetting	0.82
vg	0.82
vibrator	0.82
wailing	0.82
walker's	0.82
warhol	0.82
warwickshire	0.82
whisk	0.82
wishful	0.82
wrestled	0.82
wynn	0.82
yoda	0.82
yoruba	0.82
abolishing	0.81
accountancy	0.81
acoustics	0.81
actuality	0.81
addictions	0.81
aden	0.81
aeronautics	0.81
alam	0.81
alf	0.81
alibi	0.81
anand	0.81
anfield	0.81
anointed	0.81
apis	0.81
argentinian	0.81
arias	0.81
arkham	0.81
arturo	0.81
astoria	0.81
astute	0.81
attainable	0.81
audiobook	0.81
aztec	0.81
babcock	0.81
bac	0.81
baja	0.81
ballerina	0.81
bashed	0.81
batters	0.81
bce	0.81
bei	0.81
bennet	0.81
bewildered	0.81
bien	0.81
binoculars	0.81
blackstone	0.81
bonkers	0.81
bpd	0.81
brazen	0.81
burlesque	0.81
burrow	0.81
calculates	0.81
calder	0.81
callers	0.81
calvert	0.81
campfire	0.81
cashed	0.81
caster	0.81
catalysts	0.81
catered	0.81
causation	0.81
centerpiece	0.81
chameleon	0.81
checkers	0.81
cheques	0.81
clancy	0.81
clasp	0.81
clit	0.81
clooney	0.81
cnn's	0.81
compulsion	0.81
concealing	0.81
condescending	0.81
condominium	0.81
confucius	0.81
conical	0.81
conjure	0.81
constitutionally	0.81
convincingly	0.81
copious	0.81
cordial	0.81
coy	0.81
craftsmanship	0.81
craziness	0.81
creatively	0.81
creditor	0.81
crores	0.81
crypt	0.81
custodial	0.81
deactivated	0.81
dean's	0.81
decatur	0.81
decreed	0.81
deems	0.81
delegated	0.81
derelict	0.81
detects	0.81
dignitaries	0.81
dismisses	0.81
dispel	0.81
dissident	0.81
ditches	0.81
django	0.81
donetsk	0.81
dork	0.81
dory	0.81
doves	0.81
dragon's	0.81
dropbox	0.81
droplets	0.81
dusting	0.81
edict	0.81
edmond	0.81
egos	0.81
egregious	0.81
egypt's	0.81
elasticity	0.81
elicit	0.81
eo	0.81
epoxy	0.81
estonian	0.81
etienne	0.81
eton	0.81
evangelist	0.81
explorations	0.81
extraterrestrial	0.81
exxon	0.81
eyeball	0.81
faso	0.81
fiend	0.81
fledgling	0.81
flicker	0.81
flimsy	0.81
fob	0.81
footer	0.81
forza	0.81
gambit	0.81
giroud	0.81
giuliani	0.81
gleaming	0.81
glock	0.81
grille	0.81
gullible	0.81
gust	0.81
gypsies	0.81
hae	0.81
happenings	0.81
haw	0.81
hawke	0.81
hearth	0.81
heathen	0.81
hemorrhage	0.81
hereafter	0.81
hijacking	0.81
hill's	0.81
hinting	0.81
hoarding	0.81
homers	0.81
hoods	0.81
horoscope	0.81
hou	0.81
humanoid	0.81
hurst	0.81
hyung	0.81
idealism	0.81
illegals	0.81
impeach	0.81
improvisation	0.81
influencers	0.81
intergovernmental	0.81
interspersed	0.81
invoking	0.81
irc	0.81
irina	0.81
ironing	0.81
isi	0.81
itt	0.81
jacobson	0.81
jagger	0.81
jaipur	0.81
jazeera	0.81
jeffery	0.81
jeopardize	0.81
jerky	0.81
jig	0.81
jodi	0.81
judge's	0.81
juliette	0.81
junctions	0.81
jw	0.81
kathmandu	0.81
kearney	0.81
khz	0.81
kieran	0.81
lakeside	0.81
landon	0.81
landry	0.81
lawfully	0.81
lexicon	0.81
licks	0.81
lifetimes	0.81
littered	0.81
livery	0.81
livingstone	0.81
loader	0.81
lobbyist	0.81
loosing	0.81
lucknow	0.81
lurk	0.81
macintosh	0.81
magicians	0.81
marguerite	0.81
marius	0.81
maximise	0.81
mcintyre	0.81
mcpherson	0.81
mech	0.81
medallion	0.81
medusa	0.81
merseyside	0.81
metaphorical	0.81
mindy	0.81
mismatch	0.81
mlm	0.81
monastic	0.81
money's	0.81
monopolies	0.81
mooney	0.81
mormons	0.81
mot	0.81
movie's	0.81
mow	0.81
mower	0.81
mozzarella	0.81
multilateral	0.81
munster	0.81
mutated	0.81
naacp	0.81
namesake	0.81
nazareth	0.81
nazism	0.81
nellie	0.81
nia	0.81
nominally	0.81
nord	0.81
normative	0.81
nostrils	0.81
num	0.81
nurtured	0.81
objectivity	0.81
oblige	0.81
ogre	0.81
oiled	0.81
okc	0.81
overheating	0.81
overreacting	0.81
overthrown	0.81
palermo	0.81
palliative	0.81
pao	0.81
parable	0.81
pastime	0.81
patchwork	0.81
patrice	0.81
paulie	0.81
payton	0.81
pedophilia	0.81
peed	0.81
peeps	0.81
pell	0.81
pellet	0.81
pendleton	0.81
peshawar	0.81
pesky	0.81
phobia	0.81
pinball	0.81
planter	0.81
plat	0.81
plenary	0.81
plunder	0.81
poseidon	0.81
postman	0.81
ppg	0.81
prays	0.81
privatisation	0.81
pseudonym	0.81
pullman	0.81
purgatory	0.81
raps	0.81
rationality	0.81
rearing	0.81
rebuke	0.81
rebuttal	0.81
refrigerated	0.81
reliever	0.81
repo	0.81
restarted	0.81
retaliate	0.81
richard's	0.81
riffs	0.81
riyadh	0.81
rockers	0.81
roo	0.81
rook	0.81
rouse	0.81
sabha	0.81
sampler	0.81
sarajevo	0.81
scaffolding	0.81
scant	0.81
schoolgirl	0.81
seamlessly	0.81
seater	0.81
sedimentary	0.81
semblance	0.81
sensei	0.81
sensibilities	0.81
sheik	0.81
shockingly	0.81
shrewsbury	0.81
sidelined	0.81
signaled	0.81
sine	0.81
skunk	0.81
sloth	0.81
slowdown	0.81
smugglers	0.81
snapshots	0.81
snitch	0.81
snowing	0.81
snug	0.81
solstice	0.81
songwriters	0.81
soups	0.81
sparsely	0.81
spindle	0.81
spoilt	0.81
spoof	0.81
sporty	0.81
spp	0.81
staffer	0.81
sterilization	0.81
stockholders	0.81
stuttering	0.81
subdivided	0.81
subtract	0.81
supermodel	0.81
susceptibility	0.81
sweats	0.81
sweden's	0.81
syd	0.81
syphilis	0.81
tabletop	0.81
tactile	0.81
tangle	0.81
ther	0.81
thermodynamics	0.81
thermostat	0.81
thrives	0.81
tiki	0.81
tingling	0.81
todays	0.81
tonga	0.81
topeka	0.81
tort	0.81
touchscreen	0.81
tra	0.81
trackers	0.81
transcend	0.81
trope	0.81
tufts	0.81
tumours	0.81
undercut	0.81
underlined	0.81
unfriendly	0.81
universes	0.81
unlicensed	0.81
unproductive	0.81
valuables	0.81
vial	0.81
vick	0.81
vickers	0.81
violinist	0.81
vultures	0.81
warlord	0.81
whence	0.81
whimsical	0.81
wrenching	0.81
yusuf	0.81
zionism	0.81
accordion	0.80
addis	0.80
aeronautical	0.80
ahl	0.80
alimony	0.80
allegheny	0.80
allen's	0.80
aloha	0.80
alves	0.80
amtrak	0.80
angelica	0.80
anthropological	0.80
anxiously	0.80
apprehension	0.80
arden	0.80
ares	0.80
articulation	0.80
asiatic	0.80
assailant	0.80
atc	0.80
atletico	0.80
atonement	0.80
auf	0.80
auspicious	0.80
avenger	0.80
bafta	0.80
barricade	0.80
baseless	0.80
beater	0.80
benefactor	0.80
benji	0.80
bhutan	0.80
biographer	0.80
blackness	0.80
bollocks	0.80
booed	0.80
borneo	0.80
boyhood	0.80
bridgeport	0.80
briefcase	0.80
bronson	0.80
brutus	0.80
bugged	0.80
bunkers	0.80
butte	0.80
camaro	0.80
cambridgeshire	0.80
campsite	0.80
cancellations	0.80
canister	0.80
canons	0.80
cate	0.80
caters	0.80
charlie's	0.80
chronically	0.80
chuckles	0.80
cloths	0.80
clustered	0.80
cmc	0.80
coherence	0.80
committee's	0.80
complainant	0.80
complemented	0.80
compounding	0.80
conforming	0.80
connotations	0.80
consonant	0.80
correlations	0.80
cpl	0.80
crazier	0.80
cricketers	0.80
crisps	0.80
criticising	0.80
crockett	0.80
crowning	0.80
crucifixion	0.80
csgo	0.80
cursor	0.80
cx	0.80
daniel's	0.80
deduct	0.80
delegations	0.80
diaphragm	0.80
dichotomy	0.80
diminutive	0.80
dina	0.80
dispensary	0.80
dispensing	0.80
disregarded	0.80
dissidents	0.80
doubtless	0.80
dreamers	0.80
dunlop	0.80
dwindling	0.80
elisa	0.80
elsie	0.80
embellished	0.80
emp	0.80
emphatic	0.80
enfield	0.80
enlightening	0.80
enoch	0.80
enrolment	0.80
etf	0.80
exclamation	0.80
executioner	0.80
exempted	0.80
exerted	0.80
exiles	0.80
expressway	0.80
fairer	0.80
fairest	0.80
filament	0.80
fk	0.80
flemish	0.80
foyer	0.80
fra	0.80
frank's	0.80
fresco	0.80
frigate	0.80
fuselage	0.80
gait	0.80
genitalia	0.80
ger	0.80
gillette	0.80
gilt	0.80
glider	0.80
goers	0.80
granville	0.80
gravely	0.80
grime	0.80
guerrillas	0.80
hanley	0.80
harman	0.80
heron	0.80
heyday	0.80
highlanders	0.80
hillary's	0.80
hospitalization	0.80
illogical	0.80
illuminati	0.80
ima	0.80
imma	0.80
impart	0.80
incapacitated	0.80
incoherent	0.80
indulgent	0.80
inert	0.80
inflicting	0.80
initiates	0.80
interlude	0.80
internationals	0.80
interpreters	0.80
interrupts	0.80
invoices	0.80
irradiation	0.80
irritable	0.80
jace	0.80
jain	0.80
jammu	0.80
jl	0.80
jm	0.80
johanna	0.80
johnnie	0.80
joss	0.80
kendra	0.80
kermit	0.80
kwh	0.80
laminated	0.80
leaderboard	0.80
leung	0.80
leviathan	0.80
ligaments	0.80
lis	0.80
lj	0.80
lonesome	0.80
lps	0.80
lug	0.80
lukewarm	0.80
lumbar	0.80
lumen	0.80
luv	0.80
luxuries	0.80
lyman	0.80
lyn	0.80
maison	0.80
maneuvering	0.80
marathons	0.80
mariano	0.80
markup	0.80
marred	0.80
melrose	0.80
midwives	0.80
miniseries	0.80
mismanagement	0.80
mitochondria	0.80
mixtures	0.80
moffat	0.80
mongolian	0.80
monmouth	0.80
motley	0.80
mouthed	0.80
mowing	0.80
msp	0.80
multiculturalism	0.80
music's	0.80
mussels	0.80
nbsp	0.80
netball	0.80
nieces	0.80
nit	0.80
nottinghamshire	0.80
nuance	0.80
obstruct	0.80
oftentimes	0.80
orthopedic	0.80
osborn	0.80
osha	0.80
outages	0.80
outcast	0.80
outings	0.80
overcrowded	0.80
overriding	0.80
ozil	0.80
pai	0.80
pane	0.80
penultimate	0.80
peppermint	0.80
percentile	0.80
persuading	0.80
pharrell	0.80
piety	0.80
pinot	0.80
placenta	0.80
planters	0.80
playgrounds	0.80
playin	0.80
pleasurable	0.80
plough	0.80
pogba	0.80
potentials	0.80
ppv	0.80
prefect	0.80
prevails	0.80
pri	0.80
propagate	0.80
qr	0.80
quot	0.80
redefine	0.80
reeling	0.80
reinstate	0.80
remington	0.80
remit	0.80
remixes	0.80
respondent	0.80
resumption	0.80
retailing	0.80
retrograde	0.80
reunification	0.80
reused	0.80
revere	0.80
riggs	0.80
robo	0.80
romantically	0.80
rosario	0.80
rout	0.80
saab	0.80
salmonella	0.80
sargent	0.80
savoy	0.80
scarecrow	0.80
sceptical	0.80
scrubbing	0.80
seq	0.80
servings	0.80
shiv	0.80
shrinks	0.80
siam	0.80
simons	0.80
smeared	0.80
softening	0.80
soldier's	0.80
soybean	0.80
splashing	0.80
standardization	0.80
star's	0.80
stardom	0.80
steamy	0.80
stomachs	0.80
stopper	0.80
strolling	0.80
subtlety	0.80
swells	0.80
swindon	0.80
symptomatic	0.80
tenets	0.80
tennant	0.80
tfw	0.80
thunderbolt	0.80
tiered	0.80
toggle	0.80
tonal	0.80
torrance	0.80
totem	0.80
tourney	0.80
tran	0.80
transitioned	0.80
transmitters	0.80
tripled	0.80
uconn	0.80
ulcers	0.80
ultrasonic	0.80
unicorns	0.80
unlawfully	0.80
unveils	0.80
unwind	0.80
unwise	0.80
valentina	0.80
valentines	0.80
vaping	0.80
verifying	0.80
vo	0.80
watchful	0.80
waterford	0.80
wayward	0.80
willoughby	0.80
worker's	0.80
workmanship	0.80
wrecks	0.80
wren	0.80
wronged	0.80
yoke	0.80
za	0.80
zuma	0.80
μm	0.80
acorn	0.79
aga	0.79
ahmedabad	0.79
aiken	0.79
ailing	0.79
airflow	0.79
alamo	0.79
aloft	0.79
amalgamation	0.79
amazes	0.79
amman	0.79
anderson's	0.79
aneurysm	0.79
antelope	0.79
antigua	0.79
arcadia	0.79
archdiocese	0.79
ast	0.79
automate	0.79
barre	0.79
basilica	0.79
bassett	0.79
ben's	0.79
bertie	0.79
beset	0.79
bitchy	0.79
blaster	0.79
bleep	0.79
blueberries	0.79
blushing	0.79
bowels	0.79
boyce	0.79
braided	0.79
brazilians	0.79
bridesmaid	0.79
brie	0.79
brochures	0.79
burroughs	0.79
capping	0.79
cartier	0.79
cashing	0.79
catalogs	0.79
cautioned	0.79
cavern	0.79
cedric	0.79
certify	0.79
champaign	0.79
channeling	0.79
checker	0.79
chivalry	0.79
chopra	0.79
civilised	0.79
clearwater	0.79
cocoon	0.79
comms	0.79
confessing	0.79
conspiracies	0.79
constants	0.79
cooperated	0.79
cornerback	0.79
credence	0.79
creeks	0.79
crossfire	0.79
currie	0.79
customer's	0.79
dada	0.79
dax	0.79
debtor	0.79
denouncing	0.79
densities	0.79
derail	0.79
desi	0.79
disallowed	0.79
dispatcher	0.79
dispatches	0.79
dissolving	0.79
distort	0.79
diverting	0.79
dms	0.79
dobbs	0.79
draught	0.79
dreary	0.79
dropout	0.79
duped	0.79
duplicated	0.79
earle	0.79
earring	0.79
elsevier	0.79
emptying	0.79
enclosures	0.79
endangering	0.79
environmentalists	0.79
erroneously	0.79
erwin	0.79
evaporation	0.79
evokes	0.79
fairbanks	0.79
fared	0.79
felicia	0.79
fingered	0.79
fished	0.79
flicks	0.79
foregoing	0.79
frighten	0.79
gable	0.79
gags	0.79
gallows	0.79
gandalf	0.79
gendered	0.79
georgina	0.79
goddesses	0.79
gorbachev	0.79
guernsey	0.79
guilds	0.79
gunning	0.79
hahah	0.79
haiku	0.79
hairstyles	0.79
harrow	0.79
hatchet	0.79
henceforth	0.79
hesitated	0.79
heterogeneous	0.79
hilltop	0.79
hines	0.79
hobo	0.79
housework	0.79
howdy	0.79
hoy	0.79
hsbc	0.79
huddle	0.79
humiliate	0.79
hurled	0.79
icloud	0.79
imax	0.79
importer	0.79
indignation	0.79
indus	0.79
ingrained	0.79
inhaled	0.79
injustices	0.79
inked	0.79
inspirations	0.79
irritate	0.79
jayne	0.79
jive	0.79
kaye	0.79
keenly	0.79
kiki	0.79
kilda	0.79
kimberley	0.79
kyiv	0.79
kyung	0.79
lakhs	0.79
lal	0.79
lass	0.79
leila	0.79
lesion	0.79
lieutenants	0.79
lockwood	0.79
lull	0.79
lullaby	0.79
macedonian	0.79
machining	0.79
mackerel	0.79
marge	0.79
marquette	0.79
martina	0.79
massages	0.79
mathias	0.79
mayfield	0.79
medallist	0.79
member's	0.79
memorized	0.79
mep	0.79
metabolites	0.79
metaphysics	0.79
meticulously	0.79
migraines	0.79
mite	0.79
momentary	0.79
montague	0.79
moratorium	0.79
morgan's	0.79
morgue	0.79
movin	0.79
mullen	0.79
mulligan	0.79
multiplying	0.79
munch	0.79
muppet	0.79
naps	0.79
nascent	0.79
netted	0.79
neurotic	0.79
newborns	0.79
noone	0.79
novella	0.79
obstructing	0.79
octane	0.79
octave	0.79
oda	0.79
oldies	0.79
omni	0.79
ong	0.79
organizes	0.79
pakistanis	0.79
penalized	0.79
piercings	0.79
pitbull	0.79
plugins	0.79
polaris	0.79
pondering	0.79
popes	0.79
postmodern	0.79
precincts	0.79
prerogative	0.79
procured	0.79
proxies	0.79
prudence	0.79
prudential	0.79
pry	0.79
psychoanalysis	0.79
puffs	0.79
purged	0.79
purposefully	0.79
pursues	0.79
radiotherapy	0.79
rationally	0.79
recoveries	0.79
reddy	0.79
remarried	0.79
rembrandt	0.79
remedial	0.79
repealing	0.79
repressive	0.79
resonates	0.79
resourceful	0.79
rms	0.79
rosenthal	0.79
rotates	0.79
runtime	0.79
rus	0.79
sacrificial	0.79
schulz	0.79
scorching	0.79
scottsdale	0.79
scribe	0.79
sentry	0.79
seung	0.79
sexton	0.79
sheeran	0.79
shelled	0.79
shhh	0.79
shingles	0.79
siegel	0.79
silencing	0.79
silverware	0.79
singapore's	0.79
skillet	0.79
slimy	0.79
slipper	0.79
sloping	0.79
snout	0.79
soliciting	0.79
southwark	0.79
spank	0.79
sparking	0.79
specter	0.79
spied	0.79
spinners	0.79
spits	0.79
statehood	0.79
steeped	0.79
sti	0.79
storyteller	0.79
strewn	0.79
stroller	0.79
stub	0.79
subgroup	0.79
supra	0.79
suspiciously	0.79
sutter	0.79
swaying	0.79
tact	0.79
taxonomy	0.79
tcu	0.79
televisions	0.79
tinged	0.79
tirelessly	0.79
tiresome	0.79
toms	0.79
toolkit	0.79
tribunals	0.79
tundra	0.79
tunic	0.79
tweaked	0.79
ukrainians	0.79
uncompromising	0.79
undoing	0.79
unmistakable	0.79
unruly	0.79
valuing	0.79
vaulted	0.79
veal	0.79
vegans	0.79
venomous	0.79
viceroy	0.79
videotape	0.79
walgreens	0.79
waxed	0.79
wearer	0.79
webs	0.79
whiting	0.79
willful	0.79
woodley	0.79
worcestershire	0.79
zeta	0.79
abnormally	0.77
abstain	0.77
adriana	0.77
affections	0.77
aggregates	0.77
ahn	0.77
airliner	0.77
alchemist	0.77
alexandre	0.77
alfa	0.77
allegory	0.77
alp	0.77
ambulances	0.77
antagonists	0.77
aortic	0.77
ard	0.77
ashland	0.77
assimilated	0.77
averted	0.77
b's	0.77
backpacks	0.77
banish	0.77
bateman	0.77
battleground	0.77
beets	0.77
bellows	0.77
blisters	0.77
blob	0.77
bluntly	0.77
bohemia	0.77
bonaparte	0.77
boosters	0.77
bootleg	0.77
bos	0.77
boyz	0.77
brine	0.77
busty	0.77
butchers	0.77
callous	0.77
canadiens	0.77
cantonese	0.77
capcom	0.77
cardiology	0.77
carlin	0.77
cartoonist	0.77
casablanca	0.77
casserole	0.77
catalina	0.77
cellulose	0.77
cfr	0.77
charred	0.77
choreographed	0.77
churn	0.77
circuitry	0.77
clearances	0.77
cloned	0.77
cloves	0.77
college's	0.77
commendable	0.77
competitively	0.77
compress	0.77
comptroller	0.77
conventionally	0.77
coon	0.77
correlates	0.77
creole	0.77
crusades	0.77
cubicle	0.77
curtailed	0.77
cystic	0.77
dainty	0.77
damnit	0.77
darlington	0.77
davison	0.77
decimated	0.77
decrees	0.77
deflected	0.77
deliverance	0.77
destitute	0.77
devi	0.77
dexterity	0.77
dietrich	0.77
dilution	0.77
dissipated	0.77
dolce	0.77
drugstore	0.77
dvr	0.77
eczema	0.77
ejection	0.77
electrolyte	0.77
elitist	0.77
emailing	0.77
emphasise	0.77
emphatically	0.77
engulfed	0.77
equine	0.77
exclusivity	0.77
exes	0.77
failings	0.77
fannie	0.77
faucet	0.77
faust	0.77
fbi's	0.77
fdr	0.77
feeders	0.77
feisty	0.77
fink	0.77
flexing	0.77
foothold	0.77
forbidding	0.77
forfeited	0.77
formulations	0.77
fortifications	0.77
fouled	0.77
fourier	0.77
fraternal	0.77
frau	0.77
functioned	0.77
fuses	0.77
gaines	0.77
gamergate	0.77
gan	0.77
generalizations	0.77
ghastly	0.77
gia	0.77
gonzalo	0.77
gorillas	0.77
goto	0.77
gratifying	0.77
gretchen	0.77
grey's	0.77
gymnast	0.77
haircuts	0.77
hairline	0.77
handcuffed	0.77
handset	0.77
harrowing	0.77
headlining	0.77
heiress	0.77
hells	0.77
herzegovina	0.77
hhs	0.77
higgs	0.77
hinged	0.77
hola	0.77
holster	0.77
horseman	0.77
humanist	0.77
hunch	0.77
huntsville	0.77
impenetrable	0.77
inconceivable	0.77
industrialization	0.77
inf	0.77
infographic	0.77
infringing	0.77
innovators	0.77
islington	0.77
issuer	0.77
jane's	0.77
keenan	0.77
keg	0.77
kennedy's	0.77
kissinger	0.77
kms	0.77
koi	0.77
kwon	0.77
lancet	0.77
landfall	0.77
lawmaker	0.77
layoffs	0.77
leningrad	0.77
lerner	0.77
lifeguard	0.77
limerick	0.77
lockers	0.77
lolita	0.77
loner	0.77
longed	0.77
loyola	0.77
lukaku	0.77
mariana	0.77
mau	0.77
may's	0.77
mca	0.77
mcmaster	0.77
mimicking	0.77
minimally	0.77
mistook	0.77
mogul	0.77
moles	0.77
monet	0.77
moon's	0.77
mornin	0.77
morning's	0.77
morph	0.77
mort	0.77
motorist	0.77
muriel	0.77
murphy's	0.77
musa	0.77
mysticism	0.77
nagar	0.77
nauseous	0.77
naïve	0.77
nicks	0.77
nimble	0.77
nomad	0.77
nouveau	0.77
nrc	0.77
o'leary	0.77
o'neal	0.77
o'sullivan	0.77
objectionable	0.77
obliterated	0.77
obtainable	0.77
omit	0.77
oncoming	0.77
opportunistic	0.77
orson	0.77
otters	0.77
outlandish	0.77
outlying	0.77
oxidative	0.77
pacifist	0.77
pacquiao	0.77
paraphrase	0.77
pathfinder	0.77
pedagogical	0.77
pediatrician	0.77
pegged	0.77
pelican	0.77
pembroke	0.77
penchant	0.77
persians	0.77
planar	0.77
polluting	0.77
polygamy	0.77
ponytail	0.77
pope's	0.77
poplar	0.77
primordial	0.77
projectiles	0.77
propositions	0.77
pubic	0.77
publicist	0.77
purposeful	0.77
purses	0.77
quorum	0.77
rabbis	0.77
raman	0.77
ranchers	0.77
rarest	0.77
rascal	0.77
reared	0.77
refuted	0.77
resented	0.77
revue	0.77
reza	0.77
rigor	0.77
rioters	0.77
rizzo	0.77
roanoke	0.77
robins	0.77
rochdale	0.77
romano	0.77
roosters	0.77
roper	0.77
rosters	0.77
sacking	0.77
scarring	0.77
sch	0.77
scheming	0.77
scorched	0.77
scotsman	0.77
scotus	0.77
scripting	0.77
seatbelt	0.77
shank	0.77
sharpened	0.77
shortlist	0.77
sidebar	0.77
silverman	0.77
skeptics	0.77
slashing	0.77
sledge	0.77
slotted	0.77
smes	0.77
sociopath	0.77
sonya	0.77
southward	0.77
sparkly	0.77
specialises	0.77
speculating	0.77
spock	0.77
sponges	0.77
squeaky	0.77
stargate	0.77
steamship	0.77
stinging	0.77
subbed	0.77
summoning	0.77
swann	0.77
tatiana	0.77
tbsp	0.77
telecast	0.77
tenancy	0.77
terre	0.77
testimonial	0.77
thence	0.77
thyme	0.77
tiniest	0.77
toner	0.77
totalling	0.77
trafficked	0.77
trampled	0.77
transponder	0.77
trashy	0.77
travers	0.77
trimester	0.77
tron	0.77
tubs	0.77
tully	0.77
tum	0.77
umar	0.77
uncle's	0.77
unfaithful	0.77
unholy	0.77
unify	0.77
unregulated	0.77
unscrupulous	0.77
unwittingly	0.77
upland	0.77
upped	0.77
ushered	0.77
vauxhall	0.77
vb	0.77
verbatim	0.77
villiers	0.77
virgo	0.77
vito	0.77
voiceover	0.77
willfully	0.77
winter's	0.77
worshipping	0.77
yawn	0.77
yiddish	0.77
и	0.77
adrift	0.77
aegis	0.77
aiden	0.77
ais	0.77
alastair	0.77
alleys	0.77
almanac	0.77
aloe	0.77
amphibious	0.77
analyzer	0.77
ancillary	0.77
andrew's	0.77
anesthetic	0.77
anglia	0.77
antioch	0.77
antiquated	0.77
apologised	0.77
aquarius	0.77
armani	0.77
ascot	0.77
aussies	0.77
averse	0.77
bandages	0.77
barges	0.77
bds	0.77
beaded	0.77
beagle	0.77
beaufort	0.77
beavers	0.77
bess	0.77
biceps	0.77
blanco	0.77
blindfolded	0.77
blokes	0.77
boomerang	0.77
borussia	0.77
breton	0.77
brill	0.77
brim	0.77
broadening	0.77
caged	0.77
caine	0.77
calligraphy	0.77
capri	0.77
carpenters	0.77
carthage	0.77
castes	0.77
cauldron	0.77
celebratory	0.77
cfs	0.77
chalet	0.77
chao	0.77
childless	0.77
chimes	0.77
cleanser	0.77
clemens	0.77
clipper	0.77
closets	0.77
clouded	0.77
cma	0.77
coalitions	0.77
colossus	0.77
conductive	0.77
coney	0.77
congregational	0.77
cooperatives	0.77
copa	0.77
corals	0.77
corral	0.77
cortical	0.77
countering	0.77
crc	0.77
cremation	0.77
crt	0.77
cubans	0.77
curricular	0.77
curving	0.77
deans	0.77
decked	0.77
deepened	0.77
deliberation	0.77
dermatologist	0.77
detonation	0.77
deus	0.77
deviate	0.77
devolution	0.77
dey	0.77
dialing	0.77
diode	0.77
discharges	0.77
disruptions	0.77
distancing	0.77
ditching	0.77
dix	0.77
donkeys	0.77
dorchester	0.77
dorsey	0.77
downer	0.77
dreyfus	0.77
dribble	0.77
duke's	0.77
dutchman	0.77
duval	0.77
dwyer	0.77
earbuds	0.77
egalitarian	0.77
endocrine	0.77
energized	0.77
epi	0.77
epithelial	0.77
equates	0.77
erickson	0.77
ernesto	0.77
ester	0.77
excitedly	0.77
excruciating	0.77
executes	0.77
farthest	0.77
fateful	0.77
fatter	0.77
fedora	0.77
fer	0.77
fia	0.77
fillers	0.77
finley	0.77
flak	0.77
flamboyant	0.77
flamingo	0.77
flutter	0.77
foodie	0.77
foolishness	0.77
forrester	0.77
foundational	0.77
frey	0.77
furnaces	0.77
fuzz	0.77
gills	0.77
gmc	0.77
goodyear	0.77
gout	0.77
guillermo	0.77
hailey	0.77
harlow	0.77
harsher	0.77
hatching	0.77
hearst	0.77
heaven's	0.77
hell's	0.77
hepatic	0.77
hertz	0.77
hirsch	0.77
hoboken	0.77
homegrown	0.77
hoof	0.77
horowitz	0.77
horse's	0.77
housemates	0.77
howard's	0.77
hues	0.77
huey	0.77
humbling	0.77
hwang	0.77
hydrocarbons	0.77
idris	0.77
impala	0.77
impurities	0.77
incognito	0.77
indestructible	0.77
inhibiting	0.77
inks	0.77
innocuous	0.77
inns	0.77
insofar	0.77
institut	0.77
intrinsically	0.77
iraqis	0.77
irishman	0.77
islander	0.77
ism	0.77
ismail	0.77
jana	0.77
janis	0.77
jest	0.77
jesuits	0.77
jillian	0.77
joseph's	0.77
kal	0.77
kam	0.77
kee	0.77
khalil	0.77
lambda	0.77
leader's	0.77
leaky	0.77
lehigh	0.77
leicestershire	0.77
leto	0.77
libido	0.77
lina	0.77
linn	0.77
linus	0.77
lizzy	0.77
lorna	0.77
loyalties	0.77
lynching	0.77
lynx	0.77
maddox	0.77
mage	0.77
mahatma	0.77
mainline	0.77
mainstay	0.77
mannequin	0.77
marketable	0.77
marlborough	0.77
masterful	0.77
matic	0.77
maximal	0.77
mcc	0.77
millers	0.77
mime	0.77
minivan	0.77
mistrust	0.77
mites	0.77
mobiles	0.77
modestly	0.77
moniker	0.77
morrissey	0.77
mpg	0.77
multidisciplinary	0.77
mythological	0.77
nave	0.77
ncis	0.77
needlessly	0.77
nel	0.77
neuro	0.77
nib	0.77
noah's	0.77
nonviolent	0.77
nps	0.77
nuremberg	0.77
ozzy	0.77
palatable	0.77
parishioners	0.77
parkland	0.77
pau	0.77
payouts	0.77
pensacola	0.77
perry's	0.77
pilot's	0.77
platt	0.77
plunging	0.77
polarity	0.77
pompous	0.77
portman	0.77
profanity	0.77
protruding	0.77
puig	0.77
pundit	0.77
purify	0.77
pw	0.77
quack	0.77
quarries	0.77
raged	0.77
rages	0.77
rah	0.77
regaining	0.77
regenerative	0.77
regroup	0.77
rehearsed	0.77
reimburse	0.77
reinvent	0.77
rel	0.77
repatriation	0.77
requiem	0.77
resurrect	0.77
ringer	0.77
rockville	0.77
rollout	0.77
ronan	0.77
rooftops	0.77
rose's	0.77
rudolf	0.77
sae	0.77
salvaged	0.77
sari	0.77
sata	0.77
saucer	0.77
scrapping	0.77
scrappy	0.77
semis	0.77
serpentine	0.77
shinji	0.77
shuffling	0.77
sie	0.77
signup	0.77
skirmish	0.77
slough	0.77
snippets	0.77
soared	0.77
solicit	0.77
solidified	0.77
solvents	0.77
spaniard	0.77
spar	0.77
spearheaded	0.77
spooked	0.77
sprints	0.77
stimulant	0.77
stow	0.77
strickland	0.77
stylized	0.77
subdue	0.77
subscribing	0.77
succumb	0.77
suffocating	0.77
suisse	0.77
sumo	0.77
superbowl	0.77
surgically	0.77
susanna	0.77
syed	0.77
sympathize	0.77
tabernacle	0.77
tagline	0.77
talisman	0.77
tariq	0.77
thirdly	0.77
thwart	0.77
ticked	0.77
tins	0.77
toronto's	0.77
tortilla	0.77
townhouse	0.77
transferable	0.77
transistors	0.77
transpired	0.77
transplanted	0.77
tres	0.77
tris	0.77
trish	0.77
truffle	0.77
tumultuous	0.77
ultron	0.77
unclean	0.77
unequivocally	0.77
unitary	0.77
usgs	0.77
vail	0.77
valkyrie	0.77
vedic	0.77
ventral	0.77
vibrate	0.77
vicente	0.77
wad	0.77
waging	0.77
waitin	0.77
weekend's	0.77
weirdly	0.77
where'd	0.77
whiplash	0.77
whos	0.77
wildcat	0.77
woodworking	0.77
worsen	0.77
worshippers	0.77
xenophobia	0.77
xenophobic	0.77
yakuza	0.77
yuck	0.77
ze	0.77
zeros	0.77
acreage	0.76
affords	0.76
ajay	0.76
albino	0.76
alex's	0.76
antichrist	0.76
antrim	0.76
aquaculture	0.76
argus	0.76
arrears	0.76
arsenal's	0.76
artemis	0.76
asd	0.76
asp	0.76
assimilate	0.76
asterisk	0.76
asymmetrical	0.76
atf	0.76
augmentation	0.76
ayrshire	0.76
azalea	0.76
bacterium	0.76
balochistan	0.76
barter	0.76
bbl	0.76
beet	0.76
bessie	0.76
biggs	0.76
bigoted	0.76
bistro	0.76
bod	0.76
bonanza	0.76
bosom	0.76
boston's	0.76
breakthroughs	0.76
breitbart	0.76
bribed	0.76
busan	0.76
callum	0.76
calmer	0.76
cannibal	0.76
catalogues	0.76
cato	0.76
centurion	0.76
chuckled	0.76
citi	0.76
clarendon	0.76
coldplay	0.76
collector's	0.76
compendium	0.76
complacency	0.76
complements	0.76
confessional	0.76
conservancy	0.76
contentment	0.76
convoluted	0.76
cools	0.76
counterproductive	0.76
cousin's	0.76
cowell	0.76
crayon	0.76
cremated	0.76
crm	0.76
cropping	0.76
crossbow	0.76
crowding	0.76
crux	0.76
cst	0.76
curators	0.76
cusp	0.76
danville	0.76
decoding	0.76
defenseless	0.76
defiantly	0.76
delia	0.76
delicately	0.76
deluge	0.76
desist	0.76
devlin	0.76
devoured	0.76
diffraction	0.76
dilapidated	0.76
dismissive	0.76
divas	0.76
doable	0.76
doorbell	0.76
drooling	0.76
ducking	0.76
dulles	0.76
duplicates	0.76
eastbound	0.76
emir	0.76
emu	0.76
eritrea	0.76
errand	0.76
eucharist	0.76
excites	0.76
exclaimed	0.76
expedite	0.76
extracellular	0.76
famer	0.76
fastball	0.76
fearsome	0.76
feathered	0.76
fertilization	0.76
fervor	0.76
fiduciary	0.76
fifths	0.76
flax	0.76
fractional	0.76
freighter	0.76
frosting	0.76
fuelled	0.76
für	0.76
gaap	0.76
gallo	0.76
gasping	0.76
genevieve	0.76
globes	0.76
glorify	0.76
gunnar	0.76
guo	0.76
hasnt	0.76
heartwarming	0.76
henrietta	0.76
heretics	0.76
hiccups	0.76
hiss	0.76
holographic	0.76
hotspur	0.76
hrc	0.76
impediment	0.76
importation	0.76
inactivity	0.76
incendiary	0.76
individualized	0.76
insistent	0.76
instigated	0.76
intelligently	0.76
interferes	0.76
intermittently	0.76
iraq's	0.76
isn	0.76
jag	0.76
kamal	0.76
kareem	0.76
keegan	0.76
kidnappers	0.76
kimball	0.76
lakewood	0.76
leapt	0.76
leia	0.76
leisurely	0.76
ligand	0.76
lila	0.76
liturgical	0.76
livelihoods	0.76
lothian	0.76
lubricant	0.76
lucie	0.76
macroeconomic	0.76
mags	0.76
maitland	0.76
maría	0.76
masquerade	0.76
materialism	0.76
maude	0.76
mea	0.76
meager	0.76
melodrama	0.76
milly	0.76
minimized	0.76
minion	0.76
mistreated	0.76
misused	0.76
mmmm	0.76
mons	0.76
morn	0.76
motherland	0.76
motogp	0.76
mundo	0.76
müller	0.76
nakamura	0.76
napkins	0.76
narcissism	0.76
navarro	0.76
niches	0.76
ninjas	0.76
nsf	0.76
observant	0.76
opioids	0.76
ostrich	0.76
overcast	0.76
overcrowding	0.76
paragon	0.76
parochial	0.76
pastries	0.76
perplexed	0.76
persistently	0.76
petting	0.76
peña	0.76
phenotype	0.76
pico	0.76
plankton	0.76
prasad	0.76
prejudiced	0.76
prius	0.76
propped	0.76
protons	0.76
pruning	0.76
punter	0.76
qin	0.76
quark	0.76
queuing	0.76
quizzes	0.76
radiohead	0.76
rarer	0.76
rcmp	0.76
redacted	0.76
regretting	0.76
reimbursed	0.76
renovate	0.76
respiration	0.76
restores	0.76
retracted	0.76
reverses	0.76
ruff	0.76
rump	0.76
samir	0.76
santander	0.76
schiff	0.76
schiller	0.76
scranton	0.76
secondhand	0.76
shackles	0.76
shards	0.76
sheehan	0.76
shiver	0.76
simms	0.76
simplifying	0.76
sinned	0.76
ska	0.76
slugs	0.76
smog	0.76
smoothies	0.76
somber	0.76
splendor	0.76
springtime	0.76
sprinkler	0.76
stabs	0.76
standstill	0.76
stefano	0.76
stools	0.76
stubbs	0.76
subunit	0.76
sues	0.76
suffix	0.76
surges	0.76
surveyors	0.76
swede	0.76
sweepstakes	0.76
syndicated	0.76
syria's	0.76
tailoring	0.76
tbs	0.76
teeny	0.76
tendered	0.76
thoracic	0.76
ticketing	0.76
trams	0.76
tremor	0.76
triplets	0.76
twister	0.76
ulrich	0.76
unannounced	0.76
uncovering	0.76
undivided	0.76
unsatisfactory	0.76
unskilled	0.76
unwritten	0.76
utilitarian	0.76
vehicular	0.76
vetted	0.76
virginia's	0.76
voltaire	0.76
wading	0.76
wallpapers	0.76
waning	0.76
war's	0.76
wednesday's	0.76
weightlifting	0.76
wesleyan	0.76
whey	0.76
whyte	0.76
willpower	0.76
wolverhampton	0.76
woolly	0.76
yokohama	0.76
young's	0.76
yuki	0.76
zig	0.76
с	0.76
abbreviations	0.75
accra	0.75
acosta	0.75
acquittal	0.75
acupuncture	0.75
adi	0.75
admins	0.75
adv	0.75
aggregated	0.75
anakin	0.75
anvil	0.75
anzac	0.75
argos	0.75
armament	0.75
aron	0.75
ascribed	0.75
astra	0.75
asu	0.75
ata	0.75
atwood	0.75
auctioned	0.75
backfired	0.75
balconies	0.75
barbour	0.75
bastille	0.75
belligerent	0.75
betts	0.75
bibles	0.75
bleaching	0.75
bleeds	0.75
bloomfield	0.75
bookmark	0.75
botanic	0.75
boundless	0.75
bowles	0.75
brain's	0.75
broadened	0.75
brooch	0.75
bulletins	0.75
bunting	0.75
burials	0.75
cabal	0.75
cabrera	0.75
cadre	0.75
campground	0.75
canaan	0.75
canyons	0.75
causeway	0.75
childrens	0.75
clamps	0.75
clearest	0.75
cleaver	0.75
cmon	0.75
cob	0.75
coexist	0.75
coffins	0.75
coinage	0.75
connelly	0.75
conquests	0.75
consenting	0.75
consummate	0.75
contending	0.75
convene	0.75
cooper's	0.75
corresponded	0.75
covent	0.75
covington	0.75
cramp	0.75
cucumbers	0.75
curran	0.75
curricula	0.75
dearborn	0.75
decadent	0.75
decoy	0.75
defies	0.75
demoted	0.75
depraved	0.75
derivation	0.75
designations	0.75
detectable	0.75
deviations	0.75
diced	0.75
diem	0.75
discreetly	0.75
distortions	0.75
divorces	0.75
draco	0.75
dredge	0.75
drool	0.75
dumbledore	0.75
earths	0.75
ebb	0.75
ecb	0.75
ecu	0.75
emulation	0.75
enriching	0.75
enshrined	0.75
erasing	0.75
escrow	0.75
essendon	0.75
evaporated	0.75
evasive	0.75
extinguish	0.75
fas	0.75
fayetteville	0.75
fca	0.75
federalist	0.75
fema	0.75
fervent	0.75
fiberglass	0.75
fisk	0.75
fixer	0.75
flavoured	0.75
foray	0.75
forfeiture	0.75
forgave	0.75
forties	0.75
friar	0.75
fruitless	0.75
fussy	0.75
garcía	0.75
garnish	0.75
genealogical	0.75
genomes	0.75
georgie	0.75
glances	0.75
gnu	0.75
goody	0.75
gough	0.75
graciously	0.75
grammys	0.75
grassland	0.75
hackett	0.75
hajj	0.75
hampstead	0.75
hap	0.75
hatfield	0.75
hdd	0.75
hdr	0.75
headway	0.75
hearsay	0.75
hershey	0.75
hideout	0.75
hippies	0.75
hoa	0.75
hobbes	0.75
holed	0.75
honed	0.75
horned	0.75
horner	0.75
hoyt	0.75
hutch	0.75
idyllic	0.75
imaginations	0.75
impairments	0.75
impossibility	0.75
impotent	0.75
inconsiderate	0.75
indictments	0.75
insatiable	0.75
instalment	0.75
instinctive	0.75
institute's	0.75
integrates	0.75
interpretive	0.75
intrepid	0.75
intuitively	0.75
jackman	0.75
jeanette	0.75
jetty	0.75
jimmie	0.75
jpeg	0.75
junkies	0.75
kabir	0.75
kawasaki	0.75
kew	0.75
khaki	0.75
kip	0.75
kirkland	0.75
koala	0.75
kohli	0.75
kos	0.75
lannister	0.75
lashing	0.75
lectured	0.75
lees	0.75
leith	0.75
levelled	0.75
lexi	0.75
lieberman	0.75
lightening	0.75
lombardi	0.75
londonderry	0.75
loren	0.75
lucien	0.75
m's	0.75
macs	0.75
magnate	0.75
magneto	0.75
mahoney	0.75
mannered	0.75
marietta	0.75
markham	0.75
maud	0.75
mcgovern	0.75
merciless	0.75
merle	0.75
milder	0.75
millimeters	0.75
minn	0.75
misfits	0.75
mocks	0.75
molina	0.75
monde	0.75
mongols	0.75
monochrome	0.75
mortuary	0.75
mtg	0.75
muffled	0.75
mugabe	0.75
mulder	0.75
mullins	0.75
muppets	0.75
muses	0.75
nacional	0.75
nationalistic	0.75
nervousness	0.75
neumann	0.75
neurologist	0.75
nik	0.75
notched	0.75
nutmeg	0.75
obstetrics	0.75
obtains	0.75
obtuse	0.75
ofcourse	0.75
papi	0.75
particulate	0.75
pausing	0.75
penicillin	0.75
perfecting	0.75
petal	0.75
petitioned	0.75
plumbers	0.75
pms	0.75
poise	0.75
polygon	0.75
ported	0.75
precursors	0.75
prolly	0.75
promos	0.75
proportionate	0.75
provence	0.75
pta	0.75
purcell	0.75
pvp	0.75
quartermaster	0.75
radiance	0.75
rambo	0.75
rammed	0.75
raoul	0.75
reciprocity	0.75
recollections	0.75
remodeled	0.75
replenish	0.75
reproducing	0.75
reputations	0.75
responsiveness	0.75
rheumatoid	0.75
roscoe	0.75
rosetta	0.75
rubles	0.75
rupee	0.75
saeed	0.75
saltwater	0.75
sanctity	0.75
schoolers	0.75
schroeder	0.75
scooped	0.75
scrabble	0.75
scrimmage	0.75
seaboard	0.75
sedition	0.75
shoddy	0.75
shortstop	0.75
shotguns	0.75
sleazy	0.75
sleepers	0.75
smashes	0.75
smirk	0.75
smoothing	0.75
smyth	0.75
sneaks	0.75
snipe	0.75
snuggle	0.75
sochi	0.75
sociologist	0.75
spares	0.75
spewing	0.75
squishy	0.75
stalemate	0.75
stave	0.75
stephan	0.75
stinking	0.75
story's	0.75
strangle	0.75
streamer	0.75
streetcar	0.75
stringer	0.75
summits	0.75
sunsets	0.75
supremely	0.75
sus	0.75
swami	0.75
swelled	0.75
symbolize	0.75
symbolizes	0.75
tahiti	0.75
tarantino	0.75
tarmac	0.75
teh	0.75
tenacious	0.75
tireless	0.75
toothed	0.75
toshiba	0.75
tremble	0.75
trillions	0.75
trove	0.75
ue	0.75
unconsciously	0.75
undated	0.75
undefined	0.75
unpack	0.75
urbanization	0.75
vetoed	0.75
victimized	0.75
wainwright	0.75
walkin	0.75
wanders	0.75
weakens	0.75
westbound	0.75
westerly	0.75
whitehouse	0.75
wilfred	0.75
wilton	0.75
winch	0.75
winthrop	0.75
workstation	0.75
yam	0.75
yawning	0.75
yolk	0.75
accomplices	0.74
adc	0.74
adjusts	0.74
adp	0.74
aerosol	0.74
aftermarket	0.74
alienate	0.74
alphabetically	0.74
amer	0.74
ammonium	0.74
amour	0.74
andi	0.74
annuities	0.74
apprehensive	0.74
aquino	0.74
arjun	0.74
assent	0.74
assn	0.74
athenian	0.74
atrocity	0.74
authorisation	0.74
avec	0.74
babysit	0.74
backdoor	0.74
bagels	0.74
baker's	0.74
banco	0.74
bantu	0.74
beaming	0.74
benin	0.74
benn	0.74
bh	0.74
bigots	0.74
biopic	0.74
bleached	0.74
blondie	0.74
bloods	0.74
blot	0.74
bode	0.74
boer	0.74
boggling	0.74
bolivian	0.74
bookstores	0.74
boos	0.74
bourgeoisie	0.74
bowser	0.74
boycotting	0.74
braced	0.74
brentwood	0.74
bromwich	0.74
bryson	0.74
bsc	0.74
buckinghamshire	0.74
bulging	0.74
burners	0.74
byproduct	0.74
bystanders	0.74
caspian	0.74
categorically	0.74
cathode	0.74
ceded	0.74
cheaters	0.74
chelsea's	0.74
cheung	0.74
civility	0.74
clustering	0.74
cns	0.74
cohn	0.74
collin	0.74
commandos	0.74
complicity	0.74
conf	0.74
confetti	0.74
configure	0.74
confrontational	0.74
congolese	0.74
conley	0.74
connors	0.74
consequential	0.74
constitutions	0.74
contagion	0.74
convoys	0.74
corset	0.74
cortisol	0.74
coutinho	0.74
craters	0.74
crock	0.74
crocker	0.74
curate	0.74
cuttings	0.74
dataset	0.74
davos	0.74
dawned	0.74
daybreak	0.74
defected	0.74
defenseman	0.74
desolation	0.74
deviant	0.74
devine	0.74
devious	0.74
didier	0.74
dil	0.74
dilemmas	0.74
discography	0.74
dislocated	0.74
dispenser	0.74
disseminate	0.74
dorado	0.74
dragonfly	0.74
driscoll	0.74
dubstep	0.74
dugout	0.74
dunne	0.74
dynamically	0.74
edelman	0.74
elizabethan	0.74
emanating	0.74
endeavours	0.74
ensues	0.74
eradicated	0.74
erode	0.74
evocative	0.74
faintly	0.74
fancies	0.74
federico	0.74
fewest	0.74
fielded	0.74
financials	0.74
fingering	0.74
flirty	0.74
flocks	0.74
forbade	0.74
forested	0.74
frauds	0.74
friendlies	0.74
fronting	0.74
frosted	0.74
fullness	0.74
furthering	0.74
gaia	0.74
gallop	0.74
gentile	0.74
gentrification	0.74
georgia's	0.74
gingerbread	0.74
gino	0.74
giro	0.74
gosling	0.74
grasshopper	0.74
groupings	0.74
guardiola	0.74
guildford	0.74
gutierrez	0.74
hallowed	0.74
halting	0.74
hamish	0.74
hampden	0.74
handguns	0.74
hebron	0.74
heywood	0.74
hospital's	0.74
hove	0.74
hunter's	0.74
hvac	0.74
hy	0.74
hydrate	0.74
hydrocarbon	0.74
incessant	0.74
incriminating	0.74
incurable	0.74
informants	0.74
informatics	0.74
infringed	0.74
inhaling	0.74
innumerable	0.74
insular	0.74
insurmountable	0.74
inundated	0.74
invariant	0.74
ionization	0.74
jailbreak	0.74
james's	0.74
jarring	0.74
jing	0.74
juncture	0.74
karin	0.74
kebab	0.74
lago	0.74
lampard	0.74
larsson	0.74
latham	0.74
leanne	0.74
leinster	0.74
licensee	0.74
lincoln's	0.74
locator	0.74
loeb	0.74
loyalist	0.74
luz	0.74
machado	0.74
macpherson	0.74
magnetism	0.74
maltese	0.74
manafort	0.74
manhunt	0.74
manoeuvre	0.74
margo	0.74
mariner	0.74
marlowe	0.74
marquez	0.74
marshmallows	0.74
martyn	0.74
masons	0.74
matthias	0.74
maximus	0.74
mays	0.74
meditating	0.74
merck	0.74
metamorphosis	0.74
methodological	0.74
middleweight	0.74
migrations	0.74
mila	0.74
milkshake	0.74
mio	0.74
misinterpreted	0.74
mixers	0.74
modernize	0.74
mozilla	0.74
multilingual	0.74
nats	0.74
natured	0.74
nested	0.74
nick's	0.74
niki	0.74
nmr	0.74
notifying	0.74
nourishment	0.74
numerals	0.74
obeying	0.74
octavia	0.74
olfactory	0.74
organically	0.74
ortega	0.74
osbourne	0.74
paintball	0.74
parrish	0.74
parton	0.74
pedophiles	0.74
pertains	0.74
petrified	0.74
pheasant	0.74
photosynthesis	0.74
piccolo	0.74
pietro	0.74
piloted	0.74
pinching	0.74
pointe	0.74
pornhub	0.74
postponement	0.74
ppc	0.74
preclude	0.74
preorder	0.74
pressurized	0.74
prickly	0.74
pricks	0.74
priory	0.74
profiled	0.74
programmable	0.74
psn	0.74
puss	0.74
questionnaires	0.74
quintessential	0.74
racked	0.74
radiating	0.74
rancher	0.74
reader's	0.74
reclaiming	0.74
redding	0.74
regularity	0.74
remediation	0.74
reprints	0.74
resounding	0.74
restrooms	0.74
retract	0.74
ria	0.74
ripples	0.74
roared	0.74
rondo	0.74
rowley	0.74
rumoured	0.74
russel	0.74
saban	0.74
salazar	0.74
samuels	0.74
sana	0.74
sarasota	0.74
scaffold	0.74
scavenger	0.74
schooner	0.74
scion	0.74
seamus	0.74
secularism	0.74
separatists	0.74
sephora	0.74
servitude	0.74
severn	0.74
showbiz	0.74
sickly	0.74
siegfried	0.74
simeon	0.74
slaughtering	0.74
slumped	0.74
smacks	0.74
sme	0.74
snooker	0.74
solemnly	0.74
sores	0.74
splashed	0.74
sprained	0.74
squadrons	0.74
starling	0.74
steamboat	0.74
steinberg	0.74
stingy	0.74
stuffy	0.74
stumbles	0.74
substituting	0.74
subversion	0.74
sufficiency	0.74
sui	0.74
suitcases	0.74
sumatra	0.74
suvs	0.74
syn	0.74
takedown	0.74
tas	0.74
tasteless	0.74
tensor	0.74
terminally	0.74
tian	0.74
ticker	0.74
tiff	0.74
tijuana	0.74
toil	0.74
tomography	0.74
tony's	0.74
toon	0.74
toot	0.74
toulon	0.74
townsville	0.74
tru	0.74
truncated	0.74
trusty	0.74
twig	0.74
uf	0.74
ulcer	0.74
ummm	0.74
unconfirmed	0.74
undetected	0.74
uniformity	0.74
unjustified	0.74
unregistered	0.74
unsubscribe	0.74
untrained	0.74
ute	0.74
varnish	0.74
vee	0.74
videogames	0.74
vigor	0.74
waco	0.74
wag	0.74
walnuts	0.74
warhead	0.74
watcher	0.74
wealthier	0.74
welles	0.74
widower	0.74
wnba	0.74
wobbly	0.74
wot	0.74
wraith	0.74
ya'll	0.74
yangon	0.74
yanks	0.74
yew	0.74
yugoslav	0.74
zoey	0.74
zoological	0.74
γ	0.74
accorded	0.73
afb	0.73
agar	0.73
agnostic	0.73
airmen	0.73
aisha	0.73
alameda	0.73
algiers	0.73
ali's	0.73
aligning	0.73
allocations	0.73
alluring	0.73
amputation	0.73
anarchism	0.73
antagonistic	0.73
anthropologists	0.73
anya	0.73
apprehend	0.73
aquinas	0.73
architectures	0.73
axiom	0.73
banger	0.73
barista	0.73
basalt	0.73
bashir	0.73
beatings	0.73
belated	0.73
bello	0.73
bequeathed	0.73
betterment	0.73
birthright	0.73
blackboard	0.73
blackwater	0.73
bor	0.73
breather	0.73
brendon	0.73
brothels	0.73
buckeyes	0.73
buffers	0.73
buffs	0.73
burrell	0.73
buzzed	0.73
bylaws	0.73
bystander	0.73
candace	0.73
carleton	0.73
catchment	0.73
chechen	0.73
chia	0.73
chino	0.73
cleanly	0.73
coffees	0.73
colorless	0.73
concave	0.73
confuses	0.73
consequent	0.73
contraceptives	0.73
corrects	0.73
coughs	0.73
cree	0.73
crucifix	0.73
cus	0.73
cyclones	0.73
daggers	0.73
dazzle	0.73
dealerships	0.73
decode	0.73
depriving	0.73
diagnosing	0.73
diarrhoea	0.73
dieter	0.73
discerning	0.73
disintegration	0.73
disposing	0.73
dissonance	0.73
dup	0.73
duress	0.73
dyslexia	0.73
earthy	0.73
editorials	0.73
elects	0.73
elevating	0.73
elmo	0.73
embezzlement	0.73
emigrants	0.73
emits	0.73
endorses	0.73
enforceable	0.73
ephraim	0.73
equinox	0.73
ericsson	0.73
erotica	0.73
erp	0.73
escalator	0.73
ethnicities	0.73
eulogy	0.73
eventful	0.73
excitation	0.73
fanatical	0.73
fangs	0.73
fantastically	0.73
fastened	0.73
fawn	0.73
flanking	0.73
flinders	0.73
fluency	0.73
fresher	0.73
frickin	0.73
fructose	0.73
furnishing	0.73
gah	0.73
galvanized	0.73
gambia	0.73
gaul	0.73
gaulle	0.73
gcc	0.73
geophysical	0.73
gladiators	0.73
godwin	0.73
gomes	0.73
graphene	0.73
grasped	0.73
graze	0.73
green's	0.73
grenada	0.73
grossman	0.73
grower	0.73
grunge	0.73
gtfo	0.73
gump	0.73
hagen	0.73
halsey	0.73
hatches	0.73
hawkes	0.73
headlined	0.73
helene	0.73
hennessy	0.73
hilariously	0.73
hoodies	0.73
hottie	0.73
huddled	0.73
hypothesized	0.73
iaea	0.73
ics	0.73
illustrative	0.73
imbalances	0.73
improvise	0.73
inappropriately	0.73
incandescent	0.73
indistinct	0.73
infallible	0.73
infuriating	0.73
insulating	0.73
integers	0.73
intracellular	0.73
irma	0.73
jakob	0.73
janus	0.73
jens	0.73
jg	0.73
jia	0.73
jolt	0.73
juggle	0.73
jukebox	0.73
jumpsuit	0.73
kami	0.73
kangaroos	0.73
kar	0.73
kato	0.73
kayaking	0.73
kerosene	0.73
keto	0.73
knobs	0.73
kroger	0.73
legacies	0.73
leveraging	0.73
levies	0.73
likeable	0.73
longs	0.73
macos	0.73
magenta	0.73
markov	0.73
marlboro	0.73
mccormack	0.73
mee	0.73
merton	0.73
methodical	0.73
michigan's	0.73
middletown	0.73
mince	0.73
miniatures	0.73
mints	0.73
molotov	0.73
monogram	0.73
moray	0.73
mumford	0.73
mus	0.73
mythic	0.73
nacho	0.73
nailing	0.73
nanotechnology	0.73
napping	0.73
negroes	0.73
niko	0.73
nobleman	0.73
nonprofits	0.73
nugent	0.73
o'neil	0.73
obeyed	0.73
optimist	0.73
osiris	0.73
outwardly	0.73
overlord	0.73
overuse	0.73
panned	0.73
papacy	0.73
pasted	0.73
patreon	0.73
pdt	0.73
perfumes	0.73
phonetic	0.73
photovoltaic	0.73
piccadilly	0.73
pied	0.73
piloting	0.73
pius	0.73
pkk	0.73
planck	0.73
poodle	0.73
populism	0.73
precedes	0.73
pus	0.73
racetrack	0.73
redirected	0.73
reeds	0.73
rejoined	0.73
relayed	0.73
rescinded	0.73
resuming	0.73
retrieving	0.73
rnc	0.73
roadblock	0.73
roadshow	0.73
roadways	0.73
rsvp	0.73
sabre	0.73
saleh	0.73
salons	0.73
sandbox	0.73
sato	0.73
saxons	0.73
scooters	0.73
sds	0.73
seagull	0.73
shag	0.73
shahid	0.73
sheryl	0.73
shifter	0.73
shit's	0.73
shoemaker	0.73
shortfall	0.73
shrugs	0.73
sichuan	0.73
sift	0.73
silo	0.73
sion	0.73
smacking	0.73
smothered	0.73
sneezing	0.73
snooping	0.73
socialization	0.73
sony's	0.73
soot	0.73
sopranos	0.73
soto	0.73
southport	0.73
sparingly	0.73
speck	0.73
spectacularly	0.73
spiced	0.73
ssc	0.73
sse	0.73
stoves	0.73
streep	0.73
stylus	0.73
subclass	0.73
submits	0.73
successively	0.73
suk	0.73
sumptuous	0.73
suture	0.73
sydney's	0.73
synaptic	0.73
tailgate	0.73
tenuous	0.73
thelma	0.73
threes	0.73
tobin	0.73
topographic	0.73
trafalgar	0.73
tranquility	0.73
transmits	0.73
trekking	0.73
tuscan	0.73
tutu	0.73
tzu	0.73
umbilical	0.73
unhinged	0.73
uninterested	0.73
usaf	0.73
uterine	0.73
vanishes	0.73
vapour	0.73
vas	0.73
veer	0.73
versace	0.73
warheads	0.73
waxing	0.73
weirder	0.73
weller	0.73
wheaton	0.73
whereupon	0.73
winfrey	0.73
winn	0.73
withdraws	0.73
wither	0.73
wk	0.73
wobble	0.73
yadav	0.73
yeon	0.73
yvette	0.73
zak	0.73
zed	0.73
é	0.73
abridged	0.72
absences	0.72
acacia	0.72
adorn	0.72
aggressor	0.72
agm	0.72
ambivalent	0.72
amethyst	0.72
amit	0.72
angling	0.72
anil	0.72
antennae	0.72
antimicrobial	0.72
anybody's	0.72
asia's	0.72
assassin's	0.72
atk	0.72
ats	0.72
babylonian	0.72
baines	0.72
baiting	0.72
barks	0.72
beasley	0.72
berserk	0.72
berwick	0.72
bickering	0.72
bishop's	0.72
bla	0.72
bobo	0.72
bovine	0.72
braids	0.72
braille	0.72
butchered	0.72
bypassing	0.72
cabot	0.72
candlelight	0.72
cannibalism	0.72
canoes	0.72
capricorn	0.72
captivated	0.72
catapult	0.72
cbn	0.72
ccs	0.72
cdr	0.72
censors	0.72
centro	0.72
cervix	0.72
cheery	0.72
chimneys	0.72
chit	0.72
chomsky	0.72
chrissy	0.72
clark's	0.72
clements	0.72
cleo	0.72
cog	0.72
cohorts	0.72
coloration	0.72
connective	0.72
cray	0.72
crayons	0.72
cronies	0.72
crusty	0.72
cumin	0.72
cutlery	0.72
dawes	0.72
decal	0.72
deciduous	0.72
degenerative	0.72
deloitte	0.72
delphi	0.72
detract	0.72
dialed	0.72
digested	0.72
diminishes	0.72
diplomas	0.72
dissection	0.72
dissimilar	0.72
dissuade	0.72
distillation	0.72
drab	0.72
dslr	0.72
dubs	0.72
ducked	0.72
dumfries	0.72
eeg	0.72
eggplant	0.72
ellington	0.72
engravings	0.72
enmity	0.72
epidemics	0.72
equipping	0.72
eucalyptus	0.72
eurasia	0.72
evaporate	0.72
execs	0.72
exhibitors	0.72
exo	0.72
exorbitant	0.72
expat	0.72
experimentally	0.72
expiring	0.72
eyelid	0.72
fainting	0.72
fecal	0.72
ferret	0.72
fertilizers	0.72
financier	0.72
fitter	0.72
flagrant	0.72
flapping	0.72
florist	0.72
foreplay	0.72
formatted	0.72
ftp	0.72
g's	0.72
gangsta	0.72
garb	0.72
garvey	0.72
gassed	0.72
gatorade	0.72
gentiles	0.72
gilles	0.72
glancing	0.72
glaucoma	0.72
glazing	0.72
goblins	0.72
googling	0.72
goosebumps	0.72
gov't	0.72
granular	0.72
greenish	0.72
grocer	0.72
groping	0.72
gtx	0.72
headless	0.72
healthiest	0.72
heineken	0.72
hemsworth	0.72
hibernation	0.72
hindrance	0.72
hollywood's	0.72
hula	0.72
humanity's	0.72
huxley	0.72
ills	0.72
immunization	0.72
implantation	0.72
impressing	0.72
inaccuracies	0.72
inanimate	0.72
inca	0.72
inexplicably	0.72
infield	0.72
inflate	0.72
innovator	0.72
intermission	0.72
iqbal	0.72
irreplaceable	0.72
kanji	0.72
kh	0.72
kilogram	0.72
kn	0.72
kombat	0.72
kpop	0.72
kush	0.72
landline	0.72
lashed	0.72
legislate	0.72
liberian	0.72
lingo	0.72
lohan	0.72
looping	0.72
macy	0.72
marlin	0.72
marsden	0.72
marsha	0.72
masterchef	0.72
matron	0.72
mayfair	0.72
mcallister	0.72
mcgowan	0.72
meaty	0.72
mifflin	0.72
mirroring	0.72
mistaking	0.72
moderators	0.72
momo	0.72
mouthful	0.72
mun	0.72
murdock	0.72
mustangs	0.72
mutton	0.72
myra	0.72
neill	0.72
neoliberal	0.72
nestled	0.72
neutrons	0.72
newbury	0.72
newell	0.72
nfl's	0.72
novelists	0.72
numeric	0.72
nunes	0.72
o'keefe	0.72
oars	0.72
oates	0.72
ohm	0.72
oneplus	0.72
oop	0.72
optimizing	0.72
orc	0.72
outfielder	0.72
outflow	0.72
outperform	0.72
overtaking	0.72
overtook	0.72
overture	0.72
parma	0.72
parr	0.72
parrots	0.72
passively	0.72
paulson	0.72
peddling	0.72
pepperoni	0.72
perforated	0.72
pes	0.72
piero	0.72
pitchfork	0.72
placid	0.72
pleistocene	0.72
pooping	0.72
pox	0.72
pretense	0.72
principled	0.72
progesterone	0.72
puritan	0.72
quart	0.72
quinoa	0.72
rabble	0.72
rafters	0.72
raisin	0.72
rationing	0.72
reappear	0.72
rearrange	0.72
recreating	0.72
redeemer	0.72
redeeming	0.72
refreshments	0.72
reissue	0.72
remade	0.72
repulsed	0.72
resistor	0.72
restructure	0.72
revolting	0.72
rhapsody	0.72
rhea	0.72
robby	0.72
robert's	0.72
rousseau	0.72
roux	0.72
ruddy	0.72
rune	0.72
sahib	0.72
salam	0.72
sandler	0.72
saucepan	0.72
scala	0.72
scarier	0.72
schism	0.72
scrubbed	0.72
seer	0.72
sepsis	0.72
seward	0.72
sharpening	0.72
sharpness	0.72
shelved	0.72
shh	0.72
shipper	0.72
shopped	0.72
shui	0.72
simon's	0.72
sketching	0.72
skew	0.72
skimming	0.72
skydiving	0.72
smitten	0.72
snappy	0.72
sneaker	0.72
snort	0.72
snowboard	0.72
solitaire	0.72
song's	0.72
sparing	0.72
spicer	0.72
spiegel	0.72
sportsmanship	0.72
sprinting	0.72
stakeholder	0.72
stanza	0.72
stipend	0.72
subsided	0.72
superannuation	0.72
surging	0.72
sweetened	0.72
sweetly	0.72
swims	0.72
swimwear	0.72
tamed	0.72
tampons	0.72
taunting	0.72
tec	0.72
tempe	0.72
tendons	0.72
terraced	0.72
testers	0.72
thrived	0.72
tickled	0.72
titty	0.72
toppings	0.72
traffickers	0.72
transcends	0.72
tropes	0.72
tsk	0.72
tumbled	0.72
twas	0.72
twitter's	0.72
typography	0.72
typos	0.72
tyrion	0.72
uhhh	0.72
ukulele	0.72
ump	0.72
unauthorised	0.72
uncensored	0.72
unforgivable	0.72
uninhabited	0.72
unsurprisingly	0.72
untenable	0.72
unwavering	0.72
uranus	0.72
usability	0.72
veritable	0.72
vices	0.72
voldemort	0.72
wanderer	0.72
warts	0.72
watchman	0.72
website's	0.72
whittaker	0.72
why's	0.72
wut	0.72
xander	0.72
xerox	0.72
xiaomi	0.72
yd	0.72
yeo	0.72
yeti	0.72
yoghurt	0.72
aac	0.71
abject	0.71
actionable	0.71
administers	0.71
aes	0.71
affective	0.71
afield	0.71
aldrich	0.71
aldridge	0.71
alienating	0.71
alight	0.71
amazement	0.71
amending	0.71
amg	0.71
aoc	0.71
apnea	0.71
appointees	0.71
armpit	0.71
arr	0.71
asl	0.71
austere	0.71
authoritarianism	0.71
awkwardness	0.71
bab	0.71
backer	0.71
backpacking	0.71
bagging	0.71
bailiff	0.71
banda	0.71
banked	0.71
barnsley	0.71
barricades	0.71
beamed	0.71
bell's	0.71
bergman	0.71
betrays	0.71
blinked	0.71
blissful	0.71
blister	0.71
blockage	0.71
blondes	0.71
bloodbath	0.71
bluffs	0.71
bmc	0.71
bnp	0.71
booms	0.71
bower	0.71
brah	0.71
bravest	0.71
brb	0.71
breasted	0.71
brookings	0.71
budgeted	0.71
bugger	0.71
buoy	0.71
bv	0.71
campaigner	0.71
capacitors	0.71
capes	0.71
carvings	0.71
cbt	0.71
celeb	0.71
cellars	0.71
cfl	0.71
chalice	0.71
chas	0.71
chichester	0.71
christophe	0.71
clippings	0.71
coll	0.71
colorectal	0.71
combing	0.71
commendation	0.71
compensating	0.71
condominiums	0.71
congratulating	0.71
consignment	0.71
contradicting	0.71
conundrum	0.71
corinne	0.71
coursework	0.71
coven	0.71
criminology	0.71
csu	0.71
czar	0.71
defendant's	0.71
depots	0.71
dials	0.71
diamondbacks	0.71
dianne	0.71
discounting	0.71
disorganized	0.71
disseminated	0.71
dissolves	0.71
dmc	0.71
doggie	0.71
domes	0.71
duchy	0.71
dumplings	0.71
earmarked	0.71
ecumenical	0.71
electrification	0.71
embedding	0.71
encased	0.71
endothelial	0.71
engel	0.71
episodic	0.71
epsom	0.71
eros	0.71
eskimo	0.71
eu's	0.71
ewan	0.71
expiry	0.71
extremity	0.71
fabregas	0.71
faithfulness	0.71
felonies	0.71
femur	0.71
ferrer	0.71
fluctuating	0.71
fong	0.71
fowl	0.71
foxy	0.71
franken	0.71
freckles	0.71
freelancer	0.71
fullerton	0.71
fundraisers	0.71
furs	0.71
gelatin	0.71
gestation	0.71
guangdong	0.71
guggenheim	0.71
guillotine	0.71
gull	0.71
gulls	0.71
gusto	0.71
halfback	0.71
handout	0.71
harbors	0.71
havens	0.71
headband	0.71
henning	0.71
heralded	0.71
heretic	0.71
hernia	0.71
hippy	0.71
hitachi	0.71
hummus	0.71
ideologically	0.71
indiscriminate	0.71
individualism	0.71
infernal	0.71
infrequently	0.71
instill	0.71
invalidate	0.71
isolates	0.71
jazzy	0.71
jehovah's	0.71
jeong	0.71
jerry's	0.71
jeter	0.71
joffrey	0.71
kenyon	0.71
kingpin	0.71
kiosk	0.71
klopp	0.71
lags	0.71
lawton	0.71
legalizing	0.71
lentils	0.71
leprosy	0.71
lh	0.71
lisp	0.71
liverpool's	0.71
locust	0.71
lombard	0.71
looney	0.71
lubbock	0.71
lui	0.71
magnifying	0.71
malaya	0.71
mallet	0.71
maloney	0.71
mather	0.71
medici	0.71
mes	0.71
metastatic	0.71
meteorites	0.71
mew	0.71
militarily	0.71
minced	0.71
mishap	0.71
moby	0.71
mojave	0.71
molasses	0.71
monographs	0.71
monolithic	0.71
motoring	0.71
mott	0.71
moulded	0.71
mystique	0.71
nanjing	0.71
narcotic	0.71
nda	0.71
nefarious	0.71
nepali	0.71
nite	0.71
nix	0.71
nola	0.71
normalize	0.71
nucleotide	0.71
nurseries	0.71
olympians	0.71
optimus	0.71
orcs	0.71
orkney	0.71
outbound	0.71
outbursts	0.71
outsourced	0.71
overalls	0.71
overpowered	0.71
overworked	0.71
padilla	0.71
pantomime	0.71
parker's	0.71
peacetime	0.71
pei	0.71
permian	0.71
peso	0.71
pierson	0.71
pilates	0.71
pita	0.71
pitting	0.71
plagues	0.71
playtime	0.71
pompeii	0.71
pompey	0.71
portage	0.71
positional	0.71
postcode	0.71
predicated	0.71
predictably	0.71
progeny	0.71
propagated	0.71
pushy	0.71
qualcomm	0.71
quell	0.71
racecourse	0.71
railings	0.71
rainwater	0.71
rebounding	0.71
reflector	0.71
regimental	0.71
rehabilitate	0.71
renounced	0.71
reorganized	0.71
replicas	0.71
reread	0.71
revisiting	0.71
revolved	0.71
rigorously	0.71
roderick	0.71
rogues	0.71
roost	0.71
roswell	0.71
routers	0.71
salim	0.71
salzburg	0.71
savory	0.71
scholes	0.71
scorpions	0.71
sdf	0.71
seaworld	0.71
segmented	0.71
semesters	0.71
shalom	0.71
shard	0.71
sieve	0.71
signatories	0.71
sill	0.71
silvery	0.71
silvio	0.71
singer's	0.71
sittin	0.71
smartwatch	0.71
snapper	0.71
snickers	0.71
soleil	0.71
soloist	0.71
somerville	0.71
soreness	0.71
southerners	0.71
sowing	0.71
sphinx	0.71
spore	0.71
stances	0.71
starfish	0.71
stifle	0.71
sturridge	0.71
succulent	0.71
superbly	0.71
supercar	0.71
superfluous	0.71
surged	0.71
surpasses	0.71
swain	0.71
swarming	0.71
sxsw	0.71
synchronous	0.71
tania	0.71
tasteful	0.71
telemetry	0.71
templeton	0.71
tenet	0.71
testifies	0.71
theologian	0.71
tiled	0.71
togo	0.71
tolstoy	0.71
tots	0.71
transcendental	0.71
transformational	0.71
translational	0.71
travesty	0.71
tricking	0.71
tunis	0.71
uncomfortably	0.71
undiscovered	0.71
unisex	0.71
upi	0.71
vane	0.71
vegetarians	0.71
vengeful	0.71
vials	0.71
weavers	0.71
westside	0.71
whatnot	0.71
whiteness	0.71
wicker	0.71
wrinkled	0.71
wsj	0.71
wynne	0.71
yank	0.71
yaya	0.71
aback	0.70
accuser	0.70
adrenal	0.70
agonizing	0.70
aimee	0.70
alluding	0.70
aloof	0.70
amulet	0.70
annotations	0.70
anticipates	0.70
apologetic	0.70
apoptosis	0.70
aq	0.70
arcane	0.70
argo	0.70
aristocrat	0.70
arthur's	0.70
arty	0.70
assassinations	0.70
assays	0.70
astrid	0.70
astrophysics	0.70
atta	0.70
bader	0.70
baek	0.70
baku	0.70
bancroft	0.70
barbershop	0.70
batsmen	0.70
bbs	0.70
beal	0.70
beanie	0.70
behest	0.70
beit	0.70
benoit	0.70
bibi	0.70
biometric	0.70
blackened	0.70
blacklisted	0.70
blanca	0.70
bogged	0.70
boobies	0.70
bookkeeping	0.70
borden	0.70
braxton	0.70
bremen	0.70
brews	0.70
brixton	0.70
bronco	0.70
caesars	0.70
caitlyn	0.70
cajun	0.70
calvary	0.70
camaraderie	0.70
caravans	0.70
cascades	0.70
cask	0.70
catwalk	0.70
centimetres	0.70
chanted	0.70
christie's	0.70
classically	0.70
clermont	0.70
clog	0.70
clubbing	0.70
colonized	0.70
columbian	0.70
competencies	0.70
confiscation	0.70
congresses	0.70
conscription	0.70
conserving	0.70
convo	0.70
covenants	0.70
cranial	0.70
criminality	0.70
croix	0.70
cts	0.70
culprits	0.70
custer	0.70
cyberspace	0.70
d's	0.70
dao	0.70
dara	0.70
dbs	0.70
decapitated	0.70
detach	0.70
deterrence	0.70
deutsch	0.70
dielectric	0.70
dispensed	0.70
distanced	0.70
distasteful	0.70
dojo	0.70
dorms	0.70
dougie	0.70
dreading	0.70
droughts	0.70
druid	0.70
dud	0.70
duvet	0.70
eclipsed	0.70
eject	0.70
ell	0.70
emblems	0.70
endogenous	0.70
enforcer	0.70
ensembles	0.70
ephemeral	0.70
eponymous	0.70
erich	0.70
escorting	0.70
ethnographic	0.70
eurasian	0.70
examiners	0.70
extracurricular	0.70
faraway	0.70
fenway	0.70
fic	0.70
figurines	0.70
fittest	0.70
fleshy	0.70
flickering	0.70
fliers	0.70
fluctuate	0.70
fluttering	0.70
fontaine	0.70
footpath	0.70
fordham	0.70
forerunner	0.70
forgo	0.70
foxx	0.70
freer	0.70
frontage	0.70
frustrate	0.70
fryer	0.70
gaius	0.70
gar	0.70
garnett	0.70
ged	0.70
genomics	0.70
gingrich	0.70
goof	0.70
graced	0.70
grafton	0.70
grandad	0.70
grandmothers	0.70
greco	0.70
gunther	0.70
gurus	0.70
gustavo	0.70
hadith	0.70
hamburgers	0.70
hamlin	0.70
hangers	0.70
hannity	0.70
hardening	0.70
hippocampus	0.70
hoon	0.70
hoot	0.70
hoses	0.70
hostels	0.70
humanism	0.70
incarnate	0.70
incomparable	0.70
informer	0.70
infrequent	0.70
infringe	0.70
ingestion	0.70
inquiring	0.70
internment	0.70
interprets	0.70
janine	0.70
jap	0.70
jekyll	0.70
jim's	0.70
joni	0.70
jour	0.70
juggernaut	0.70
jungles	0.70
kalamazoo	0.70
kawhi	0.70
khartoum	0.70
kj	0.70
kushner	0.70
lackluster	0.70
langdon	0.70
largo	0.70
larva	0.70
laude	0.70
lausanne	0.70
layering	0.70
libertarians	0.70
lint	0.70
lira	0.70
livid	0.70
lobbies	0.70
loomis	0.70
loon	0.70
looser	0.70
lotte	0.70
lover's	0.70
lowland	0.70
luce	0.70
luckiest	0.70
luscious	0.70
luxe	0.70
magnified	0.70
mainframe	0.70
mama's	0.70
manger	0.70
manicure	0.70
mares	0.70
materialistic	0.70
materialize	0.70
matt's	0.70
maturation	0.70
maury	0.70
mckee	0.70
mckinnon	0.70
mcmanus	0.70
meditations	0.70
menzies	0.70
mica	0.70
millar	0.70
minerva	0.70
minted	0.70
minuscule	0.70
misspelled	0.70
mobil	0.70
moisturizer	0.70
molar	0.70
molestation	0.70
mong	0.70
montrose	0.70
mosley	0.70
motorsports	0.70
mush	0.70
narcissist	0.70
navigational	0.70
neolithic	0.70
nestle	0.70
normalization	0.70
nous	0.70
oahu	0.70
obsessing	0.70
oceania	0.70
offends	0.70
ola	0.70
onus	0.70
onyx	0.70
oppa	0.70
osteoporosis	0.70
othello	0.70
outfitted	0.70
outwards	0.70
paco	0.70
palazzo	0.70
panting	0.70
pawns	0.70
peering	0.70
perceptive	0.70
peri	0.70
perpetuating	0.70
phosphorylation	0.70
phuket	0.70
pianos	0.70
picker	0.70
poached	0.70
precautionary	0.70
precipitated	0.70
preside	0.70
primo	0.70
purportedly	0.70
ramona	0.70
rani	0.70
rayon	0.70
recessed	0.70
recklessly	0.70
redefined	0.70
reflux	0.70
regionally	0.70
reinhardt	0.70
reinstatement	0.70
relinquished	0.70
renovating	0.70
retriever	0.70
rigidity	0.70
ringtone	0.70
ritter	0.70
riveting	0.70
ronny	0.70
rosewood	0.70
sable	0.70
sars	0.70
scoops	0.70
scouring	0.70
sedative	0.70
senile	0.70
setter	0.70
sheesh	0.70
sher	0.70
shredding	0.70
shrouded	0.70
shuffled	0.70
sil	0.70
sips	0.70
sky's	0.70
sleigh	0.70
sliders	0.70
sliver	0.70
slush	0.70
smelt	0.70
softness	0.70
solidify	0.70
sora	0.70
sordid	0.70
soundtracks	0.70
soybeans	0.70
sportsmen	0.70
sprawl	0.70
springboard	0.70
squashed	0.70
squatting	0.70
stasis	0.70
stirs	0.70
stonewall	0.70
storied	0.70
streamers	0.70
sultry	0.70
sustenance	0.70
suárez	0.70
swamped	0.70
swivel	0.70
tait	0.70
tearful	0.70
teri	0.70
terminates	0.70
thier	0.70
thrashing	0.70
toolbox	0.70
toying	0.70
transsexual	0.70
tuff	0.70
twitching	0.70
underdeveloped	0.70
undisturbed	0.70
unhelpful	0.70
uninformed	0.70
unkind	0.70
unresponsive	0.70
unscathed	0.70
unsupported	0.70
utd	0.70
utica	0.70
utrecht	0.70
uzi	0.70
vert	0.70
vindicated	0.70
warlock	0.70
waterhouse	0.70
wayside	0.70
whig	0.70
whirlpool	0.70
whiskers	0.70
whitish	0.70
wholesalers	0.70
wickham	0.70
willows	0.70
wishlist	0.70
woulda	0.70
wrexham	0.70
xm	0.70
zealous	0.70
aberration	0.69
ade	0.69
aditya	0.69
ailment	0.69
airstrike	0.69
airwaves	0.69
alerting	0.69
alonzo	0.69
antoinette	0.69
apricot	0.69
arbiter	0.69
arbitrator	0.69
archangel	0.69
armand	0.69
arte	0.69
arundel	0.69
atari	0.69
athleticism	0.69
axles	0.69
babu	0.69
bailing	0.69
baptiste	0.69
baptists	0.69
baritone	0.69
bayley	0.69
bbb	0.69
benefitted	0.69
bestow	0.69
beverley	0.69
bezos	0.69
blistering	0.69
bloodline	0.69
bmx	0.69
booby	0.69
borderlands	0.69
breaching	0.69
brees	0.69
brice	0.69
britton	0.69
brom	0.69
bromley	0.69
broward	0.69
bryn	0.69
bucs	0.69
bull's	0.69
buoyant	0.69
bushy	0.69
bustle	0.69
calculators	0.69
calms	0.69
caloric	0.69
campbell's	0.69
captaincy	0.69
carbide	0.69
carmelo	0.69
carmine	0.69
caved	0.69
caverns	0.69
cca	0.69
cdt	0.69
chairmanship	0.69
chardonnay	0.69
checkmate	0.69
cheerfully	0.69
chou	0.69
clarissa	0.69
clem	0.69
clinician	0.69
clung	0.69
coals	0.69
cobain	0.69
coercive	0.69
collie	0.69
commenters	0.69
commercialization	0.69
conclusively	0.69
conduction	0.69
confided	0.69
conroy	0.69
constellations	0.69
consumerism	0.69
converters	0.69
convinces	0.69
copyrights	0.69
corporation's	0.69
cosmology	0.69
cranston	0.69
criss	0.69
crumbled	0.69
curtail	0.69
daca	0.69
dakar	0.69
daydream	0.69
deafening	0.69
debuting	0.69
dedicating	0.69
detonate	0.69
dined	0.69
disarmed	0.69
disordered	0.69
divorcing	0.69
docker	0.69
docket	0.69
drifts	0.69
dy	0.69
earphones	0.69
edmunds	0.69
electrified	0.69
electrolytes	0.69
enchantment	0.69
endures	0.69
equated	0.69
esteban	0.69
expedited	0.69
experiential	0.69
faceless	0.69
factored	0.69
fascia	0.69
fasten	0.69
fatherland	0.69
fatigued	0.69
feasts	0.69
federalism	0.69
fey	0.69
figuratively	0.69
fizz	0.69
flatten	0.69
flopped	0.69
foiled	0.69
fonda	0.69
forester	0.69
fragility	0.69
frick	0.69
frigid	0.69
gallipoli	0.69
gasket	0.69
gemstone	0.69
ginny	0.69
goaltender	0.69
gonzaga	0.69
goodbyes	0.69
gory	0.69
granola	0.69
graphically	0.69
gre	0.69
groot	0.69
gushing	0.69
habitation	0.69
habs	0.69
hamilton's	0.69
hatchback	0.69
hawley	0.69
heirloom	0.69
hoisted	0.69
homing	0.69
hough	0.69
huntsman	0.69
hustler	0.69
hypothermia	0.69
img	0.69
impatience	0.69
indiscriminately	0.69
inquisitive	0.69
instructive	0.69
instructs	0.69
interlocking	0.69
introspection	0.69
invader	0.69
jaffa	0.69
jamestown	0.69
janata	0.69
jansen	0.69
jeffries	0.69
jocelyn	0.69
kamala	0.69
kari	0.69
kernels	0.69
khrushchev	0.69
kingdom's	0.69
kirsty	0.69
kors	0.69
lagged	0.69
lala	0.69
lancelot	0.69
lard	0.69
leblanc	0.69
leeway	0.69
lehmann	0.69
lexical	0.69
ley	0.69
lille	0.69
lob	0.69
lobsters	0.69
locale	0.69
loosened	0.69
ludlow	0.69
lutz	0.69
mademoiselle	0.69
maia	0.69
manifesting	0.69
martha's	0.69
maserati	0.69
matheson	0.69
mcu	0.69
memos	0.69
mena	0.69
menswear	0.69
meritorious	0.69
methadone	0.69
methanol	0.69
millet	0.69
misogynistic	0.69
misrepresentation	0.69
mistreatment	0.69
mitigated	0.69
moa	0.69
mocha	0.69
mockingbird	0.69
moriarty	0.69
motown	0.69
nagasaki	0.69
name's	0.69
nea	0.69
negate	0.69
networked	0.69
nn	0.69
nomads	0.69
nonsensical	0.69
noor	0.69
noose	0.69
nordstrom	0.69
northrop	0.69
obstructed	0.69
offshoot	0.69
ointment	0.69
onscreen	0.69
onshore	0.69
ori	0.69
orthogonal	0.69
oss	0.69
ottomans	0.69
outnumber	0.69
outposts	0.69
overkill	0.69
overpowering	0.69
ovulation	0.69
pairings	0.69
paladin	0.69
parse	0.69
pegs	0.69
penises	0.69
perpetuated	0.69
petri	0.69
phasing	0.69
phnom	0.69
phrasing	0.69
pledging	0.69
pollination	0.69
pooled	0.69
postpartum	0.69
potions	0.69
pretzel	0.69
profusely	0.69
proletariat	0.69
promulgated	0.69
psu	0.69
puget	0.69
punctuated	0.69
punctured	0.69
punks	0.69
quadratic	0.69
raspberries	0.69
rebekah	0.69
recoup	0.69
rediscovered	0.69
remover	0.69
repelled	0.69
repertory	0.69
replicating	0.69
restructured	0.69
rhett	0.69
riddles	0.69
riga	0.69
roddy	0.69
rohit	0.69
rousing	0.69
roving	0.69
saas	0.69
sagan	0.69
sandman	0.69
sarah's	0.69
sass	0.69
savor	0.69
schofield	0.69
schoolteacher	0.69
schwab	0.69
seattle's	0.69
senatorial	0.69
sexting	0.69
shankar	0.69
shimmer	0.69
shingle	0.69
shoplifting	0.69
simplification	0.69
simulating	0.69
sindh	0.69
sls	0.69
snatching	0.69
snooze	0.69
spasms	0.69
srs	0.69
staked	0.69
stillness	0.69
strikeouts	0.69
structuring	0.69
stupidly	0.69
subculture	0.69
substitutions	0.69
suitor	0.69
suitors	0.69
supposing	0.69
supt	0.69
taint	0.69
tantrums	0.69
tarp	0.69
tarts	0.69
terrell	0.69
thea	0.69
thiago	0.69
thoroughbred	0.69
tiara	0.69
totality	0.69
tranny	0.69
tremors	0.69
tupac	0.69
tyrants	0.69
ugliest	0.69
ugliness	0.69
unaccompanied	0.69
uncontrollably	0.69
underline	0.69
unduly	0.69
unincorporated	0.69
unsatisfied	0.69
venturing	0.69
victors	0.69
vikram	0.69
vimeo	0.69
vindictive	0.69
vinny	0.69
visor	0.69
volta	0.69
walrus	0.69
water's	0.69
wayne's	0.69
weighting	0.69
werewolves	0.69
william's	0.69
withers	0.69
wrongfully	0.69
yanked	0.69
abercrombie	0.68
abhorrent	0.68
accelerates	0.68
acton	0.68
album's	0.68
alder	0.68
allowable	0.68
ame	0.68
amex	0.68
amicable	0.68
amortization	0.68
anaconda	0.68
anaerobic	0.68
anchoring	0.68
ange	0.68
anglers	0.68
aniston	0.68
annihilated	0.68
antisemitic	0.68
antonia	0.68
arg	0.68
asc	0.68
ashford	0.68
ashraf	0.68
atrophy	0.68
aung	0.68
aviator	0.68
avoidable	0.68
ayr	0.68
bales	0.68
baring	0.68
baum	0.68
bebe	0.68
behemoth	0.68
benfica	0.68
bhp	0.68
bib	0.68
bieber's	0.68
blackwood	0.68
blip	0.68
blount	0.68
bolshevik	0.68
bossy	0.68
bottleneck	0.68
bradbury	0.68
brandi	0.68
brenner	0.68
broadest	0.68
buccaneers	0.68
bumble	0.68
cabo	0.68
californians	0.68
callie	0.68
cambrian	0.68
camelot	0.68
camry	0.68
caribou	0.68
carnal	0.68
caro	0.68
carpentry	0.68
cataract	0.68
caterpillars	0.68
caustic	0.68
censoring	0.68
centrifugal	0.68
cfb	0.68
chechnya	0.68
chelmsford	0.68
chimpanzees	0.68
chum	0.68
circadian	0.68
claremont	0.68
clarifies	0.68
cleansed	0.68
clemency	0.68
clots	0.68
codified	0.68
colds	0.68
collab	0.68
confederates	0.68
constables	0.68
constabulary	0.68
cook's	0.68
coordinators	0.68
corinth	0.68
coroner's	0.68
cote	0.68
crumb	0.68
ctr	0.68
cul	0.68
cushing	0.68
dames	0.68
darkly	0.68
davao	0.68
deactivate	0.68
deadlock	0.68
deathbed	0.68
deceitful	0.68
declan	0.68
deduce	0.68
deen	0.68
demented	0.68
denzel	0.68
devonshire	0.68
diddy	0.68
discernible	0.68
discharging	0.68
discourses	0.68
displace	0.68
displeased	0.68
dived	0.68
doge	0.68
dogged	0.68
dosing	0.68
drc	0.68
drury	0.68
duma	0.68
dylan's	0.68
dynasties	0.68
ej	0.68
elated	0.68
elegantly	0.68
ember	0.68
embroiled	0.68
emmys	0.68
encampment	0.68
entitlements	0.68
equalizer	0.68
ergo	0.68
erskine	0.68
erupt	0.68
eugenics	0.68
evading	0.68
evaluates	0.68
evict	0.68
executor	0.68
expended	0.68
extremities	0.68
exuberant	0.68
fables	0.68
facsimile	0.68
fanciful	0.68
faraday	0.68
farting	0.68
feinstein	0.68
felons	0.68
ferrell	0.68
fez	0.68
fha	0.68
fillet	0.68
firmer	0.68
formaldehyde	0.68
fractal	0.68
franck	0.68
frida	0.68
fulfilment	0.68
fumbled	0.68
gaa	0.68
garter	0.68
gbp	0.68
gels	0.68
gentleman's	0.68
gerhard	0.68
gibberish	0.68
gifford	0.68
gifting	0.68
ginsburg	0.68
gleam	0.68
goff	0.68
goode	0.68
gordon's	0.68
goss	0.68
gower	0.68
grandiose	0.68
growling	0.68
guerra	0.68
gummy	0.68
hag	0.68
handel	0.68
harmonica	0.68
hasbro	0.68
headlight	0.68
headsets	0.68
hera	0.68
hobson	0.68
housemate	0.68
hsu	0.68
humphreys	0.68
huston	0.68
icarus	0.68
idiom	0.68
iec	0.68
impersonating	0.68
impossibly	0.68
impressively	0.68
indulged	0.68
inexperience	0.68
inferiority	0.68
infuriated	0.68
inquired	0.68
inquirer	0.68
instilled	0.68
intently	0.68
intents	0.68
intoxicating	0.68
iota	0.68
jaded	0.68
jihadists	0.68
jn	0.68
jovi	0.68
juju	0.68
kaepernick	0.68
kafka	0.68
kate's	0.68
keyes	0.68
koo	0.68
labored	0.68
lambeth	0.68
landslides	0.68
leno	0.68
lightness	0.68
liquidated	0.68
lovell	0.68
lubrication	0.68
lunatics	0.68
lustre	0.68
maddy	0.68
mako	0.68
mandalay	0.68
mauricio	0.68
maxima	0.68
mcclellan	0.68
mcculloch	0.68
mehta	0.68
methamphetamine	0.68
mex	0.68
midas	0.68
mine's	0.68
mobilizing	0.68
modernisation	0.68
modernized	0.68
modi's	0.68
mongol	0.68
mortified	0.68
moshe	0.68
motionless	0.68
mpa	0.68
msn	0.68
mullet	0.68
naga	0.68
natures	0.68
navigable	0.68
negotiators	0.68
niggers	0.68
nikola	0.68
nothingness	0.68
obe	0.68
odors	0.68
offensively	0.68
openers	0.68
orchestras	0.68
ores	0.68
oskar	0.68
ota	0.68
overjoyed	0.68
pacemaker	0.68
pagans	0.68
pallets	0.68
pandering	0.68
panty	0.68
paper's	0.68
paraphernalia	0.68
perl	0.68
pessimism	0.68
pete's	0.68
petrie	0.68
petrochemical	0.68
plums	0.68
polyethylene	0.68
pooch	0.68
pooling	0.68
poppins	0.68
popularized	0.68
posterity	0.68
posthumous	0.68
pounce	0.68
pragmatism	0.68
projectors	0.68
proprietors	0.68
protestantism	0.68
qs	0.68
quan	0.68
quantified	0.68
receding	0.68
recognisable	0.68
recombination	0.68
recounting	0.68
rehabilitated	0.68
rejoicing	0.68
repayments	0.68
reprehensible	0.68
republished	0.68
resentful	0.68
rewatch	0.68
rhonda	0.68
rhubarb	0.68
riverdale	0.68
romanticism	0.68
rutland	0.68
ry	0.68
salesmen	0.68
sapiens	0.68
savers	0.68
scammed	0.68
scathing	0.68
scour	0.68
seagulls	0.68
serviceable	0.68
shanks	0.68
shearer	0.68
shimmering	0.68
shoals	0.68
shredder	0.68
shreveport	0.68
siamese	0.68
sienna	0.68
signifying	0.68
silvia	0.68
simplex	0.68
singaporean	0.68
sith	0.68
smokin	0.68
snorting	0.68
snows	0.68
sociable	0.68
socializing	0.68
soiled	0.68
soundly	0.68
speculations	0.68
sprinkling	0.68
ssi	0.68
standup	0.68
steve's	0.68
stifling	0.68
stl	0.68
strayed	0.68
stunted	0.68
suh	0.68
supremacists	0.68
swastika	0.68
symbolically	0.68
talkative	0.68
talon	0.68
teleport	0.68
tenths	0.68
tes	0.68
thoughtfully	0.68
thr	0.68
thrillers	0.68
thump	0.68
totalled	0.68
trombone	0.68
truer	0.68
tun	0.68
tyrannical	0.68
ug	0.68
underscore	0.68
unlocks	0.68
untill	0.68
unusable	0.68
uprisings	0.68
valdez	0.68
vandals	0.68
varanasi	0.68
vented	0.68
ventilator	0.68
vertebrate	0.68
violets	0.68
waite	0.68
warehousing	0.68
warlords	0.68
watermark	0.68
waverly	0.68
weathering	0.68
webcast	0.68
wellesley	0.68
westport	0.68
wielded	0.68
winona	0.68
yahweh	0.68
yearn	0.68
yolanda	0.68
yonder	0.68
zionists	0.68
δ	0.68
ababa	0.67
abandons	0.67
admires	0.67
affirms	0.67
afghans	0.67
agro	0.67
airtime	0.67
aldi	0.67
alibaba	0.67
alice's	0.67
allocating	0.67
altman	0.67
ano	0.67
antithesis	0.67
arable	0.67
archetype	0.67
argyle	0.67
aristocrats	0.67
arlene	0.67
armin	0.67
arun	0.67
ashby	0.67
assyrian	0.67
ath	0.67
atrial	0.67
auditioning	0.67
avatars	0.67
avenged	0.67
awesomeness	0.67
ayn	0.67
bambi	0.67
bautista	0.67
bengaluru	0.67
bereavement	0.67
bertram	0.67
bikinis	0.67
bionic	0.67
blurring	0.67
boardroom	0.67
bobcats	0.67
bok	0.67
bondi	0.67
bonner	0.67
bottomless	0.67
bpm	0.67
brando	0.67
breakfasts	0.67
bsa	0.67
buena	0.67
bunches	0.67
burundi	0.67
caa	0.67
caddy	0.67
cade	0.67
caledonian	0.67
cautions	0.67
cee	0.67
cellphones	0.67
cetera	0.67
chandigarh	0.67
charted	0.67
chasm	0.67
chevalier	0.67
chimpanzee	0.67
chisel	0.67
choirs	0.67
cinder	0.67
cirque	0.67
citizen's	0.67
coax	0.67
coincidences	0.67
commences	0.67
commenter	0.67
communicator	0.67
complies	0.67
comprehensively	0.67
condor	0.67
confectionery	0.67
confrontations	0.67
contented	0.67
coverings	0.67
crabtree	0.67
crass	0.67
crewe	0.67
cuddles	0.67
cull	0.67
culver	0.67
cymru	0.67
cz	0.67
dac	0.67
deference	0.67
delirium	0.67
deportations	0.67
descartes	0.67
devoting	0.67
diabolical	0.67
dilated	0.67
disarray	0.67
disinformation	0.67
disintegrated	0.67
dismayed	0.67
disregarding	0.67
dolby	0.67
dude's	0.67
ebert	0.67
edwardian	0.67
elector	0.67
eloquently	0.67
emojis	0.67
expendable	0.67
factoring	0.67
falkirk	0.67
falklands	0.67
fantastical	0.67
farmington	0.67
façade	0.67
fennel	0.67
fetching	0.67
fieldwork	0.67
filipina	0.67
firework	0.67
firsts	0.67
flattery	0.67
fleur	0.67
foolishly	0.67
foreseen	0.67
forgives	0.67
forked	0.67
formulating	0.67
fracturing	0.67
freedman	0.67
frisbee	0.67
futility	0.67
gaal	0.67
gabi	0.67
geiger	0.67
geraldine	0.67
grantham	0.67
greenpeace	0.67
gruber	0.67
hamlets	0.67
handover	0.67
hardin	0.67
hedging	0.67
helens	0.67
heroines	0.67
herzog	0.67
hexagonal	0.67
hipsters	0.67
hiro	0.67
hospitable	0.67
hummingbird	0.67
ight	0.67
impactful	0.67
impasse	0.67
impotence	0.67
increment	0.67
incursions	0.67
inescapable	0.67
infecting	0.67
intermediaries	0.67
invertebrates	0.67
ipc	0.67
jama	0.67
jester	0.67
jihadist	0.67
jockeys	0.67
juxtaposition	0.67
kashmiri	0.67
kaya	0.67
kazakh	0.67
keene	0.67
kinect	0.67
kites	0.67
kline	0.67
kofi	0.67
kok	0.67
kong's	0.67
lesnar	0.67
ligue	0.67
likable	0.67
limping	0.67
lineups	0.67
lloyds	0.67
luisa	0.67
luster	0.67
luthor	0.67
madeira	0.67
maduro	0.67
mais	0.67
majoring	0.67
majorities	0.67
marcy	0.67
maris	0.67
maw	0.67
mbc	0.67
mcclure	0.67
mcg	0.67
melatonin	0.67
mesmerizing	0.67
metaphorically	0.67
millwall	0.67
mindanao	0.67
misread	0.67
misrepresented	0.67
mme	0.67
modulated	0.67
mousse	0.67
nai	0.67
naught	0.67
ncr	0.67
necessitated	0.67
nitrous	0.67
northamptonshire	0.67
obstructive	0.67
occupiers	0.67
odell	0.67
odour	0.67
oliver's	0.67
ord	0.67
oreo	0.67
orientated	0.67
oscillation	0.67
oscillator	0.67
outrun	0.67
ov	0.67
overpass	0.67
pampered	0.67
paprika	0.67
patagonia	0.67
pathogenic	0.67
peeking	0.67
persevere	0.67
pfeiffer	0.67
pfft	0.67
piped	0.67
pisces	0.67
plasticity	0.67
playfully	0.67
polymerase	0.67
practicality	0.67
prawns	0.67
precedents	0.67
prerequisites	0.67
pretzels	0.67
proclaims	0.67
procrastination	0.67
profane	0.67
profiting	0.67
prospecting	0.67
prune	0.67
pte	0.67
putative	0.67
pyjamas	0.67
quirks	0.67
racine	0.67
radiate	0.67
raton	0.67
ray's	0.67
reaping	0.67
rectum	0.67
refrigerators	0.67
regressive	0.67
regrettable	0.67
rené	0.67
reprise	0.67
restorative	0.67
rfc	0.67
rhyming	0.67
rigby	0.67
rojo	0.67
rumbling	0.67
salinity	0.67
samsung's	0.67
sandusky	0.67
scolded	0.67
scrooge	0.67
seb	0.67
sena	0.67
serials	0.67
shakira	0.67
shep	0.67
shipyards	0.67
shovels	0.67
silt	0.67
sisterhood	0.67
sketched	0.67
slr	0.67
sma	0.67
smuggler	0.67
snape	0.67
snob	0.67
sodomy	0.67
soe	0.67
soldering	0.67
solubility	0.67
somers	0.67
sonnet	0.67
spacey	0.67
spalding	0.67
spectrometry	0.67
spurious	0.67
stephen's	0.67
strat	0.67
subgroups	0.67
substandard	0.67
sugarcane	0.67
sundown	0.67
suspecting	0.67
swingers	0.67
swiping	0.67
synths	0.67
takeaways	0.67
talker	0.67
talmud	0.67
taunt	0.67
taunts	0.67
tensile	0.67
tether	0.67
thayer	0.67
thundering	0.67
tightness	0.67
tinkering	0.67
todo	0.67
toothless	0.67
trayvon	0.67
troubleshooting	0.67
truffles	0.67
turkmenistan	0.67
turntable	0.67
tuttle	0.67
underdogs	0.67
understandings	0.67
undressed	0.67
unknowns	0.67
uruguayan	0.67
usaid	0.67
utilise	0.67
valhalla	0.67
validating	0.67
vasquez	0.67
vermin	0.67
vertebrates	0.67
vertices	0.67
voltages	0.67
wack	0.67
wardens	0.67
weaves	0.67
weirdos	0.67
wentz	0.67
westinghouse	0.67
what'd	0.67
whirl	0.67
widget	0.67
wineries	0.67
witt	0.67
woodbridge	0.67
workman	0.67
wright's	0.67
x's	0.67
ypg	0.67
zap	0.67
zucchini	0.67
aborigines	0.66
abreast	0.66
absurdly	0.66
abv	0.66
ach	0.66
activision	0.66
adage	0.66
aguilera	0.66
airtight	0.66
albans	0.66
all's	0.66
altruistic	0.66
amalgamated	0.66
amorphous	0.66
annulled	0.66
anthems	0.66
antioxidants	0.66
antlers	0.66
anu	0.66
aquaman	0.66
argh	0.66
armaments	0.66
arroyo	0.66
atms	0.66
audacious	0.66
audubon	0.66
aur	0.66
auth	0.66
balboa	0.66
battleships	0.66
bayesian	0.66
befriended	0.66
beheading	0.66
bff	0.66
blaring	0.66
bolder	0.66
bookies	0.66
boolean	0.66
bourke	0.66
boyer	0.66
brash	0.66
breads	0.66
brookfield	0.66
bumpers	0.66
buoyancy	0.66
burglars	0.66
businesswoman	0.66
buttermilk	0.66
bypassed	0.66
cai	0.66
caledonia	0.66
camila	0.66
campaigners	0.66
canisters	0.66
captioned	0.66
captors	0.66
cassius	0.66
cautionary	0.66
cayenne	0.66
centering	0.66
chef's	0.66
chez	0.66
chimp	0.66
chromatography	0.66
classifying	0.66
cleary	0.66
clitoris	0.66
coincidental	0.66
colliding	0.66
colliery	0.66
consonants	0.66
constituting	0.66
corcoran	0.66
coriander	0.66
couches	0.66
critters	0.66
croc	0.66
crucially	0.66
cruelly	0.66
daleks	0.66
damnation	0.66
darfur	0.66
dave's	0.66
debtors	0.66
debunked	0.66
decorator	0.66
deletes	0.66
delgado	0.66
delirious	0.66
denser	0.66
deo	0.66
dependents	0.66
deriving	0.66
detractors	0.66
dhoni	0.66
didi	0.66
differentiating	0.66
disconcerting	0.66
disingenuous	0.66
dissipate	0.66
dn	0.66
dooley	0.66
doran	0.66
dreamworks	0.66
dressings	0.66
dunedin	0.66
easterly	0.66
edema	0.66
edmonds	0.66
elapsed	0.66
ellsworth	0.66
empowers	0.66
encode	0.66
enrico	0.66
enterprising	0.66
eriksen	0.66
erupts	0.66
ets	0.66
exacting	0.66
expectant	0.66
exponent	0.66
extravaganza	0.66
faisal	0.66
falcao	0.66
falco	0.66
farr	0.66
fcs	0.66
filaments	0.66
findlay	0.66
finishers	0.66
flack	0.66
foaming	0.66
forma	0.66
forman	0.66
freebies	0.66
frye	0.66
fuming	0.66
fung	0.66
galen	0.66
ganesh	0.66
garza	0.66
geriatric	0.66
gleaned	0.66
globalisation	0.66
goddammit	0.66
goddamned	0.66
goodluck	0.66
grasslands	0.66
gray's	0.66
guidebook	0.66
hall's	0.66
halved	0.66
hardline	0.66
haves	0.66
hel	0.66
herding	0.66
hereinafter	0.66
hiked	0.66
hindustan	0.66
hiram	0.66
historia	0.66
hoes	0.66
holman	0.66
honk	0.66
hotspots	0.66
houston's	0.66
hungover	0.66
hur	0.66
hwa	0.66
iam	0.66
importers	0.66
impure	0.66
incheon	0.66
incursion	0.66
inexcusable	0.66
influencer	0.66
inhibitory	0.66
installs	0.66
integrative	0.66
intl	0.66
inuit	0.66
invisibility	0.66
jermaine	0.66
jiu	0.66
keats	0.66
kilmarnock	0.66
kimono	0.66
kmart	0.66
knickers	0.66
kuhn	0.66
langston	0.66
leiden	0.66
lessened	0.66
liege	0.66
lightest	0.66
lightsaber	0.66
limbaugh	0.66
lingers	0.66
lipids	0.66
llama	0.66
looped	0.66
loosening	0.66
loudspeaker	0.66
lowe's	0.66
lynda	0.66
macfarlane	0.66
macron	0.66
marisa	0.66
marketer	0.66
marko	0.66
mascots	0.66
mcfadden	0.66
mcnally	0.66
mcneil	0.66
mcs	0.66
mediators	0.66
minster	0.66
mongering	0.66
monotonous	0.66
morbidity	0.66
motherwell	0.66
multipurpose	0.66
muscat	0.66
muttering	0.66
naturalized	0.66
navel	0.66
neanderthal	0.66
newbies	0.66
nippon	0.66
nitric	0.66
northerly	0.66
o'rourke	0.66
o's	0.66
obsidian	0.66
ocean's	0.66
oe	0.66
overlaps	0.66
paging	0.66
palettes	0.66
parliamentarians	0.66
parnell	0.66
payed	0.66
pda	0.66
penang	0.66
penrith	0.66
pent	0.66
perky	0.66
phishing	0.66
plundered	0.66
pocahontas	0.66
polarizing	0.66
pomp	0.66
popper	0.66
priestess	0.66
prohibitive	0.66
prosecutor's	0.66
psd	0.66
quakers	0.66
quarantined	0.66
quotient	0.66
rac	0.66
rajiv	0.66
raking	0.66
rami	0.66
realtors	0.66
rebelled	0.66
redefining	0.66
redness	0.66
reelected	0.66
resonated	0.66
retelling	0.66
reuniting	0.66
rios	0.66
roh	0.66
romanians	0.66
saba	0.66
sabbatical	0.66
sabotaging	0.66
sachin	0.66
sadder	0.66
sailboat	0.66
salaried	0.66
salmond	0.66
sancho	0.66
sansa	0.66
satan's	0.66
saws	0.66
saxony	0.66
scallops	0.66
scammer	0.66
schubert	0.66
scottie	0.66
searing	0.66
secreted	0.66
sedation	0.66
sexier	0.66
shamelessly	0.66
shih	0.66
shithole	0.66
shivers	0.66
siena	0.66
sleepover	0.66
slingshot	0.66
slurry	0.66
smarts	0.66
sosa	0.66
sown	0.66
spc	0.66
spf	0.66
spitfire	0.66
sprinkles	0.66
src	0.66
stashed	0.66
steampunk	0.66
steed	0.66
stewart's	0.66
stfu	0.66
stints	0.66
store's	0.66
strongholds	0.66
stumped	0.66
stutter	0.66
subspecies	0.66
subvert	0.66
sunburn	0.66
suny	0.66
supplementation	0.66
swerve	0.66
tampered	0.66
tarnished	0.66
taunton	0.66
termites	0.66
testicular	0.66
thompson's	0.66
tiller	0.66
tooling	0.66
topological	0.66
topple	0.66
transcendent	0.66
trapper	0.66
trickery	0.66
triton	0.66
trucker	0.66
truckers	0.66
tulips	0.66
turban	0.66
turner's	0.66
tusk	0.66
ubisoft	0.66
undertakes	0.66
unending	0.66
unforgiving	0.66
uninstall	0.66
unplug	0.66
unproven	0.66
usain	0.66
vac	0.66
valium	0.66
vcr	0.66
ven	0.66
wanker	0.66
watchmen	0.66
wba	0.66
whitfield	0.66
willem	0.66
wl	0.66
wrigley	0.66
xy	0.66
yarmouth	0.66
yolo	0.66
zagreb	0.66
zlatan	0.66
acp	0.65
actor's	0.65
adrienne	0.65
aff	0.65
affixed	0.65
aguilar	0.65
airbags	0.65
albright	0.65
alkali	0.65
allusion	0.65
almeida	0.65
altruism	0.65
ambience	0.65
amphibians	0.65
andover	0.65
annabelle	0.65
anomalous	0.65
anson	0.65
antioxidant	0.65
apk	0.65
armitage	0.65
asos	0.65
assemblage	0.65
astm	0.65
astor	0.65
astounded	0.65
auld	0.65
austrians	0.65
autocorrect	0.65
baht	0.65
barrington	0.65
barry's	0.65
bec	0.65
benito	0.65
bev	0.65
bevan	0.65
birdman	0.65
birthing	0.65
bobs	0.65
boehner	0.65
boggs	0.65
bosh	0.65
boss's	0.65
bowden	0.65
boycotted	0.65
brandenburg	0.65
bride's	0.65
bulgarians	0.65
bureaus	0.65
burritos	0.65
butthole	0.65
campos	0.65
carcasses	0.65
caress	0.65
carolina's	0.65
catchphrase	0.65
censure	0.65
channeled	0.65
charlene	0.65
charlotte's	0.65
chewy	0.65
childlike	0.65
chopin	0.65
cleanest	0.65
cleft	0.65
clump	0.65
cluttered	0.65
cmos	0.65
cnc	0.65
combos	0.65
communicative	0.65
complicating	0.65
conceivably	0.65
concussions	0.65
connotation	0.65
constitutionality	0.65
coughed	0.65
cra	0.65
creeper	0.65
cultivars	0.65
customizable	0.65
cuthbert	0.65
damper	0.65
dc's	0.65
deduced	0.65
deepwater	0.65
deja	0.65
dep	0.65
dependant	0.65
depository	0.65
deuce	0.65
diagonally	0.65
dickie	0.65
disapproved	0.65
disqualify	0.65
dnd	0.65
doh	0.65
dona	0.65
donates	0.65
donegal	0.65
doorways	0.65
doped	0.65
doritos	0.65
dram	0.65
dsp	0.65
earner	0.65
edc	0.65
efl	0.65
electrostatic	0.65
embed	0.65
empathetic	0.65
emulator	0.65
encompassed	0.65
enlisting	0.65
enlistment	0.65
entrant	0.65
envoys	0.65
ephesians	0.65
eraser	0.65
etymology	0.65
evidences	0.65
exasperated	0.65
excalibur	0.65
exorcist	0.65
faceted	0.65
faggots	0.65
fags	0.65
fayette	0.65
federated	0.65
fgm	0.65
fibrous	0.65
fiddling	0.65
fitbit	0.65
fixated	0.65
francisco's	0.65
freya	0.65
friars	0.65
frisco	0.65
galatasaray	0.65
gasped	0.65
gaussian	0.65
gaye	0.65
gdr	0.65
gea	0.65
geeky	0.65
goings	0.65
gove	0.65
gratis	0.65
gratuitous	0.65
gud	0.65
guiana	0.65
haggard	0.65
headings	0.65
headliner	0.65
herod	0.65
home's	0.65
honeycomb	0.65
hooligans	0.65
hopelessness	0.65
horus	0.65
householder	0.65
href	0.65
hubris	0.65
hurrah	0.65
hutchison	0.65
hysterically	0.65
ias	0.65
idealized	0.65
idiosyncratic	0.65
ignatius	0.65
immerse	0.65
immortals	0.65
impassioned	0.65
indemnity	0.65
indira	0.65
installer	0.65
interoperability	0.65
jas	0.65
jitsu	0.65
juliana	0.65
juve	0.65
kampala	0.65
kasich	0.65
katniss	0.65
kelso	0.65
kiddie	0.65
kindest	0.65
labourer	0.65
langford	0.65
lapsed	0.65
lasalle	0.65
latitudes	0.65
lia	0.65
lili	0.65
lilith	0.65
livermore	0.65
lk	0.65
lures	0.65
mackey	0.65
mailer	0.65
malfunctioning	0.65
manfred	0.65
mangled	0.65
marxists	0.65
mausoleum	0.65
mccullough	0.65
melodramatic	0.65
mesopotamia	0.65
messaged	0.65
metallurgy	0.65
misc	0.65
mlk	0.65
mohan	0.65
mugged	0.65
mull	0.65
mushy	0.65
nauru	0.65
nepalese	0.65
newsletters	0.65
nixon's	0.65
novices	0.65
now's	0.65
nsc	0.65
nursed	0.65
ocular	0.65
old's	0.65
ontology	0.65
opm	0.65
oratory	0.65
orbiter	0.65
origami	0.65
orthopaedic	0.65
oust	0.65
ovary	0.65
oxides	0.65
palma	0.65
paradoxically	0.65
pcp	0.65
pena	0.65
perceives	0.65
petro	0.65
pewdiepie	0.65
phipps	0.65
picturing	0.65
pituitary	0.65
plumage	0.65
poachers	0.65
poof	0.65
possum	0.65
potted	0.65
premeditated	0.65
preset	0.65
profess	0.65
proportionally	0.65
purging	0.65
raiser	0.65
randle	0.65
ratify	0.65
rbc	0.65
rearranged	0.65
reassigned	0.65
recast	0.65
recombinant	0.65
refreshment	0.65
rehearse	0.65
remakes	0.65
repellent	0.65
reproach	0.65
repurchase	0.65
rescuers	0.65
resins	0.65
retractable	0.65
retroactively	0.65
retweeted	0.65
reunions	0.65
ronda	0.65
rosberg	0.65
runny	0.65
ruskin	0.65
rwandan	0.65
saad	0.65
saddled	0.65
saith	0.65
sander	0.65
sarcastically	0.65
scepticism	0.65
scorecard	0.65
scrutinized	0.65
scumbags	0.65
seabed	0.65
seamen	0.65
sed	0.65
senna	0.65
seok	0.65
serenade	0.65
shazam	0.65
sideshow	0.65
silos	0.65
simba	0.65
skimmed	0.65
skirmishes	0.65
slaughterhouse	0.65
slideshow	0.65
smurfs	0.65
sociologists	0.65
sonja	0.65
sparrows	0.65
speculators	0.65
splurge	0.65
spotty	0.65
springing	0.65
stabilizer	0.65
stereotyping	0.65
stimulants	0.65
struts	0.65
subconsciously	0.65
sufferer	0.65
suppressor	0.65
sycamore	0.65
synthesize	0.65
tabled	0.65
tacit	0.65
taggart	0.65
takeout	0.65
tangerine	0.65
taro	0.65
teeming	0.65
terrors	0.65
tethered	0.65
thefts	0.65
thrusting	0.65
tilly	0.65
tonnage	0.65
torrents	0.65
totes	0.65
tut	0.65
typhoid	0.65
tyrell	0.65
ub	0.65
ucf	0.65
unclaimed	0.65
underwhelming	0.65
unofficially	0.65
unopened	0.65
untapped	0.65
upholstery	0.65
valle	0.65
vehicle's	0.65
veracity	0.65
verifiable	0.65
vide	0.65
viscous	0.65
vitally	0.65
vixen	0.65
wank	0.65
waugh	0.65
waverley	0.65
wbc	0.65
weil	0.65
whatcha	0.65
whims	0.65
whitey	0.65
wilshere	0.65
windfall	0.65
woolwich	0.65
workday	0.65
wreak	0.65
wta	0.65
xviii	0.65
yap	0.65
yous	0.65
zayn	0.65
abbie	0.64
ablaze	0.64
adriatic	0.64
aegean	0.64
aerodynamics	0.64
agra	0.64
ahhhh	0.64
amiss	0.64
amphetamine	0.64
amputated	0.64
amr	0.64
anaesthetic	0.64
analogies	0.64
andy's	0.64
animal's	0.64
animator	0.64
anno	0.64
antidepressant	0.64
aqueduct	0.64
archeological	0.64
aruba	0.64
assed	0.64
assesses	0.64
attributing	0.64
audiovisual	0.64
authenticated	0.64
awry	0.64
barnaby	0.64
barrymore	0.64
bask	0.64
befriend	0.64
bellingham	0.64
belo	0.64
bilbao	0.64
blake's	0.64
bobbi	0.64
bogart	0.64
bragged	0.64
brainwashing	0.64
breen	0.64
bribing	0.64
bristles	0.64
broome	0.64
bueno	0.64
busier	0.64
caesar's	0.64
camino	0.64
captained	0.64
centralised	0.64
chilton	0.64
chiropractic	0.64
chopsticks	0.64
chp	0.64
citizenry	0.64
claudius	0.64
clumps	0.64
cocked	0.64
colloquial	0.64
combed	0.64
commas	0.64
confidant	0.64
config	0.64
confiscate	0.64
consecutively	0.64
controllable	0.64
conversing	0.64
cooley	0.64
coolidge	0.64
copped	0.64
cornea	0.64
cramer	0.64
crichton	0.64
crumpled	0.64
cuter	0.64
daimler	0.64
dcs	0.64
decompression	0.64
deflation	0.64
demeaning	0.64
dengue	0.64
denials	0.64
denominational	0.64
dermatology	0.64
detachable	0.64
deterministic	0.64
deux	0.64
devotee	0.64
dictating	0.64
diggers	0.64
dimes	0.64
directv	0.64
disfigured	0.64
disguises	0.64
disprove	0.64
disrespected	0.64
divulge	0.64
docile	0.64
doctrinal	0.64
dogmatic	0.64
dominica	0.64
doubleday	0.64
downton	0.64
droves	0.64
drunks	0.64
dryness	0.64
duterte	0.64
dyeing	0.64
eases	0.64
echelon	0.64
edifice	0.64
edu	0.64
ehh	0.64
ela	0.64
embossed	0.64
emt	0.64
encircled	0.64
endpoint	0.64
englewood	0.64
enid	0.64
entailed	0.64
ethyl	0.64
evanston	0.64
everglades	0.64
excels	0.64
expatriate	0.64
expats	0.64
expertly	0.64
facelift	0.64
fairway	0.64
fanboy	0.64
fao	0.64
farrow	0.64
fawcett	0.64
felton	0.64
fireplaces	0.64
fishers	0.64
fitzroy	0.64
flamenco	0.64
floored	0.64
flustered	0.64
follicles	0.64
folsom	0.64
formalities	0.64
franciscan	0.64
friendliness	0.64
gael	0.64
gagging	0.64
galloping	0.64
gaseous	0.64
geller	0.64
gio	0.64
gita	0.64
glows	0.64
goulding	0.64
gradients	0.64
grads	0.64
grits	0.64
groans	0.64
grosvenor	0.64
grueling	0.64
guardianship	0.64
gulp	0.64
gv	0.64
gypsum	0.64
hangin	0.64
hao	0.64
harbaugh	0.64
harbours	0.64
hasten	0.64
hauser	0.64
heady	0.64
healers	0.64
herbie	0.64
hindering	0.64
hiroshi	0.64
hmmmm	0.64
homesick	0.64
homme	0.64
hos	0.64
hotly	0.64
huber	0.64
humanly	0.64
hurd	0.64
husbandry	0.64
hushed	0.64
hyperbole	0.64
hypothetically	0.64
ibuprofen	0.64
identifiers	0.64
idly	0.64
imho	0.64
immigrated	0.64
immobile	0.64
impair	0.64
indycar	0.64
ipcc	0.64
irradiated	0.64
isaacs	0.64
jacob's	0.64
jerked	0.64
jpg	0.64
jugs	0.64
karla	0.64
kharkiv	0.64
kinetics	0.64
kipling	0.64
knapp	0.64
lawler	0.64
layla	0.64
layman	0.64
layton	0.64
layup	0.64
leona	0.64
libra	0.64
library's	0.64
lifes	0.64
line's	0.64
luciano	0.64
macabre	0.64
macaulay	0.64
mackie	0.64
mackintosh	0.64
magdalene	0.64
magnification	0.64
maki	0.64
manziel	0.64
marshall's	0.64
mbe	0.64
mcdaniel	0.64
medicated	0.64
memento	0.64
midwifery	0.64
milieu	0.64
mistresses	0.64
miz	0.64
mms	0.64
modus	0.64
monsignor	0.64
moonshine	0.64
msa	0.64
msi	0.64
multitasking	0.64
mutt	0.64
myocardial	0.64
mysore	0.64
nachos	0.64
nani	0.64
nao	0.64
narnia	0.64
naturalistic	0.64
nepotism	0.64
ngl	0.64
normality	0.64
oblong	0.64
olly	0.64
ooooh	0.64
operatic	0.64
ophthalmology	0.64
oppenheimer	0.64
orca	0.64
osage	0.64
osman	0.64
overcomes	0.64
overseer	0.64
overstated	0.64
paddling	0.64
painstaking	0.64
pall	0.64
panelists	0.64
panzer	0.64
parodies	0.64
patchy	0.64
paychecks	0.64
pecan	0.64
penh	0.64
perceptual	0.64
pereira	0.64
photoshoot	0.64
pimples	0.64
pings	0.64
pinocchio	0.64
pips	0.64
pique	0.64
plo	0.64
plowed	0.64
politeness	0.64
pomegranate	0.64
ponzi	0.64
porters	0.64
potholes	0.64
ppi	0.64
pregame	0.64
promiscuous	0.64
proudest	0.64
psychopaths	0.64
pugh	0.64
punta	0.64
pusher	0.64
quixote	0.64
rangoon	0.64
raza	0.64
rbis	0.64
reagan's	0.64
rebranded	0.64
refueling	0.64
reprimanded	0.64
reproductions	0.64
resell	0.64
reserving	0.64
resuscitation	0.64
revocation	0.64
richland	0.64
roadblocks	0.64
rosalind	0.64
russell's	0.64
rusted	0.64
sacraments	0.64
sagging	0.64
sant	0.64
santa's	0.64
sardines	0.64
sardinia	0.64
scalable	0.64
scalar	0.64
scalia	0.64
schaefer	0.64
schoolchildren	0.64
schwarz	0.64
scrapbook	0.64
selby	0.64
selectors	0.64
semiconductors	0.64
sensibly	0.64
sensitivities	0.64
separator	0.64
sequestration	0.64
sheraton	0.64
shoal	0.64
sigmund	0.64
sledgehammer	0.64
sleeved	0.64
smartly	0.64
smite	0.64
smt	0.64
sniping	0.64
socal	0.64
solicited	0.64
somatic	0.64
southside	0.64
splendour	0.64
ssl	0.64
stearns	0.64
steeply	0.64
stingray	0.64
stonehenge	0.64
storm's	0.64
straightening	0.64
subcontinent	0.64
subsets	0.64
subsidize	0.64
substation	0.64
sufferings	0.64
swarms	0.64
symbiotic	0.64
tantamount	0.64
target's	0.64
tasha	0.64
teaspoons	0.64
tetris	0.64
therese	0.64
thereto	0.64
thermodynamic	0.64
thoreau	0.64
thorny	0.64
thurman	0.64
tickling	0.64
tortillas	0.64
tosses	0.64
traversed	0.64
trifle	0.64
trixie	0.64
twine	0.64
twink	0.64
tyler's	0.64
uav	0.64
uci	0.64
unfulfilled	0.64
unjustly	0.64
unoccupied	0.64
venous	0.64
ventricular	0.64
viciously	0.64
videogame	0.64
vincenzo	0.64
vindication	0.64
vinnie	0.64
violins	0.64
vishnu	0.64
vive	0.64
voila	0.64
voip	0.64
wadsworth	0.64
watercolour	0.64
wedded	0.64
weymouth	0.64
whelan	0.64
whiter	0.64
wickedness	0.64
wilshire	0.64
woodson	0.64
worksheet	0.64
wrappers	0.64
wylie	0.64
wyndham	0.64
xxi	0.64
xxiii	0.64
yarns	0.64
abysmal	0.63
addams	0.63
adores	0.63
aman	0.63
amar	0.63
angelou	0.63
antigens	0.63
aorta	0.63
apostasy	0.63
aram	0.63
argyll	0.63
artistically	0.63
ascii	0.63
asda	0.63
ashram	0.63
attentions	0.63
aust	0.63
avocados	0.63
aya	0.63
ayatollah	0.63
baa	0.63
batista	0.63
battlefields	0.63
beowulf	0.63
beret	0.63
bharatiya	0.63
bleu	0.63
bloomsbury	0.63
bogey	0.63
bol	0.63
bolsheviks	0.63
bookshelf	0.63
boron	0.63
bpa	0.63
brainstorming	0.63
brigitte	0.63
bronchitis	0.63
brotherly	0.63
buffering	0.63
bugle	0.63
bumblebee	0.63
burch	0.63
buren	0.63
busters	0.63
butters	0.63
buxton	0.63
c's	0.63
caf	0.63
callaghan	0.63
calum	0.63
canvases	0.63
capone	0.63
carboniferous	0.63
casings	0.63
catchers	0.63
catechism	0.63
categorize	0.63
cathedrals	0.63
causality	0.63
cern	0.63
cesare	0.63
chandeliers	0.63
chaney	0.63
chatty	0.63
chokes	0.63
christened	0.63
chug	0.63
churchyard	0.63
clapper	0.63
clarion	0.63
coffers	0.63
cognac	0.63
cole's	0.63
colette	0.63
combatant	0.63
commie	0.63
compels	0.63
compilations	0.63
concealer	0.63
concealment	0.63
concentric	0.63
conceptually	0.63
confine	0.63
congregate	0.63
congresswoman	0.63
constructor	0.63
coolers	0.63
copycat	0.63
corroborate	0.63
corroborated	0.63
coulda	0.63
cred	0.63
cur	0.63
curd	0.63
cursory	0.63
dangle	0.63
daniela	0.63
dario	0.63
ddos	0.63
dearth	0.63
delilah	0.63
delinquency	0.63
denominated	0.63
deutschland	0.63
dez	0.63
dick's	0.63
disservice	0.63
distaste	0.63
dost	0.63
dribbling	0.63
dryden	0.63
durango	0.63
dwindled	0.63
edie	0.63
een	0.63
ejaculation	0.63
enveloped	0.63
environmentalist	0.63
epileptic	0.63
erasure	0.63
errol	0.63
este	0.63
euphemism	0.63
exacerbate	0.63
exemplifies	0.63
exonerated	0.63
exquisitely	0.63
extinguisher	0.63
facilitation	0.63
falsehood	0.63
falsified	0.63
fantasia	0.63
favourably	0.63
fellaini	0.63
fertilized	0.63
firefighting	0.63
firestorm	0.63
flange	0.63
flaunt	0.63
flawlessly	0.63
flier	0.63
flinch	0.63
florentine	0.63
fontana	0.63
force's	0.63
forefathers	0.63
frankel	0.63
freehold	0.63
freeport	0.63
frisk	0.63
fta	0.63
fulfills	0.63
fundamentalism	0.63
gables	0.63
gabon	0.63
gad	0.63
galapagos	0.63
ganges	0.63
garmin	0.63
gasps	0.63
gaz	0.63
girth	0.63
goalscorer	0.63
godmother	0.63
goodell	0.63
gothenburg	0.63
governorship	0.63
graf	0.63
grunts	0.63
guadalupe	0.63
guatemalan	0.63
guillaume	0.63
guzman	0.63
hallmarks	0.63
haq	0.63
hardwick	0.63
harrogate	0.63
hellish	0.63
hemoglobin	0.63
hermitage	0.63
heyman	0.63
hierarchies	0.63
histoire	0.63
honeywell	0.63
hooves	0.63
hourglass	0.63
hungarians	0.63
hygienic	0.63
idiocy	0.63
imitated	0.63
impersonal	0.63
impregnated	0.63
incontinence	0.63
ine	0.63
inhaler	0.63
injures	0.63
intersex	0.63
intricacies	0.63
ironed	0.63
jacuzzi	0.63
kenya's	0.63
kohler	0.63
lacquer	0.63
lakeland	0.63
laments	0.63
langer	0.63
lapses	0.63
lbj	0.63
ldl	0.63
levelling	0.63
linemen	0.63
lipsticks	0.63
liquefied	0.63
livestream	0.63
loaves	0.63
macgregor	0.63
madhya	0.63
maidens	0.63
malevolent	0.63
manchuria	0.63
mano	0.63
martyred	0.63
masterclass	0.63
matchups	0.63
mated	0.63
matrimony	0.63
matures	0.63
mechanized	0.63
mending	0.63
mercilessly	0.63
meteorologist	0.63
microprocessor	0.63
midweek	0.63
minefield	0.63
minogue	0.63
misha	0.63
mogadishu	0.63
mombasa	0.63
monash	0.63
monika	0.63
mta	0.63
murmur	0.63
murray's	0.63
musings	0.63
nair	0.63
napoleonic	0.63
narrating	0.63
necrosis	0.63
ning	0.63
niro	0.63
notches	0.63
nou	0.63
nth	0.63
o'shea	0.63
onerous	0.63
onsite	0.63
orientations	0.63
outsource	0.63
overtones	0.63
pained	0.63
paradigms	0.63
pardons	0.63
patching	0.63
pcc	0.63
peeping	0.63
pembrokeshire	0.63
peralta	0.63
permeability	0.63
pershing	0.63
pharmacological	0.63
plano	0.63
playmaker	0.63
plumb	0.63
plumes	0.63
plunger	0.63
pokes	0.63
porta	0.63
posey	0.63
presto	0.63
priestly	0.63
printable	0.63
priya	0.63
procuring	0.63
prodigal	0.63
prodigious	0.63
propellant	0.63
province's	0.63
pulley	0.63
qualms	0.63
raaf	0.63
raccoons	0.63
raju	0.63
reappeared	0.63
recaptured	0.63
rechargeable	0.63
recluse	0.63
rectified	0.63
refinance	0.63
reformist	0.63
refresher	0.63
relaxes	0.63
remodel	0.63
replaceable	0.63
reschedule	0.63
restarting	0.63
retroactive	0.63
reverb	0.63
revisionist	0.63
ribbed	0.63
robs	0.63
rodman	0.63
rohingya	0.63
rome's	0.63
sabotaged	0.63
sages	0.63
sandoval	0.63
sarkar	0.63
saskatoon	0.63
satoshi	0.63
schoolhouse	0.63
seashore	0.63
seclusion	0.63
selenium	0.63
setups	0.63
sewell	0.63
shuttles	0.63
side's	0.63
signatory	0.63
silverstone	0.63
sinha	0.63
siphon	0.63
skelton	0.63
slasher	0.63
slimming	0.63
slovenian	0.63
snagged	0.63
soulmate	0.63
spangled	0.63
spiteful	0.63
splashes	0.63
sporadically	0.63
stefani	0.63
stifled	0.63
stinger	0.63
stipulation	0.63
stowe	0.63
stubbornly	0.63
subtropical	0.63
sulfide	0.63
summation	0.63
superimposed	0.63
surfacing	0.63
swift's	0.63
tableau	0.63
taming	0.63
taxa	0.63
tbf	0.63
tebow	0.63
techs	0.63
tiredness	0.63
toi	0.63
toppled	0.63
trajectories	0.63
transgressions	0.63
transylvania	0.63
trotter	0.63
truest	0.63
tse	0.63
ufos	0.63
underpants	0.63
underprivileged	0.63
underscores	0.63
unhcr	0.63
unimpressed	0.63
unit's	0.63
unreasonably	0.63
unrelenting	0.63
unsupervised	0.63
vassal	0.63
vegetative	0.63
velcro	0.63
verne	0.63
video's	0.63
vying	0.63
wabash	0.63
walla	0.63
waltham	0.63
warranties	0.63
washburn	0.63
washers	0.63
weimar	0.63
weirdness	0.63
werent	0.63
westgate	0.63
wheatley	0.63
wheelchairs	0.63
wie	0.63
wiseman	0.63
withered	0.63
woefully	0.63
workmen	0.63
wrangler	0.63
yds	0.63
yeats	0.63
yonkers	0.63
yunnan	0.63
zidane	0.63
ziggy	0.63
ü	0.63
σ	0.63
aberdeenshire	0.62
abrasion	0.62
accrue	0.62
ackerman	0.62
acumen	0.62
admirably	0.62
alford	0.62
allele	0.62
alumnus	0.62
amon	0.62
amore	0.62
andean	0.62
angers	0.62
anniversaries	0.62
aphrodite	0.62
applauding	0.62
applicability	0.62
approachable	0.62
aragon	0.62
arm's	0.62
armagh	0.62
asexual	0.62
atlético	0.62
auditioned	0.62
automata	0.62
babel	0.62
balding	0.62
ballon	0.62
banding	0.62
bannister	0.62
bellies	0.62
bernice	0.62
beryl	0.62
blackbird	0.62
bleachers	0.62
bluebird	0.62
blunders	0.62
boe	0.62
boop	0.62
brats	0.62
breech	0.62
breezes	0.62
buttery	0.62
cadbury	0.62
cafés	0.62
caliph	0.62
calle	0.62
cameos	0.62
carta	0.62
celiac	0.62
celibacy	0.62
cersei	0.62
chancery	0.62
chappell	0.62
characterizes	0.62
chief's	0.62
chiu	0.62
choppy	0.62
chromatic	0.62
chronologically	0.62
chump	0.62
clamping	0.62
clashing	0.62
clenched	0.62
clogging	0.62
clove	0.62
columbine	0.62
commemorated	0.62
comte	0.62
converged	0.62
cordelia	0.62
countenance	0.62
crackling	0.62
crawls	0.62
creighton	0.62
crouching	0.62
crowder	0.62
cryptography	0.62
cysts	0.62
dali	0.62
damping	0.62
dapper	0.62
deathly	0.62
deere	0.62
defection	0.62
delightfully	0.62
dermatitis	0.62
desiring	0.62
determinants	0.62
devaluation	0.62
dictatorial	0.62
digitized	0.62
disinterested	0.62
dispensaries	0.62
disrespecting	0.62
dissected	0.62
dist	0.62
diversions	0.62
diwali	0.62
doreen	0.62
dota	0.62
downplay	0.62
drake's	0.62
drapes	0.62
dss	0.62
dunkin	0.62
dynamical	0.62
edi	0.62
electra	0.62
elicited	0.62
eluded	0.62
ema	0.62
encapsulated	0.62
eno	0.62
enquire	0.62
ensue	0.62
environs	0.62
epics	0.62
errant	0.62
esophagus	0.62
estelle	0.62
etfs	0.62
ethylene	0.62
eunice	0.62
evaded	0.62
evie	0.62
exterminate	0.62
eyewitnesses	0.62
fai	0.62
fairchild	0.62
falmouth	0.62
faze	0.62
fbs	0.62
fdi	0.62
fergie	0.62
figaro	0.62
finney	0.62
fisa	0.62
flatly	0.62
flicked	0.62
flocked	0.62
fluently	0.62
forsake	0.62
fusing	0.62
gallen	0.62
gamestop	0.62
gasol	0.62
gatwick	0.62
gecko	0.62
generalize	0.62
gervais	0.62
gianni	0.62
gila	0.62
giraffes	0.62
gondola	0.62
grained	0.62
grandmaster	0.62
grenoble	0.62
grills	0.62
grudges	0.62
guacamole	0.62
hagan	0.62
hammersmith	0.62
hamptons	0.62
handcrafted	0.62
harbinger	0.62
harnessed	0.62
harvests	0.62
headshot	0.62
heartily	0.62
heb	0.62
helplessness	0.62
helpline	0.62
henchman	0.62
hiccup	0.62
hoffmann	0.62
hurl	0.62
hydroxide	0.62
ied	0.62
iit	0.62
iliad	0.62
ilk	0.62
imbued	0.62
impartiality	0.62
incessantly	0.62
inertial	0.62
intentioned	0.62
introvert	0.62
invades	0.62
invocation	0.62
involuntarily	0.62
iroquois	0.62
irreparable	0.62
issuers	0.62
ivanka	0.62
iz	0.62
jer	0.62
jimenez	0.62
journeyman	0.62
kandahar	0.62
khloe	0.62
kitchener	0.62
kobayashi	0.62
korra	0.62
kpa	0.62
kuwaiti	0.62
kwan	0.62
lactic	0.62
laing	0.62
lanarkshire	0.62
larval	0.62
laterally	0.62
lathe	0.62
lawlessness	0.62
lcs	0.62
leela	0.62
leonid	0.62
leopards	0.62
liberally	0.62
lonnie	0.62
lopsided	0.62
lowlands	0.62
lunacy	0.62
magi	0.62
malia	0.62
malloy	0.62
mancini	0.62
mantel	0.62
marcello	0.62
matchday	0.62
mayday	0.62
mcafee	0.62
mcdonough	0.62
meier	0.62
melons	0.62
melton	0.62
mem	0.62
merges	0.62
meteors	0.62
methylation	0.62
micky	0.62
milligan	0.62
misinformed	0.62
mitchell's	0.62
morphed	0.62
mumble	0.62
mummies	0.62
musketeers	0.62
nad	0.62
newmarket	0.62
nie	0.62
nonpartisan	0.62
norwalk	0.62
noxious	0.62
nucleic	0.62
oaths	0.62
ocs	0.62
octagon	0.62
offsets	0.62
oligarchs	0.62
opulent	0.62
ordinate	0.62
organist	0.62
oro	0.62
outed	0.62
outstretched	0.62
overbearing	0.62
patting	0.62
pectoral	0.62
percival	0.62
perplexing	0.62
personified	0.62
petr	0.62
plummeted	0.62
podesta	0.62
polaroid	0.62
preexisting	0.62
prepped	0.62
primrose	0.62
prohibitions	0.62
psyched	0.62
puddles	0.62
pulsating	0.62
pungent	0.62
putter	0.62
qatari	0.62
rachel's	0.62
radioactivity	0.62
ranches	0.62
raquel	0.62
recessive	0.62
reclining	0.62
redford	0.62
reeve	0.62
refinancing	0.62
relativistic	0.62
relaunch	0.62
reloaded	0.62
remand	0.62
replete	0.62
repugnant	0.62
ringed	0.62
rmb	0.62
roaches	0.62
roamed	0.62
roars	0.62
rotc	0.62
rote	0.62
rotors	0.62
rudeness	0.62
ruffled	0.62
saa	0.62
sabah	0.62
salinas	0.62
salomon	0.62
sandal	0.62
sandro	0.62
santi	0.62
scat	0.62
scissor	0.62
seaport	0.62
sellout	0.62
seminole	0.62
serra	0.62
setlist	0.62
seychelles	0.62
shakers	0.62
shang	0.62
sharpest	0.62
shepherd's	0.62
simulators	0.62
sixes	0.62
skilful	0.62
snot	0.62
sodas	0.62
spilt	0.62
spineless	0.62
spirals	0.62
stairwell	0.62
stalwart	0.62
standardised	0.62
stapleton	0.62
starfleet	0.62
steeper	0.62
stomped	0.62
stooges	0.62
streisand	0.62
subtraction	0.62
sufi	0.62
summing	0.62
sutra	0.62
swiped	0.62
sybil	0.62
synagogues	0.62
tartan	0.62
taut	0.62
teapot	0.62
telephoned	0.62
theorems	0.62
therefor	0.62
thoroughfare	0.62
threading	0.62
traversing	0.62
treehouse	0.62
tribeca	0.62
tripadvisor	0.62
triumphed	0.62
tuner	0.62
ukraine's	0.62
underrepresented	0.62
undervalued	0.62
undying	0.62
unequivocal	0.62
uneventful	0.62
unfathomable	0.62
ungodly	0.62
unprofitable	0.62
unreported	0.62
unsung	0.62
usa's	0.62
vaginas	0.62
valour	0.62
vanquished	0.62
velocities	0.62
vern	0.62
vf	0.62
warburton	0.62
waterman	0.62
weinberg	0.62
wetter	0.62
whittier	0.62
windscreen	0.62
wonka	0.62
woodhouse	0.62
wormhole	0.62
wray	0.62
yellows	0.62
youngstown	0.62
zanzibar	0.62
zola	0.62
zooming	0.62
abram	0.61
accented	0.61
adonis	0.61
aggrieved	0.61
albatross	0.61
alina	0.61
allusions	0.61
amal	0.61
androids	0.61
anglesey	0.61
annabel	0.61
antivirus	0.61
aquifer	0.61
arduino	0.61
armando	0.61
arouse	0.61
arranges	0.61
assemblyman	0.61
autocratic	0.61
autographed	0.61
avis	0.61
ayres	0.61
baez	0.61
bak	0.61
bakeries	0.61
bakr	0.61
ballarat	0.61
baller	0.61
banff	0.61
basements	0.61
bene	0.61
bereaved	0.61
bes	0.61
bfa	0.61
bigelow	0.61
bindings	0.61
bjorn	0.61
blackouts	0.61
blossomed	0.61
blossoming	0.61
blowers	0.61
bogota	0.61
boldness	0.61
bolstered	0.61
bookseller	0.61
borrows	0.61
brahms	0.61
brampton	0.61
brant	0.61
breakage	0.61
brianna	0.61
budweiser	0.61
calc	0.61
candidate's	0.61
capitulation	0.61
cardiologist	0.61
carelessly	0.61
carotid	0.61
catania	0.61
cath	0.61
caulfield	0.61
channel's	0.61
chaplains	0.61
charade	0.61
chimps	0.61
chinook	0.61
christoph	0.61
cme	0.61
coconuts	0.61
coed	0.61
coexistence	0.61
cohen's	0.61
coiled	0.61
coimbatore	0.61
compatriots	0.61
concourse	0.61
confide	0.61
converging	0.61
corning	0.61
countryman	0.61
cpt	0.61
cpus	0.61
cramping	0.61
craved	0.61
craves	0.61
crs	0.61
crutch	0.61
cupboards	0.61
cursive	0.61
cutout	0.61
daisies	0.61
dandelion	0.61
ddt	0.61
deafness	0.61
decals	0.61
declassified	0.61
deflated	0.61
defoe	0.61
dekker	0.61
demonstrator	0.61
denoting	0.61
destruct	0.61
determinant	0.61
deterred	0.61
devonian	0.61
devouring	0.61
dias	0.61
disagreeing	0.61
disenfranchised	0.61
disengage	0.61
disoriented	0.61
displacing	0.61
dissect	0.61
dmitri	0.61
domino's	0.61
dowd	0.61
drm	0.61
drywall	0.61
dsc	0.61
duggan	0.61
eagerness	0.61
elba	0.61
elliptic	0.61
emitter	0.61
emporium	0.61
empties	0.61
endo	0.61
epicenter	0.61
epidural	0.61
epistle	0.61
equating	0.61
erstwhile	0.61
espoused	0.61
everyones	0.61
exertion	0.61
expend	0.61
facilitator	0.61
familia	0.61
fanfic	0.61
fathered	0.61
ferocity	0.61
flagstaff	0.61
fluidity	0.61
follies	0.61
fortify	0.61
fouling	0.61
frazer	0.61
frills	0.61
frodo	0.61
fsb	0.61
gabriella	0.61
gagged	0.61
galactica	0.61
ganga	0.61
garret	0.61
gartner	0.61
gaunt	0.61
gilchrist	0.61
gilman	0.61
gms	0.61
gop's	0.61
grapevine	0.61
grinds	0.61
groaning	0.61
grotto	0.61
groundhog	0.61
gsa	0.61
guerilla	0.61
gwent	0.61
habeas	0.61
hain	0.61
hairless	0.61
hamm	0.61
healey	0.61
heave	0.61
hellfire	0.61
highlander	0.61
hilt	0.61
hinterland	0.61
hoh	0.61
holliday	0.61
homely	0.61
humphries	0.61
ibs	0.61
idlib	0.61
ignacio	0.61
inbred	0.61
incase	0.61
inclusions	0.61
indescribable	0.61
indoctrination	0.61
inductive	0.61
inevitability	0.61
infatuated	0.61
infatuation	0.61
infighting	0.61
infra	0.61
infraction	0.61
inhabiting	0.61
inkling	0.61
innuendo	0.61
insecticide	0.61
instantaneously	0.61
interchangeably	0.61
interfaith	0.61
interrogate	0.61
introspective	0.61
itu	0.61
javelin	0.61
jenn	0.61
joplin	0.61
juanita	0.61
juarez	0.61
judea	0.61
kazan	0.61
ketamine	0.61
kinney	0.61
klay	0.61
klingon	0.61
knoll	0.61
kurtz	0.61
laila	0.61
landlady	0.61
larceny	0.61
lavatory	0.61
leanings	0.61
leavenworth	0.61
leo's	0.61
ligands	0.61
lingered	0.61
linings	0.61
loa	0.61
locales	0.61
lourdes	0.61
lucio	0.61
luffy	0.61
luminosity	0.61
luo	0.61
lw	0.61
magpie	0.61
maoist	0.61
masjid	0.61
massimo	0.61
materialized	0.61
matrimonial	0.61
maul	0.61
mayne	0.61
mcknight	0.61
meandering	0.61
melbourne's	0.61
mendez	0.61
menstruation	0.61
messianic	0.61
metering	0.61
michaela	0.61
minimalism	0.61
misgivings	0.61
misogynist	0.61
modalities	0.61
motels	0.61
motivator	0.61
mts	0.61
mulch	0.61
musket	0.61
nader	0.61
nance	0.61
navi	0.61
needn't	0.61
nestor	0.61
nether	0.61
neuer	0.61
newton's	0.61
ngc	0.61
nintendo's	0.61
nourish	0.61
nuh	0.61
numbing	0.61
nutritionist	0.61
oat	0.61
obscenity	0.61
obsess	0.61
ohhhh	0.61
onlookers	0.61
orator	0.61
oscillations	0.61
outweighed	0.61
ove	0.61
overhauled	0.61
overpaid	0.61
oxen	0.61
palais	0.61
palmerston	0.61
papyrus	0.61
patrolled	0.61
patties	0.61
pemberton	0.61
pennington	0.61
perpetuity	0.61
philipp	0.61
philo	0.61
phineas	0.61
pho	0.61
platelet	0.61
pliers	0.61
pluralism	0.61
polynesian	0.61
pooja	0.61
portability	0.61
posturing	0.61
pouches	0.61
power's	0.61
pq	0.61
predation	0.61
preheat	0.61
prev	0.61
pringle	0.61
procter	0.61
pronouncing	0.61
propagating	0.61
prospered	0.61
protectorate	0.61
psychopathic	0.61
puffed	0.61
quarterfinal	0.61
randomness	0.61
recitation	0.61
reconsidered	0.61
rectal	0.61
recursive	0.61
reevaluate	0.61
renaming	0.61
reprimand	0.61
rerun	0.61
reverting	0.61
riddance	0.61
rk	0.61
ruthlessly	0.61
sakes	0.61
satchel	0.61
saucy	0.61
schalke	0.61
scorsese	0.61
scr	0.61
sculptural	0.61
septum	0.61
servo	0.61
shaw's	0.61
shears	0.61
shemale	0.61
shiloh	0.61
shrank	0.61
shyness	0.61
slimmer	0.61
snub	0.61
sobering	0.61
soyuz	0.61
spandex	0.61
spanked	0.61
sparkles	0.61
spew	0.61
spieth	0.61
sportswear	0.61
squeak	0.61
srinagar	0.61
staking	0.61
steakhouse	0.61
steers	0.61
stratigraphic	0.61
stratosphere	0.61
stucco	0.61
suave	0.61
subcontractors	0.61
succinct	0.61
superficially	0.61
sweetener	0.61
syncing	0.61
tamar	0.61
taxonomic	0.61
telltale	0.61
tem	0.61
tennyson	0.61
tesla's	0.61
testimonials	0.61
thanos	0.61
this'll	0.61
thoughtless	0.61
thrower	0.61
thud	0.61
tibia	0.61
tim's	0.61
titular	0.61
toads	0.61
tok	0.61
torrential	0.61
trad	0.61
trashing	0.61
treading	0.61
trotting	0.61
tulane	0.61
tunneling	0.61
uma	0.61
unitarian	0.61
usp	0.61
valence	0.61
ventilated	0.61
villager	0.61
vincent's	0.61
virtuoso	0.61
vos	0.61
wail	0.61
watertown	0.61
wedged	0.61
welder	0.61
westlake	0.61
wetting	0.61
wg	0.61
whitening	0.61
whitewater	0.61
whiz	0.61
wilds	0.61
wingman	0.61
witherspoon	0.61
wolverines	0.61
woodbury	0.61
woodford	0.61
woodruff	0.61
worshiped	0.61
xenon	0.61
zo	0.61
å	0.61
abnormality	0.60
acme	0.60
acta	0.60
addendum	0.60
adhesives	0.60
adsorption	0.60
affront	0.60
afoot	0.60
agri	0.60
alla	0.60
alludes	0.60
alms	0.60
altars	0.60
alternates	0.60
amenable	0.60
amity	0.60
amt	0.60
amy's	0.60
angel's	0.60
anna's	0.60
annotation	0.60
anthony's	0.60
antibacterial	0.60
antoni	0.60
apprenticeships	0.60
argumentative	0.60
arne	0.60
artsy	0.60
assailants	0.60
asymptomatic	0.60
atherton	0.60
atmospheres	0.60
attila	0.60
authorizes	0.60
avril	0.60
baccalaureate	0.60
bala	0.60
balmain	0.60
barcode	0.60
barra	0.60
bearable	0.60
beehive	0.60
beltway	0.60
bering	0.60
bianchi	0.60
biosphere	0.60
blackman	0.60
bloch	0.60
bodybuilder	0.60
bosco	0.60
botanist	0.60
bottomed	0.60
boutiques	0.60
brownsville	0.60
buyer's	0.60
caches	0.60
calmness	0.60
camera's	0.60
canny	0.60
cartons	0.60
cassettes	0.60
castile	0.60
caveman	0.60
centimeter	0.60
cet	0.60
chairwoman	0.60
characterisation	0.60
checkered	0.60
cheekbones	0.60
chengdu	0.60
cia's	0.60
cilantro	0.60
circumcised	0.60
cit	0.60
civics	0.60
clamped	0.60
claps	0.60
clementine	0.60
clipboard	0.60
compensatory	0.60
concedes	0.60
conceptions	0.60
confessor	0.60
connoisseur	0.60
contemplative	0.60
convocation	0.60
corrupting	0.60
countermeasures	0.60
crosse	0.60
culpable	0.60
dag	0.60
damsel	0.60
dan's	0.60
daze	0.60
debugging	0.60
deg	0.60
deliciously	0.60
dewitt	0.60
dickey	0.60
diocesan	0.60
disputing	0.60
distorting	0.60
disused	0.60
divination	0.60
doggo	0.60
dol	0.60
doolittle	0.60
douchebag	0.60
downsizing	0.60
dprk	0.60
drunkenness	0.60
dumas	0.60
dykes	0.60
eastbourne	0.60
ebenezer	0.60
ecm	0.60
emigrate	0.60
emulsion	0.60
epistemology	0.60
erick	0.60
esters	0.60
euphrates	0.60
evacuating	0.60
exorcism	0.60
fabled	0.60
fabricate	0.60
fatherhood	0.60
favre	0.60
fein	0.60
fem	0.60
femoral	0.60
ferreira	0.60
festival's	0.60
feuds	0.60
fijian	0.60
filibuster	0.60
fillings	0.60
fillmore	0.60
finalize	0.60
financiers	0.60
flicking	0.60
flourishes	0.60
fluctuation	0.60
foia	0.60
fraudulently	0.60
fumbles	0.60
gander	0.60
gauze	0.60
geometrical	0.60
ghoul	0.60
giggled	0.60
gimmicks	0.60
goebbels	0.60
golan	0.60
grandstand	0.60
grazed	0.60
grumbling	0.60
guelph	0.60
guitarists	0.60
hales	0.60
hallucination	0.60
hamill	0.60
hamza	0.60
hcl	0.60
heaton	0.60
heeled	0.60
helms	0.60
hibernian	0.60
hoi	0.60
hovered	0.60
hulls	0.60
huns	0.60
hutchins	0.60
hydrophobic	0.60
immaterial	0.60
imprinted	0.60
industrialists	0.60
inefficiency	0.60
inflationary	0.60
inflexible	0.60
inflow	0.60
inglis	0.60
intercom	0.60
internationale	0.60
intersecting	0.60
intrigues	0.60
invalidated	0.60
inwards	0.60
iw	0.60
jacking	0.60
jamieson	0.60
jem	0.60
jihadi	0.60
justifications	0.60
keanu	0.60
kenney	0.60
keyed	0.60
knighthood	0.60
kryptonite	0.60
laborer	0.60
lamenting	0.60
lefties	0.60
lengthened	0.60
levi's	0.60
lifesaving	0.60
lire	0.60
lnp	0.60
lovecraft	0.60
lst	0.60
lucinda	0.60
lula	0.60
machinations	0.60
maha	0.60
mangrove	0.60
marmalade	0.60
marseilles	0.60
marys	0.60
masala	0.60
masts	0.60
maura	0.60
max's	0.60
mecha	0.60
metcalf	0.60
military's	0.60
milled	0.60
miocene	0.60
mirren	0.60
mirza	0.60
mississauga	0.60
moderating	0.60
modifier	0.60
molesting	0.60
moment's	0.60
moored	0.60
naturalization	0.60
nene	0.60
nerf	0.60
norway's	0.60
numbness	0.60
nunn	0.60
o'toole	0.60
oar	0.60
objecting	0.60
occidental	0.60
oozing	0.60
opiate	0.60
ordinated	0.60
osprey	0.60
outscored	0.60
overheated	0.60
paddles	0.60
panes	0.60
patten	0.60
pattinson	0.60
pelt	0.60
pennant	0.60
perfectionist	0.60
phantoms	0.60
pickett	0.60
pitts	0.60
playwrights	0.60
poirot	0.60
poland's	0.60
pomona	0.60
ponce	0.60
poppies	0.60
powys	0.60
praxis	0.60
preaches	0.60
primes	0.60
priming	0.60
princely	0.60
profited	0.60
psoriasis	0.60
putty	0.60
quench	0.60
québec	0.60
radicalism	0.60
radon	0.60
ramping	0.60
rationalize	0.60
reactivity	0.60
reassignment	0.60
rebrand	0.60
relieves	0.60
rennie	0.60
repeater	0.60
reprisals	0.60
reruns	0.60
retardation	0.60
retards	0.60
retort	0.60
revitalization	0.60
rework	0.60
reworking	0.60
rudely	0.60
runes	0.60
sacha	0.60
saddles	0.60
sams	0.60
sanctuaries	0.60
saracens	0.60
sawmill	0.60
sbc	0.60
scribes	0.60
selina	0.60
sewed	0.60
sheltering	0.60
shogun	0.60
shoutout	0.60
showings	0.60
shrinkage	0.60
skeptic	0.60
slacks	0.60
sleeveless	0.60
smalls	0.60
smelting	0.60
snell	0.60
snowstorm	0.60
socialite	0.60
somme	0.60
southerly	0.60
spectrometer	0.60
spouting	0.60
sprague	0.60
squandered	0.60
sterilized	0.60
strapping	0.60
stuns	0.60
subspace	0.60
subsurface	0.60
superstructure	0.60
surnames	0.60
sustains	0.60
sweeper	0.60
swish	0.60
sympathizers	0.60
synced	0.60
tabloids	0.60
tamper	0.60
tampon	0.60
telangana	0.60
telephony	0.60
telford	0.60
tenerife	0.60
thad	0.60
thickened	0.60
timberwolves	0.60
tms	0.60
toffee	0.60
tomahawk	0.60
tomlin	0.60
torched	0.60
torre	0.60
torrey	0.60
transactional	0.60
transcendence	0.60
transgression	0.60
trappings	0.60
triage	0.60
ulterior	0.60
unambiguous	0.60
undertakings	0.60
undetermined	0.60
undies	0.60
undulating	0.60
unfettered	0.60
unpacking	0.60
usernames	0.60
venison	0.60
veranda	0.60
verdicts	0.60
veterinarians	0.60
vn	0.60
walpole	0.60
wasserman	0.60
wessex	0.60
westmoreland	0.60
whiny	0.60
whitby	0.60
whitley	0.60
wth	0.60
xt	0.60
xxxx	0.60
yamamoto	0.60
ys	0.60
zaire	0.60
zheng	0.60
zine	0.60
μ	0.60
accumulates	0.59
adamson	0.59
adapts	0.59
afterthought	0.59
aida	0.59
airbag	0.59
airman	0.59
airship	0.59
aki	0.59
aligns	0.59
alligators	0.59
alr	0.59
amigos	0.59
animators	0.59
annan	0.59
annihilate	0.59
appointee	0.59
archetypal	0.59
artful	0.59
ascendancy	0.59
asha	0.59
assessor	0.59
asymmetry	0.59
asynchronous	0.59
ati	0.59
attuned	0.59
austin's	0.59
ayers	0.59
baal	0.59
baer	0.59
baffles	0.59
bahia	0.59
balotelli	0.59
banal	0.59
basking	0.59
baz	0.59
beattie	0.59
befitting	0.59
benched	0.59
blackface	0.59
bluish	0.59
boba	0.59
bombardier	0.59
boned	0.59
bookkeeper	0.59
booting	0.59
bountiful	0.59
boycotts	0.59
brimming	0.59
bub	0.59
bulldozer	0.59
byers	0.59
byrnes	0.59
cabernet	0.59
calico	0.59
camus	0.59
canoeing	0.59
canvassing	0.59
capillary	0.59
carols	0.59
casanova	0.59
categorical	0.59
ccd	0.59
chariots	0.59
charlemagne	0.59
checkup	0.59
chieftain	0.59
chisholm	0.59
christening	0.59
chs	0.59
cinematographer	0.59
cirrhosis	0.59
cla	0.59
cladding	0.59
clapton	0.59
cle	0.59
cleats	0.59
clemente	0.59
clings	0.59
clingy	0.59
clough	0.59
coburn	0.59
codeine	0.59
coeur	0.59
colitis	0.59
combative	0.59
commissioner's	0.59
conceited	0.59
connell	0.59
connery	0.59
consecration	0.59
conspicuously	0.59
coors	0.59
correa	0.59
counterattack	0.59
courted	0.59
cranked	0.59
crested	0.59
cro	0.59
cte	0.59
cto	0.59
curie	0.59
cuteness	0.59
daddies	0.59
darken	0.59
darlin	0.59
dba	0.59
dci	0.59
deane	0.59
debian	0.59
defaulted	0.59
defuse	0.59
deir	0.59
depositing	0.59
dermot	0.59
designating	0.59
devs	0.59
dilation	0.59
dios	0.59
directorial	0.59
dishonor	0.59
disintegrate	0.59
disjointed	0.59
disparaging	0.59
dissenters	0.59
divest	0.59
dodo	0.59
draconian	0.59
draymond	0.59
drosophila	0.59
drummers	0.59
duper	0.59
eerily	0.59
eine	0.59
electrochemical	0.59
embers	0.59
emotive	0.59
empirically	0.59
employee's	0.59
enforces	0.59
engels	0.59
entanglement	0.59
epsilon	0.59
esc	0.59
ex's	0.59
expeditionary	0.59
falk	0.59
faqs	0.59
farrar	0.59
fec	0.59
federations	0.59
finns	0.59
firefight	0.59
firestone	0.59
firstborn	0.59
flees	0.59
flowery	0.59
foss	0.59
frock	0.59
gai	0.59
gamecube	0.59
gens	0.59
gerber	0.59
glutamate	0.59
goblet	0.59
greased	0.59
grimsby	0.59
groupon	0.59
gts	0.59
guilford	0.59
gyro	0.59
habib	0.59
handsomely	0.59
hapless	0.59
harnessing	0.59
hidalgo	0.59
hissing	0.59
hitched	0.59
humanistic	0.59
hurray	0.59
iconography	0.59
igbo	0.59
impervious	0.59
implausible	0.59
imposter	0.59
incurring	0.59
indeterminate	0.59
infidels	0.59
inflection	0.59
innocently	0.59
inroads	0.59
intractable	0.59
irb	0.59
jabs	0.59
jamison	0.59
janelle	0.59
jay's	0.59
jh	0.59
jimmy's	0.59
kardashians	0.59
katya	0.59
kauai	0.59
kenyans	0.59
kickboxing	0.59
kilt	0.59
kirkpatrick	0.59
knight's	0.59
kona	0.59
kubrick	0.59
landscaped	0.59
leahy	0.59
leverkusen	0.59
lifesaver	0.59
linton	0.59
litany	0.59
localised	0.59
locket	0.59
locomotion	0.59
lott	0.59
lounging	0.59
lrt	0.59
lumia	0.59
lupe	0.59
lópez	0.59
macklemore	0.59
madre	0.59
mailman	0.59
manoeuvres	0.59
manus	0.59
market's	0.59
marksman	0.59
maroons	0.59
maru	0.59
mathis	0.59
matisse	0.59
maven	0.59
mavs	0.59
mbps	0.59
mcfarland	0.59
mcfarlane	0.59
messrs	0.59
mikael	0.59
milliseconds	0.59
mind's	0.59
minimizes	0.59
mittens	0.59
monterrey	0.59
montoya	0.59
mossad	0.59
mourned	0.59
mourners	0.59
mpc	0.59
msrp	0.59
munching	0.59
myron	0.59
nagoya	0.59
nappy	0.59
nbl	0.59
neanderthals	0.59
nears	0.59
neuter	0.59
newlyweds	0.59
nis	0.59
norwegians	0.59
nvm	0.59
nx	0.59
obj	0.59
och	0.59
odysseus	0.59
ofa	0.59
okcupid	0.59
omitting	0.59
ophelia	0.59
opinionated	0.59
oppress	0.59
originator	0.59
outfitters	0.59
overthrew	0.59
overton	0.59
oxidized	0.59
panhandle	0.59
paradoxical	0.59
paralysed	0.59
parched	0.59
passageway	0.59
pasty	0.59
pate	0.59
patently	0.59
pca	0.59
pecking	0.59
pertain	0.59
pesto	0.59
phys	0.59
plata	0.59
plowing	0.59
pm's	0.59
pmi	0.59
polity	0.59
pooped	0.59
porcupine	0.59
portia	0.59
pps	0.59
prides	0.59
primacy	0.59
prioritized	0.59
prioritizing	0.59
probed	0.59
psychosocial	0.59
pti	0.59
pulaski	0.59
pwc	0.59
radiological	0.59
rafts	0.59
reagent	0.59
rebranding	0.59
reckons	0.59
rectory	0.59
referendums	0.59
refractive	0.59
refractory	0.59
regrettably	0.59
reiner	0.59
reintroduced	0.59
reorganisation	0.59
reprieve	0.59
resupply	0.59
resurfaced	0.59
retraction	0.59
ricci	0.59
riser	0.59
ruckus	0.59
rutledge	0.59
safeway	0.59
saginaw	0.59
salami	0.59
sandwiched	0.59
sasuke	0.59
schmitt	0.59
scopes	0.59
screech	0.59
scripps	0.59
sculpting	0.59
seared	0.59
sergeants	0.59
shakespearean	0.59
shaven	0.59
shiro	0.59
shopkeeper	0.59
shortness	0.59
shrill	0.59
signalled	0.59
skits	0.59
skyrocketed	0.59
slanted	0.59
slits	0.59
snowed	0.59
sonnets	0.59
soulless	0.59
splitter	0.59
spook	0.59
stagecoach	0.59
statesmen	0.59
stork	0.59
strode	0.59
strongman	0.59
subjecting	0.59
subordinated	0.59
subpoenas	0.59
subside	0.59
subways	0.59
sul	0.59
supp	0.59
swoon	0.59
syringes	0.59
tactically	0.59
tallied	0.59
tartar	0.59
tavares	0.59
telepathy	0.59
terrance	0.59
thane	0.59
thesaurus	0.59
thorax	0.59
thrusters	0.59
tien	0.59
timings	0.59
tithe	0.59
tou	0.59
trina	0.59
tripp	0.59
trolled	0.59
ttc	0.59
tucking	0.59
tugging	0.59
twickenham	0.59
ubs	0.59
uga	0.59
unattainable	0.59
underpinning	0.59
unexplored	0.59
unilever	0.59
unsold	0.59
unsubstantiated	0.59
uptight	0.59
valentin	0.59
veda	0.59
virulent	0.59
vomited	0.59
waterfowl	0.59
wesson	0.59
widescreen	0.59
windmills	0.59
womanhood	0.59
worrisome	0.59
wort	0.59
wreaths	0.59
wy	0.59
xix	0.59
yorke	0.59
yuma	0.59
zealanders	0.59
ack	0.58
acronyms	0.58
adderall	0.58
admissible	0.58
airlift	0.58
aitken	0.58
alluvial	0.58
amarillo	0.58
american's	0.58
amis	0.58
amyloid	0.58
anne's	0.58
ansi	0.58
apical	0.58
apo	0.58
appetites	0.58
armpits	0.58
ascendant	0.58
attenborough	0.58
audiobooks	0.58
bartenders	0.58
barth	0.58
bashar	0.58
battering	0.58
battersea	0.58
bedfordshire	0.58
beecher	0.58
belgians	0.58
bimbo	0.58
blackmailed	0.58
blazed	0.58
blowjobs	0.58
blum	0.58
boarders	0.58
bongo	0.58
bootstrap	0.58
boswell	0.58
bouchard	0.58
bouquets	0.58
braddock	0.58
brahma	0.58
braver	0.58
brisket	0.58
buckeye	0.58
burnside	0.58
cac	0.58
cairn	0.58
callin	0.58
campo	0.58
cancun	0.58
cannonball	0.58
cappuccino	0.58
caricatures	0.58
ceasing	0.58
championing	0.58
chapels	0.58
chirping	0.58
château	0.58
circulatory	0.58
citrate	0.58
climactic	0.58
cloaked	0.58
clocking	0.58
clotting	0.58
cnet	0.58
commemorates	0.58
comstock	0.58
conjuring	0.58
consigned	0.58
constructors	0.58
cornelia	0.58
coups	0.58
cowgirl	0.58
cowl	0.58
crepe	0.58
crocs	0.58
culling	0.58
cycled	0.58
cypriot	0.58
danvers	0.58
darlene	0.58
dashes	0.58
daydreaming	0.58
decently	0.58
decentralization	0.58
decomposed	0.58
decorum	0.58
definately	0.58
deft	0.58
dehydrogenase	0.58
deirdre	0.58
destiny's	0.58
detest	0.58
deuteronomy	0.58
devising	0.58
diabetics	0.58
digg	0.58
diodes	0.58
disband	0.58
discarding	0.58
discloses	0.58
dislocation	0.58
disrupts	0.58
distinguishable	0.58
drexel	0.58
duels	0.58
dwells	0.58
earls	0.58
earnestly	0.58
ecg	0.58
ed's	0.58
effecting	0.58
einstein's	0.58
electrifying	0.58
elisha	0.58
emblematic	0.58
emily's	0.58
emmet	0.58
englishmen	0.58
enslavement	0.58
entrust	0.58
enviable	0.58
epidemiological	0.58
epithet	0.58
equipments	0.58
espn's	0.58
eww	0.58
fairmont	0.58
fairview	0.58
fiercest	0.58
firehouse	0.58
flailing	0.58
flaky	0.58
fleury	0.58
flotilla	0.58
followup	0.58
foolproof	0.58
footballing	0.58
forgetful	0.58
forgettable	0.58
forklift	0.58
freeways	0.58
fuck's	0.58
gallantry	0.58
gamut	0.58
gash	0.58
gawker	0.58
gazelle	0.58
genotype	0.58
gentler	0.58
geronimo	0.58
gilead	0.58
girard	0.58
glistening	0.58
glycol	0.58
gopher	0.58
governess	0.58
graham's	0.58
grant's	0.58
gravitate	0.58
gregorio	0.58
grinch	0.58
grinned	0.58
guesthouse	0.58
gunfight	0.58
haifa	0.58
hams	0.58
hamsters	0.58
hander	0.58
harm's	0.58
harvester	0.58
hattie	0.58
heaped	0.58
heartburn	0.58
helmut	0.58
heroics	0.58
hesse	0.58
hickman	0.58
hillbilly	0.58
hla	0.58
hmrc	0.58
hollister	0.58
homeopathy	0.58
hongkong	0.58
honouring	0.58
hour's	0.58
huckabee	0.58
huntley	0.58
hustling	0.58
ica	0.58
imbecile	0.58
impeded	0.58
impersonation	0.58
impresses	0.58
imprison	0.58
inasmuch	0.58
indonesia's	0.58
infiltrating	0.58
intensifying	0.58
intensively	0.58
intercultural	0.58
interrogating	0.58
interviewers	0.58
irvin	0.58
ischemic	0.58
jackal	0.58
jaeger	0.58
jason's	0.58
jee	0.58
jethro	0.58
joes	0.58
jokers	0.58
jolla	0.58
jordans	0.58
joystick	0.58
kamikaze	0.58
karina	0.58
karlsson	0.58
kelp	0.58
kidman	0.58
kingfisher	0.58
kiwis	0.58
kjv	0.58
kmt	0.58
knotted	0.58
lackey	0.58
lain	0.58
laminate	0.58
landis	0.58
leeches	0.58
leek	0.58
leviticus	0.58
levitt	0.58
lifecycle	0.58
linguist	0.58
lms	0.58
lomax	0.58
lor	0.58
lorne	0.58
luring	0.58
lute	0.58
lx	0.58
mac's	0.58
macrophages	0.58
macros	0.58
madge	0.58
magee	0.58
magpies	0.58
makoto	0.58
mala	0.58
manley	0.58
marketplaces	0.58
marv	0.58
marvels	0.58
masquerading	0.58
mattel	0.58
mauritania	0.58
mavis	0.58
mchugh	0.58
meanest	0.58
meaningfully	0.58
meatball	0.58
medford	0.58
merino	0.58
mermaids	0.58
metastasis	0.58
microchip	0.58
mikel	0.58
mingled	0.58
mitzvah	0.58
mordor	0.58
mosaics	0.58
muddled	0.58
mumbling	0.58
nautilus	0.58
necked	0.58
nicht	0.58
nieto	0.58
nox	0.58
nymph	0.58
oceanography	0.58
oedipus	0.58
offsetting	0.58
omer	0.58
orpheus	0.58
oswego	0.58
paler	0.58
papaya	0.58
partisanship	0.58
peachy	0.58
pearly	0.58
pensioner	0.58
periscope	0.58
pernicious	0.58
perversion	0.58
phylogenetic	0.58
physiotherapy	0.58
pigmentation	0.58
pizzeria	0.58
populate	0.58
posthumously	0.58
pra	0.58
prawn	0.58
preamble	0.58
predates	0.58
preoccupation	0.58
prim	0.58
programmatic	0.58
propellers	0.58
pruitt	0.58
prying	0.58
ptolemy	0.58
pulsing	0.58
punisher	0.58
pur	0.58
puree	0.58
pyrenees	0.58
quetta	0.58
racketeering	0.58
radars	0.58
radford	0.58
rainier	0.58
rattlesnake	0.58
realignment	0.58
receptacle	0.58
regatta	0.58
regionals	0.58
regs	0.58
reliefs	0.58
remixed	0.58
remo	0.58
removals	0.58
reprisal	0.58
rescind	0.58
reshape	0.58
reshaping	0.58
revitalize	0.58
risotto	0.58
robinson's	0.58
roku	0.58
sadiq	0.58
sagittarius	0.58
samoan	0.58
sauvignon	0.58
savagery	0.58
sca	0.58
scorned	0.58
searchable	0.58
seething	0.58
sequenced	0.58
sequentially	0.58
shamrock	0.58
shearing	0.58
shelving	0.58
sheng	0.58
sifting	0.58
sighing	0.58
sina	0.58
siva	0.58
slog	0.58
smithfield	0.58
smut	0.58
soars	0.58
socialized	0.58
sop	0.58
spiraling	0.58
splice	0.58
sponsorships	0.58
spoonful	0.58
spousal	0.58
sps	0.58
statistician	0.58
stds	0.58
storefront	0.58
storeys	0.58
street's	0.58
stroud	0.58
stubble	0.58
subsystem	0.58
suffocated	0.58
summarizing	0.58
supple	0.58
swahili	0.58
syndromes	0.58
synergies	0.58
sánchez	0.58
tacked	0.58
talia	0.58
teague	0.58
tfl	0.58
tipsy	0.58
tirade	0.58
tompkins	0.58
topaz	0.58
torino	0.58
trickster	0.58
trinkets	0.58
triples	0.58
trisha	0.58
trotsky	0.58
turbocharged	0.58
turmeric	0.58
unchallenged	0.58
underestimating	0.58
undress	0.58
uninteresting	0.58
unraveling	0.58
vandalized	0.58
veneration	0.58
vigilantes	0.58
vigour	0.58
vistas	0.58
vitriol	0.58
vue	0.58
wagging	0.58
waned	0.58
warren's	0.58
welt	0.58
wer	0.58
what're	0.58
wheezing	0.58
whistleblowers	0.58
winded	0.58
wisest	0.58
wop	0.58
wordsworth	0.58
yaw	0.58
zi	0.58
zia	0.58
λ	0.58
academy's	0.57
accidently	0.57
accusers	0.57
adaptability	0.57
adapters	0.57
adheres	0.57
aetna	0.57
aggressiveness	0.57
ahold	0.57
alamos	0.57
alana	0.57
ales	0.57
alexander's	0.57
allegorical	0.57
amigo	0.57
anode	0.57
apparition	0.57
appetizer	0.57
arafat	0.57
argon	0.57
arrowhead	0.57
asic	0.57
asm	0.57
astonishingly	0.57
astonishment	0.57
atone	0.57
backend	0.57
backhand	0.57
bangla	0.57
bankroll	0.57
barbra	0.57
barnet	0.57
barristers	0.57
belittle	0.57
beryllium	0.57
betrothed	0.57
biden's	0.57
billiard	0.57
bloodthirsty	0.57
blumenthal	0.57
boisterous	0.57
bonneville	0.57
booksellers	0.57
bootcamp	0.57
brady's	0.57
bri	0.57
briar	0.57
brightened	0.57
broderick	0.57
broughton	0.57
buckled	0.57
burgh	0.57
cacao	0.57
cale	0.57
calypso	0.57
capacitance	0.57
caper	0.57
caprice	0.57
carer	0.57
carlsbad	0.57
carriageway	0.57
caspar	0.57
cbe	0.57
cede	0.57
ceres	0.57
chagrin	0.57
champlain	0.57
characterizing	0.57
chock	0.57
chronicled	0.57
clapham	0.57
clawed	0.57
coerce	0.57
coffey	0.57
combustible	0.57
comebacks	0.57
comer	0.57
cometh	0.57
complicates	0.57
complimenting	0.57
compositional	0.57
computer's	0.57
condenser	0.57
conglomerates	0.57
conjugate	0.57
conjured	0.57
coptic	0.57
cossacks	0.57
cpp	0.57
cutaneous	0.57
daenerys	0.57
dahlia	0.57
dalit	0.57
darlings	0.57
deandre	0.57
debug	0.57
decadence	0.57
decider	0.57
deconstruction	0.57
defamatory	0.57
depravity	0.57
depress	0.57
disheartening	0.57
dugan	0.57
dz	0.57
eavesdropping	0.57
eclipses	0.57
ecuadorian	0.57
edibles	0.57
eia	0.57
eldridge	0.57
enclaves	0.57
encroachment	0.57
equaliser	0.57
ervin	0.57
ese	0.57
etihad	0.57
euclid	0.57
evansville	0.57
exe	0.57
farrah	0.57
faves	0.57
felled	0.57
fentanyl	0.57
ferrara	0.57
fertiliser	0.57
finalised	0.57
finlay	0.57
fintech	0.57
fireflies	0.57
franklin's	0.57
freebie	0.57
gaby	0.57
garda	0.57
garibaldi	0.57
garrick	0.57
geezer	0.57
geno	0.57
ghent	0.57
giggs	0.57
gilmour	0.57
givin	0.57
glassware	0.57
gleason	0.57
gmp	0.57
gooey	0.57
gottlieb	0.57
gutters	0.57
habitually	0.57
halts	0.57
harlequin	0.57
harwood	0.57
hatton	0.57
hav	0.57
hdtv	0.57
headgear	0.57
hearn	0.57
heathens	0.57
hemlock	0.57
henchmen	0.57
hep	0.57
hist	0.57
hokkaido	0.57
holm	0.57
honduran	0.57
hydraulics	0.57
hydrolysis	0.57
hydropower	0.57
hyman	0.57
hyperactivity	0.57
hyuk	0.57
ile	0.57
illiteracy	0.57
imac	0.57
incitement	0.57
inconsequential	0.57
indignant	0.57
infamy	0.57
infertile	0.57
infractions	0.57
injector	0.57
innes	0.57
insolvent	0.57
intergalactic	0.57
internalized	0.57
irregularly	0.57
itc	0.57
iterative	0.57
jacoby	0.57
jaya	0.57
jersey's	0.57
jot	0.57
julianne	0.57
jurgen	0.57
kaur	0.57
kevin's	0.57
kitties	0.57
klux	0.57
koko	0.57
krueger	0.57
lawyer's	0.57
leary	0.57
legumes	0.57
lengthening	0.57
lenox	0.57
lesotho	0.57
levinson	0.57
libre	0.57
lighthearted	0.57
littleton	0.57
lodgings	0.57
logitech	0.57
loma	0.57
lookup	0.57
loughborough	0.57
lounges	0.57
lupin	0.57
maharaj	0.57
marlow	0.57
marston	0.57
maximilian	0.57
meagre	0.57
meditative	0.57
mehdi	0.57
mentored	0.57
merced	0.57
metz	0.57
mics	0.57
middleman	0.57
mildew	0.57
mindedness	0.57
mingling	0.57
mishaps	0.57
moma	0.57
monologues	0.57
moritz	0.57
moulding	0.57
moussa	0.57
mufti	0.57
mughal	0.57
mukherjee	0.57
multivariate	0.57
mustn't	0.57
nadir	0.57
nara	0.57
neale	0.57
neutralized	0.57
nin	0.57
notepad	0.57
numerically	0.57
nutcracker	0.57
obs	0.57
odisha	0.57
okla	0.57
oled	0.57
oregon's	0.57
osce	0.57
outboard	0.57
outlier	0.57
outweighs	0.57
pacs	0.57
paltry	0.57
parachutes	0.57
pars	0.57
parsing	0.57
pentecostal	0.57
peripherals	0.57
petitioner	0.57
pharisees	0.57
phil's	0.57
pimps	0.57
pinkie	0.57
placer	0.57
plant's	0.57
plucking	0.57
plummer	0.57
pollute	0.57
potter's	0.57
precede	0.57
precocious	0.57
preconceived	0.57
predictors	0.57
presumptuous	0.57
probabilistic	0.57
proms	0.57
pronto	0.57
provo	0.57
prs	0.57
publicize	0.57
purview	0.57
qantas	0.57
quicken	0.57
quicksilver	0.57
quince	0.57
racehorse	0.57
raheem	0.57
raked	0.57
ravioli	0.57
rawlings	0.57
razer	0.57
reagents	0.57
rebounded	0.57
redone	0.57
reston	0.57
revolutionized	0.57
rfid	0.57
ricans	0.57
rosalie	0.57
rove	0.57
rui	0.57
sadler	0.57
saitama	0.57
salvo	0.57
sauron	0.57
schuyler	0.57
scrapes	0.57
sdn	0.57
sei	0.57
seizes	0.57
shrieking	0.57
silences	0.57
silhouettes	0.57
simmering	0.57
simpson's	0.57
sitcoms	0.57
siu	0.57
smears	0.57
smoothed	0.57
sodom	0.57
sofas	0.57
soi	0.57
solange	0.57
spatula	0.57
splicing	0.57
spreadsheets	0.57
squatters	0.57
steamers	0.57
stepdad	0.57
stipulates	0.57
sto	0.57
stockport	0.57
strangling	0.57
streamlining	0.57
stroked	0.57
subunits	0.57
suffocate	0.57
surat	0.57
suspends	0.57
tandy	0.57
tapas	0.57
tenement	0.57
tetanus	0.57
thatched	0.57
thon	0.57
thrifty	0.57
thrombosis	0.57
thunderbird	0.57
tiberius	0.57
tickles	0.57
tiling	0.57
tingle	0.57
townspeople	0.57
transvaal	0.57
treads	0.57
tricia	0.57
trippy	0.57
tryout	0.57
tuscaloosa	0.57
tyra	0.57
tyrosine	0.57
unbridled	0.57
undersea	0.57
unfiltered	0.57
unicode	0.57
unopposed	0.57
urs	0.57
vacationing	0.57
vamp	0.57
vassals	0.57
wanton	0.57
wedlock	0.57
welterweight	0.57
whiteboard	0.57
who're	0.57
wholesaler	0.57
witted	0.57
woodside	0.57
wry	0.57
xc	0.57
xie	0.57
xyz	0.57
yasmin	0.57
yom	0.57
yon	0.57
zambian	0.57
ziegler	0.57
zimbabwean	0.57
aas	0.56
abominable	0.56
absolution	0.56
accomplishes	0.56
adequacy	0.56
adopters	0.56
agent's	0.56
aggie	0.56
ahmet	0.56
airplay	0.56
albrecht	0.56
amalgam	0.56
ambulatory	0.56
annulment	0.56
aoki	0.56
aramaic	0.56
arnie	0.56
articulating	0.56
asi	0.56
asif	0.56
askin	0.56
ato	0.56
atoll	0.56
awa	0.56
axioms	0.56
aztecs	0.56
babbling	0.56
bangers	0.56
bargained	0.56
barnabas	0.56
barrio	0.56
belleville	0.56
benzene	0.56
ber	0.56
bernhard	0.56
biennale	0.56
binghamton	0.56
black's	0.56
blackish	0.56
blaise	0.56
blemish	0.56
bobbing	0.56
bogs	0.56
brainstorm	0.56
brevity	0.56
broadside	0.56
buckles	0.56
budd	0.56
burdensome	0.56
burley	0.56
buttered	0.56
cadmium	0.56
callaway	0.56
campaign's	0.56
candida	0.56
carnivorous	0.56
cfc	0.56
characteristically	0.56
chasers	0.56
chf	0.56
chicano	0.56
chimera	0.56
chiropractor	0.56
chr	0.56
chromosomal	0.56
cic	0.56
cig	0.56
cigs	0.56
claustrophobic	0.56
cleave	0.56
clovis	0.56
coinciding	0.56
coleridge	0.56
colvin	0.56
commuted	0.56
conformation	0.56
conveniences	0.56
corinthian	0.56
cotta	0.56
councilor	0.56
counterterrorism	0.56
coyle	0.56
cq	0.56
crayfish	0.56
csf	0.56
cuckold	0.56
culled	0.56
czechs	0.56
davie	0.56
deanna	0.56
defraud	0.56
deftly	0.56
dens	0.56
desertion	0.56
detainee	0.56
devops	0.56
dike	0.56
dispensation	0.56
dit	0.56
domed	0.56
dowager	0.56
drips	0.56
ducati	0.56
dunning	0.56
eaves	0.56
edd	0.56
elie	0.56
emboldened	0.56
emc	0.56
enema	0.56
epp	0.56
erecting	0.56
eroding	0.56
euphoric	0.56
evangelism	0.56
evening's	0.56
evoking	0.56
excelsior	0.56
exploitative	0.56
fabricating	0.56
fae	0.56
falkland	0.56
fatah	0.56
fdic	0.56
feasting	0.56
ferment	0.56
fetuses	0.56
figurine	0.56
flocking	0.56
flogging	0.56
foote	0.56
freshen	0.56
frostbite	0.56
fuentes	0.56
fulbright	0.56
fulltime	0.56
fundamentalists	0.56
féin	0.56
glories	0.56
gn	0.56
goodreads	0.56
goran	0.56
greys	0.56
gul	0.56
gulag	0.56
gustave	0.56
hakeem	0.56
handyman	0.56
hangzhou	0.56
harare	0.56
hazing	0.56
heatwave	0.56
hellenic	0.56
hellenistic	0.56
heretical	0.56
herschel	0.56
heston	0.56
homeschool	0.56
homs	0.56
horst	0.56
hsv	0.56
humping	0.56
icd	0.56
ilya	0.56
immeasurable	0.56
immorality	0.56
immutable	0.56
imogen	0.56
impressionable	0.56
impressionist	0.56
ims	0.56
indica	0.56
indict	0.56
indisputable	0.56
inquisitor	0.56
inset	0.56
interceptor	0.56
interpolation	0.56
ischemia	0.56
jamie's	0.56
jena	0.56
kaitlyn	0.56
kda	0.56
kettering	0.56
kiddos	0.56
killin	0.56
kohl	0.56
konrad	0.56
kraken	0.56
lancer	0.56
landau	0.56
lauder	0.56
laurels	0.56
leavers	0.56
lewes	0.56
licorice	0.56
lighters	0.56
limes	0.56
linearly	0.56
linguists	0.56
linkages	0.56
lisa's	0.56
litchfield	0.56
lot's	0.56
lufthansa	0.56
lumped	0.56
lunge	0.56
lyra	0.56
mackinnon	0.56
maggots	0.56
malaga	0.56
malayalam	0.56
maliciously	0.56
manipulator	0.56
marathi	0.56
martino	0.56
meddle	0.56
medi	0.56
menagerie	0.56
mesut	0.56
metallurgical	0.56
mga	0.56
micron	0.56
midpoint	0.56
model's	0.56
monoclonal	0.56
motorways	0.56
muay	0.56
multiverse	0.56
nibble	0.56
noonan	0.56
nosy	0.56
nullify	0.56
nys	0.56
ofsted	0.56
oligarchy	0.56
omelette	0.56
omnipotent	0.56
oppressors	0.56
orville	0.56
overpower	0.56
overthinking	0.56
overtures	0.56
paedophile	0.56
pagoda	0.56
paraded	0.56
parallax	0.56
passers	0.56
penniless	0.56
phalanx	0.56
photogenic	0.56
pilate	0.56
pirated	0.56
plantings	0.56
plummet	0.56
pn	0.56
pollack	0.56
polymerization	0.56
pondered	0.56
potters	0.56
pounder	0.56
prado	0.56
prairies	0.56
prakash	0.56
predicate	0.56
predictability	0.56
prov	0.56
puking	0.56
pyle	0.56
qe	0.56
quaternary	0.56
queensland's	0.56
quintet	0.56
radiated	0.56
ramble	0.56
razors	0.56
realtime	0.56
reconstructive	0.56
reebok	0.56
refrained	0.56
retaliatory	0.56
revolutionize	0.56
revs	0.56
rhinoceros	0.56
rick's	0.56
rickshaw	0.56
rinehart	0.56
rock's	0.56
rodger	0.56
rollover	0.56
romain	0.56
romp	0.56
roxanne	0.56
rustling	0.56
sainte	0.56
salesforce	0.56
sanger	0.56
sarawak	0.56
sawdust	0.56
sba	0.56
scavenging	0.56
scoured	0.56
scrotum	0.56
scruffy	0.56
sdk	0.56
sean's	0.56
sel	0.56
sewerage	0.56
shanahan	0.56
shangri	0.56
shasta	0.56
shenandoah	0.56
shithead	0.56
shoo	0.56
simplifies	0.56
sinuses	0.56
slc	0.56
slung	0.56
smelter	0.56
smoothness	0.56
smother	0.56
sniffed	0.56
snorted	0.56
soa	0.56
sparky	0.56
spencer's	0.56
spontaneity	0.56
sprain	0.56
sprinklers	0.56
sss	0.56
stateless	0.56
stateside	0.56
stepson	0.56
stillwater	0.56
strolled	0.56
stunningly	0.56
sudbury	0.56
surly	0.56
susannah	0.56
sutures	0.56
sweeteners	0.56
symbolized	0.56
tarnish	0.56
tasman	0.56
tek	0.56
thailand's	0.56
thermo	0.56
thrashed	0.56
thyself	0.56
tipton	0.56
tls	0.56
topsy	0.56
torsion	0.56
tosh	0.56
touchstone	0.56
tramway	0.56
treatable	0.56
trier	0.56
trouser	0.56
tugs	0.56
tumbler	0.56
typeface	0.56
uglier	0.56
ult	0.56
unaccounted	0.56
unbound	0.56
uncalled	0.56
undemocratic	0.56
undergrad	0.56
underpaid	0.56
uninvited	0.56
unleashing	0.56
unnerving	0.56
unpunished	0.56
unrecognized	0.56
untested	0.56
upping	0.56
urethra	0.56
utilising	0.56
uzbek	0.56
vaudeville	0.56
veils	0.56
verve	0.56
vex	0.56
vips	0.56
viv	0.56
vmware	0.56
vod	0.56
walkie	0.56
watchtower	0.56
watson's	0.56
waveform	0.56
weighty	0.56
wilma	0.56
wollongong	0.56
workbook	0.56
workspace	0.56
worships	0.56
xperia	0.56
yoshida	0.56
zephyr	0.56
zoomed	0.56
aberystwyth	0.55
abner	0.55
abstracted	0.55
adr	0.55
adversarial	0.55
aggies	0.55
agnew	0.55
aliases	0.55
allentown	0.55
alphonse	0.55
alvaro	0.55
amiable	0.55
amphitheatre	0.55
amygdala	0.55
angler	0.55
antagonism	0.55
antebellum	0.55
apathetic	0.55
apologists	0.55
appended	0.55
artiste	0.55
atty	0.55
backwater	0.55
ballistics	0.55
bastian	0.55
bequest	0.55
berths	0.55
bewildering	0.55
billiards	0.55
binders	0.55
biodegradable	0.55
biofuels	0.55
biomarkers	0.55
biosynthesis	0.55
blasphemous	0.55
bonny	0.55
booklets	0.55
bores	0.55
briscoe	0.55
briton	0.55
bungee	0.55
bureaucrat	0.55
cadres	0.55
carina	0.55
carnivores	0.55
cascading	0.55
chaucer	0.55
cherie	0.55
chipper	0.55
cli	0.55
cliffhanger	0.55
cline	0.55
clunky	0.55
colgate	0.55
collider	0.55
colosseum	0.55
comers	0.55
comme	0.55
commoner	0.55
conned	0.55
const	0.55
contemporaneous	0.55
contingencies	0.55
counsellors	0.55
cow's	0.55
cowley	0.55
crediting	0.55
crossovers	0.55
cta	0.55
cumberbatch	0.55
curtin	0.55
cutbacks	0.55
cutthroat	0.55
dailies	0.55
daria	0.55
datasets	0.55
decayed	0.55
deceptively	0.55
decoder	0.55
decommissioning	0.55
degeneres	0.55
delano	0.55
demarco	0.55
demography	0.55
denham	0.55
detroit's	0.55
devilish	0.55
disarming	0.55
disloyal	0.55
disowned	0.55
dissociation	0.55
donner	0.55
dormitories	0.55
dowling	0.55
dpi	0.55
dq	0.55
drayton	0.55
dreads	0.55
drowns	0.55
druids	0.55
dueling	0.55
eared	0.55
earthen	0.55
eccentricity	0.55
eccles	0.55
electricians	0.55
electrocuted	0.55
els	0.55
emissary	0.55
enclosing	0.55
enron	0.55
entrapment	0.55
erectile	0.55
esposito	0.55
esta	0.55
exchanger	0.55
exerting	0.55
expatriates	0.55
eyelash	0.55
favouring	0.55
fernandes	0.55
flaherty	0.55
flappy	0.55
flashpoint	0.55
flirted	0.55
flopping	0.55
foodstuffs	0.55
forego	0.55
foretold	0.55
formalized	0.55
fortification	0.55
fortresses	0.55
fragrances	0.55
francine	0.55
fraternities	0.55
fredericksburg	0.55
frigates	0.55
gaba	0.55
gannon	0.55
gaol	0.55
genghis	0.55
giannis	0.55
gmos	0.55
goalkeepers	0.55
grafts	0.55
grainy	0.55
greenery	0.55
greenhouses	0.55
grundy	0.55
gwyneth	0.55
gynecology	0.55
haa	0.55
hakim	0.55
handily	0.55
harboring	0.55
hauls	0.55
hayek	0.55
heaving	0.55
hebrides	0.55
heighten	0.55
helluva	0.55
henna	0.55
hexagon	0.55
himmler	0.55
hinders	0.55
hinds	0.55
hinton	0.55
history's	0.55
hock	0.55
holler	0.55
holstein	0.55
honking	0.55
hookups	0.55
hooters	0.55
husk	0.55
hussey	0.55
iberian	0.55
ibm's	0.55
ikr	0.55
implicate	0.55
implore	0.55
impounded	0.55
indigestion	0.55
indra	0.55
infarction	0.55
infrastructures	0.55
infront	0.55
intakes	0.55
intel's	0.55
interned	0.55
internet's	0.55
intonation	0.55
inversely	0.55
irrigated	0.55
irritates	0.55
ishmael	0.55
islamophobia	0.55
jeannie	0.55
josephus	0.55
jury's	0.55
justly	0.55
kaleidoscope	0.55
kath	0.55
keypad	0.55
kimchi	0.55
kita	0.55
krakow	0.55
krista	0.55
kutcher	0.55
lactation	0.55
laker	0.55
lapping	0.55
leyland	0.55
liberalization	0.55
lindy	0.55
looters	0.55
lorries	0.55
lottie	0.55
lough	0.55
ltc	0.55
lubricants	0.55
lumpy	0.55
lyricist	0.55
machined	0.55
mads	0.55
malacca	0.55
malaise	0.55
malaysia's	0.55
malvern	0.55
mannequins	0.55
maricopa	0.55
mcnair	0.55
mdma	0.55
meatloaf	0.55
menial	0.55
mentorship	0.55
merriam	0.55
merrily	0.55
methinks	0.55
minas	0.55
monogamous	0.55
montessori	0.55
montpellier	0.55
mooring	0.55
moreau	0.55
mountaineering	0.55
mtn	0.55
nami	0.55
nantucket	0.55
napalm	0.55
nath	0.55
neared	0.55
neath	0.55
necessitate	0.55
negation	0.55
neurosurgery	0.55
neutrino	0.55
nga	0.55
nines	0.55
niv	0.55
nooo	0.55
norte	0.55
nur	0.55
nutella	0.55
obsessions	0.55
oclc	0.55
olden	0.55
omfg	0.55
oneness	0.55
opacity	0.55
opp	0.55
otherworldly	0.55
overdo	0.55
overdraft	0.55
overturning	0.55
paediatric	0.55
painstakingly	0.55
pantyhose	0.55
parametric	0.55
parentage	0.55
patna	0.55
pedo	0.55
pentecost	0.55
perverts	0.55
physio	0.55
picnics	0.55
pigmented	0.55
pippa	0.55
platte	0.55
pornstar	0.55
posner	0.55
postponing	0.55
practicable	0.55
privates	0.55
progenitor	0.55
protectionist	0.55
pryce	0.55
pulsed	0.55
punters	0.55
purporting	0.55
qua	0.55
quantification	0.55
quiver	0.55
radiators	0.55
raffles	0.55
rawls	0.55
refereeing	0.55
reflexive	0.55
refuel	0.55
reina	0.55
reinventing	0.55
reliving	0.55
reminisce	0.55
reminiscing	0.55
renegades	0.55
repositories	0.55
repurposed	0.55
resistors	0.55
riled	0.55
roadster	0.55
robben	0.55
rodríguez	0.55
rofl	0.55
roos	0.55
rougher	0.55
salesperson	0.55
schumann	0.55
scolding	0.55
scones	0.55
sculptors	0.55
sedgwick	0.55
seeger	0.55
segal	0.55
sentinels	0.55
service's	0.55
seton	0.55
shad	0.55
shadowed	0.55
shadowing	0.55
shiite	0.55
shiraz	0.55
shitload	0.55
shouldered	0.55
simmonds	0.55
skillfully	0.55
skylight	0.55
skyrim	0.55
snacking	0.55
sneaked	0.55
snip	0.55
sombre	0.55
sotheby's	0.55
sou	0.55
spas	0.55
spector	0.55
spi	0.55
spokes	0.55
spool	0.55
sprouting	0.55
spurt	0.55
sputtering	0.55
ssa	0.55
stahl	0.55
stencil	0.55
stoker	0.55
strays	0.55
stressors	0.55
strictest	0.55
subjectivity	0.55
subliminal	0.55
substantiated	0.55
sunil	0.55
superstitions	0.55
suri	0.55
surrogates	0.55
symphonic	0.55
taekwondo	0.55
tagalog	0.55
taka	0.55
teak	0.55
teary	0.55
teases	0.55
teething	0.55
toowoomba	0.55
tortures	0.55
tps	0.55
transducer	0.55
tryna	0.55
tuba	0.55
turnip	0.55
tween	0.55
twofold	0.55
un's	0.55
uncontested	0.55
uncovers	0.55
underwriters	0.55
uprooted	0.55
upstart	0.55
ure	0.55
urea	0.55
uso	0.55
veritas	0.55
vicksburg	0.55
villainous	0.55
voluminous	0.55
vv	0.55
walkways	0.55
watanabe	0.55
weathers	0.55
weeding	0.55
widens	0.55
will's	0.55
winfield	0.55
winkler	0.55
wolf's	0.55
wonky	0.55
xavi	0.55
xfinity	0.55
yoshi	0.55
zebras	0.55
zhejiang	0.55
φ	0.55
abed	0.54
absolve	0.54
acapulco	0.54
adair	0.54
adieu	0.54
agonist	0.54
aground	0.54
airfare	0.54
alli	0.54
alternator	0.54
antiviral	0.54
arousing	0.54
ashcroft	0.54
aspired	0.54
asuka	0.54
atlanta's	0.54
austro	0.54
azhar	0.54
badlands	0.54
bari	0.54
baronet	0.54
batman's	0.54
battlestar	0.54
bdo	0.54
bearish	0.54
bebop	0.54
beginner's	0.54
bela	0.54
belting	0.54
bendigo	0.54
bilal	0.54
bilbo	0.54
bitumen	0.54
blythe	0.54
bobbie	0.54
boland	0.54
borges	0.54
braden	0.54
buss	0.54
butterfield	0.54
buzzard	0.54
bygone	0.54
cannibals	0.54
capers	0.54
carbine	0.54
carelessness	0.54
cbo	0.54
cdn	0.54
cech	0.54
cedars	0.54
certifying	0.54
cesc	0.54
chattering	0.54
chaz	0.54
chongqing	0.54
chucked	0.54
chuckling	0.54
commensurate	0.54
compressors	0.54
confounding	0.54
contaminate	0.54
copley	0.54
corgi	0.54
corsair	0.54
cortes	0.54
counterfeiting	0.54
couriers	0.54
craig's	0.54
cranking	0.54
cranks	0.54
crenshaw	0.54
crescendo	0.54
cuss	0.54
dalek	0.54
dauphin	0.54
death's	0.54
deepak	0.54
deformity	0.54
delevingne	0.54
dents	0.54
deviated	0.54
dibs	0.54
dickerson	0.54
dinghy	0.54
dipper	0.54
dipshit	0.54
discourages	0.54
disobey	0.54
disseminating	0.54
disturbs	0.54
diverge	0.54
dominoes	0.54
doughty	0.54
downpour	0.54
drifter	0.54
droids	0.54
dundas	0.54
durand	0.54
dusky	0.54
dystrophy	0.54
eastside	0.54
elizabeth's	0.54
eloquence	0.54
elvira	0.54
enhancer	0.54
enquirer	0.54
enslave	0.54
epitaph	0.54
etat	0.54
exclusions	0.54
excrement	0.54
expedient	0.54
fac	0.54
fallow	0.54
fanart	0.54
fen	0.54
fermi	0.54
fiddler	0.54
flagging	0.54
foal	0.54
foreclosed	0.54
forlorn	0.54
foucault	0.54
fragmentary	0.54
freetown	0.54
furlongs	0.54
gab	0.54
gambino	0.54
gateways	0.54
gaudy	0.54
gauss	0.54
gawd	0.54
gazed	0.54
ginsberg	0.54
girlie	0.54
gobble	0.54
godspeed	0.54
grandparent	0.54
grays	0.54
greeley	0.54
grout	0.54
grumman	0.54
gush	0.54
haddock	0.54
halogen	0.54
harald	0.54
harpoon	0.54
hartmann	0.54
haydn	0.54
hazmat	0.54
heros	0.54
highlighter	0.54
hirst	0.54
hom	0.54
homeopathic	0.54
homogenous	0.54
hors	0.54
hv	0.54
hydrology	0.54
hypoxia	0.54
iba	0.54
ibis	0.54
ibrahimovic	0.54
idealist	0.54
ifa	0.54
ih	0.54
incarnations	0.54
incited	0.54
incubated	0.54
indecisive	0.54
indefensible	0.54
indivisible	0.54
industrialist	0.54
ineffectual	0.54
inextricably	0.54
inflows	0.54
ingest	0.54
inhibitions	0.54
innermost	0.54
insecticides	0.54
insoluble	0.54
instrumentals	0.54
insulate	0.54
interconnection	0.54
introverted	0.54
invokes	0.54
isobel	0.54
issn	0.54
jah	0.54
jewell	0.54
jian	0.54
jitters	0.54
johnny's	0.54
jones's	0.54
kaine	0.54
katana	0.54
kendal	0.54
kessel	0.54
keyhole	0.54
kickers	0.54
kiosks	0.54
knighted	0.54
koenig	0.54
kota	0.54
kyu	0.54
lachlan	0.54
laredo	0.54
laughlin	0.54
lem	0.54
licensees	0.54
lloyd's	0.54
loafers	0.54
lovato	0.54
lymphocytes	0.54
lynched	0.54
maa	0.54
magda	0.54
mahdi	0.54
manipulations	0.54
margarine	0.54
mashup	0.54
massed	0.54
mauled	0.54
mayflower	0.54
meeks	0.54
mekong	0.54
melania	0.54
melanin	0.54
messina	0.54
millard	0.54
minis	0.54
mists	0.54
mobster	0.54
montevideo	0.54
moulds	0.54
murmurs	0.54
musty	0.54
muttered	0.54
mysql	0.54
nbn	0.54
nbs	0.54
neilson	0.54
neuropathy	0.54
neurotransmitter	0.54
neutrals	0.54
nevis	0.54
newsnight	0.54
niners	0.54
noam	0.54
normalcy	0.54
notts	0.54
nourished	0.54
nourishing	0.54
obituaries	0.54
oceanographic	0.54
okada	0.54
orissa	0.54
ormond	0.54
outcasts	0.54
outlay	0.54
outliers	0.54
overblown	0.54
overestimate	0.54
oxy	0.54
oxytocin	0.54
pandit	0.54
pandora's	0.54
partitioned	0.54
pathos	0.54
peacekeepers	0.54
ped	0.54
pellegrini	0.54
penetrates	0.54
peninsular	0.54
perrin	0.54
physicality	0.54
pickers	0.54
pid	0.54
pimple	0.54
platelets	0.54
poi	0.54
pomeroy	0.54
popeye	0.54
portraiture	0.54
post's	0.54
potable	0.54
potsdam	0.54
pout	0.54
precepts	0.54
predominately	0.54
privatized	0.54
psy	0.54
psychoactive	0.54
puffing	0.54
punctual	0.54
punishes	0.54
quadrangle	0.54
quezon	0.54
quickness	0.54
quito	0.54
raceway	0.54
rafting	0.54
rainer	0.54
rajan	0.54
raves	0.54
reaffirm	0.54
rebellions	0.54
reentry	0.54
rephrase	0.54
restaurant's	0.54
retrofit	0.54
reus	0.54
riker	0.54
river's	0.54
robustness	0.54
rogan	0.54
roleplaying	0.54
roped	0.54
roseanne	0.54
rosso	0.54
rubens	0.54
rubies	0.54
résumé	0.54
sade	0.54
salespeople	0.54
salutes	0.54
satisfactorily	0.54
savanna	0.54
scifi	0.54
scriptural	0.54
sedans	0.54
seedy	0.54
seuss	0.54
shandong	0.54
shawnee	0.54
skylar	0.54
sla	0.54
sleet	0.54
slugger	0.54
snarky	0.54
snr	0.54
sona	0.54
soooooo	0.54
sorghum	0.54
souza	0.54
spacer	0.54
spacetime	0.54
spartacus	0.54
spasm	0.54
spearhead	0.54
specialise	0.54
spl	0.54
sprites	0.54
squeal	0.54
squish	0.54
steppe	0.54
stubbornness	0.54
stubs	0.54
stunner	0.54
subcutaneous	0.54
subservient	0.54
substantiate	0.54
subtitled	0.54
subtracting	0.54
succinctly	0.54
summarily	0.54
summarised	0.54
supplementing	0.54
suresh	0.54
suspect's	0.54
swab	0.54
swarmed	0.54
swath	0.54
swordsman	0.54
synapses	0.54
tailors	0.54
tattered	0.54
technicality	0.54
tekken	0.54
terracotta	0.54
testicle	0.54
thickening	0.54
thing's	0.54
thrush	0.54
thunderbirds	0.54
tillman	0.54
tinge	0.54
tinnitus	0.54
toed	0.54
toure	0.54
trample	0.54
tribesmen	0.54
tribulations	0.54
tropic	0.54
tux	0.54
uncomplicated	0.54
unconnected	0.54
underweight	0.54
undetectable	0.54
unis	0.54
unprovoked	0.54
unremarkable	0.54
untrustworthy	0.54
unwin	0.54
villarreal	0.54
vilnius	0.54
volition	0.54
wane	0.54
wellcome	0.54
westerns	0.54
whittle	0.54
wields	0.54
willian	0.54
withstood	0.54
wor	0.54
wretch	0.54
xinhua	0.54
yakima	0.54
yamato	0.54
yolks	0.54
π	0.54
abetting	0.53
accolade	0.53
accommodates	0.53
addicting	0.53
addy	0.53
adoptions	0.53
adoring	0.53
aime	0.53
aimlessly	0.53
alfalfa	0.53
alleles	0.53
amphetamines	0.53
andrey	0.53
appellant	0.53
archetypes	0.53
ashanti	0.53
ashok	0.53
atelier	0.53
aunt's	0.53
australasia	0.53
axed	0.53
baguette	0.53
baloch	0.53
barbers	0.53
bear's	0.53
belichick	0.53
bioinformatics	0.53
bounties	0.53
breastfeed	0.53
brimstone	0.53
bristow	0.53
buhari	0.53
bunt	0.53
burly	0.53
butcher's	0.53
carbonated	0.53
carburetor	0.53
carrey	0.53
caruso	0.53
catacombs	0.53
categorization	0.53
caving	0.53
celts	0.53
ceo's	0.53
cessna	0.53
chara	0.53
cheetahs	0.53
chlamydia	0.53
chugging	0.53
classifies	0.53
cna	0.53
coach's	0.53
cobbler	0.53
cognizant	0.53
collared	0.53
colorado's	0.53
columnists	0.53
communes	0.53
conceit	0.53
concubine	0.53
conforms	0.53
confounded	0.53
conservatively	0.53
constrain	0.53
contraption	0.53
cookbooks	0.53
coolness	0.53
coughlin	0.53
covertly	0.53
covet	0.53
cpm	0.53
curbing	0.53
dales	0.53
dds	0.53
deacons	0.53
defenceless	0.53
depressions	0.53
dfw	0.53
diggs	0.53
dingy	0.53
disappearances	0.53
disengaged	0.53
disillusionment	0.53
dispatching	0.53
dolph	0.53
donahue	0.53
doodles	0.53
dougherty	0.53
driverless	0.53
droppings	0.53
drowsy	0.53
dunlap	0.53
duos	0.53
e's	0.53
elaboration	0.53
ele	0.53
elwood	0.53
eminently	0.53
emma's	0.53
emphasises	0.53
entre	0.53
eocene	0.53
epigenetic	0.53
equalled	0.53
eriksson	0.53
esprit	0.53
ess	0.53
ethnography	0.53
eunuch	0.53
exclaim	0.53
extort	0.53
falter	0.53
fanfiction	0.53
fantasize	0.53
feverish	0.53
fh	0.53
fibrillation	0.53
fissure	0.53
fizzy	0.53
flutes	0.53
football's	0.53
forcible	0.53
frenzied	0.53
freudian	0.53
frightful	0.53
ftw	0.53
fumbling	0.53
fund's	0.53
gat	0.53
geforce	0.53
genji	0.53
geopolitics	0.53
getter	0.53
glamorgan	0.53
gloriously	0.53
gourd	0.53
grander	0.53
grandfathers	0.53
grins	0.53
grocers	0.53
hadi	0.53
haider	0.53
haig	0.53
hallam	0.53
halter	0.53
hawker	0.53
hei	0.53
heisenberg	0.53
hijackers	0.53
historiography	0.53
hogarth	0.53
hollowed	0.53
houdini	0.53
hybridization	0.53
hyenas	0.53
i'ma	0.53
ibadan	0.53
icebreaker	0.53
idling	0.53
idolatry	0.53
iis	0.53
illawarra	0.53
indelible	0.53
indochina	0.53
infantile	0.53
infuse	0.53
inglewood	0.53
inheriting	0.53
iniesta	0.53
insuring	0.53
interplanetary	0.53
inv	0.53
irreverent	0.53
isd	0.53
isthmus	0.53
itinerant	0.53
jacky	0.53
jags	0.53
jeddah	0.53
jello	0.53
jud	0.53
judson	0.53
juke	0.53
juneau	0.53
kana	0.53
katarina	0.53
kenji	0.53
kiel	0.53
kincaid	0.53
kino	0.53
knopf	0.53
lakshmi	0.53
lanier	0.53
lazio	0.53
leniency	0.53
liber	0.53
lifeboats	0.53
lillard	0.53
lind	0.53
linens	0.53
lorenz	0.53
loudoun	0.53
lpg	0.53
luftwaffe	0.53
lurks	0.53
lymphatic	0.53
magdalena	0.53
mahler	0.53
malhotra	0.53
malleable	0.53
mannerisms	0.53
manta	0.53
marcellus	0.53
marek	0.53
marquess	0.53
matinee	0.53
matthew's	0.53
maxx	0.53
mds	0.53
mediating	0.53
mercurial	0.53
micheal	0.53
microwaves	0.53
middling	0.53
millionth	0.53
mlas	0.53
mollie	0.53
mores	0.53
mpeg	0.53
multimillion	0.53
myung	0.53
nae	0.53
narrates	0.53
neg	0.53
nelson's	0.53
nicaraguan	0.53
nim	0.53
noi	0.53
noooo	0.53
oni	0.53
outgrown	0.53
outpouring	0.53
overdone	0.53
overreact	0.53
parson	0.53
pele	0.53
pelham	0.53
perceiving	0.53
peregrine	0.53
peres	0.53
pers	0.53
personification	0.53
petitioners	0.53
pheromones	0.53
piecemeal	0.53
piglet	0.53
pilar	0.53
placeholder	0.53
plane's	0.53
playmate	0.53
pliny	0.53
pnc	0.53
poetics	0.53
pogo	0.53
politicized	0.53
popsicle	0.53
predisposition	0.53
prefrontal	0.53
preservatives	0.53
presumptive	0.53
proactively	0.53
psychoanalytic	0.53
pto	0.53
purdy	0.53
puri	0.53
pérez	0.53
racy	0.53
radha	0.53
radio's	0.53
raucous	0.53
receivable	0.53
reconciling	0.53
reconstituted	0.53
reincarnated	0.53
reinsurance	0.53
repress	0.53
resignations	0.53
resolutely	0.53
respectability	0.53
retainers	0.53
retrospectively	0.53
revolts	0.53
robocop	0.53
roleplay	0.53
rostov	0.53
rotted	0.53
rte	0.53
rusher	0.53
sanctum	0.53
scarface	0.53
scc	0.53
scooping	0.53
scrolled	0.53
seng	0.53
sensuality	0.53
seperate	0.53
sequoia	0.53
serpents	0.53
serrano	0.53
serrated	0.53
severing	0.53
shunt	0.53
smyrna	0.53
snes	0.53
solis	0.53
solver	0.53
southland	0.53
spaniel	0.53
ssn	0.53
stagger	0.53
stalin's	0.53
stalingrad	0.53
statuses	0.53
steels	0.53
steely	0.53
stent	0.53
stiffer	0.53
studio's	0.53
subtext	0.53
summa	0.53
sunflowers	0.53
supercharged	0.53
surety	0.53
susquehanna	0.53
swaziland	0.53
sweatpants	0.53
sweethearts	0.53
sylvie	0.53
syntactic	0.53
takahashi	0.53
talkie	0.53
tana	0.53
thang	0.53
theorized	0.53
thomas's	0.53
thrusts	0.53
tiebreaker	0.53
tnf	0.53
torquay	0.53
totalitarianism	0.53
treatises	0.53
trimble	0.53
ubc	0.53
ugg	0.53
unassuming	0.53
undersecretary	0.53
unintelligible	0.53
unorganized	0.53
upholds	0.53
usmc	0.53
vegeta	0.53
verdi	0.53
verity	0.53
victimization	0.53
weve	0.53
whiteside	0.53
whitmore	0.53
wicks	0.53
winking	0.53
withering	0.53
woodpecker	0.53
workstations	0.53
wrc	0.53
wtc	0.53
xin	0.53
xr	0.53
xvii	0.53
yip	0.53
youd	0.53
zigzag	0.53
zika	0.53
aah	0.52
abilene	0.52
abscess	0.52
absorbent	0.52
acorns	0.52
acrobatic	0.52
acuity	0.52
acura	0.52
adrien	0.52
aec	0.52
afrikaans	0.52
agate	0.52
airstrip	0.52
albanians	0.52
alkyl	0.52
alle	0.52
amassing	0.52
amo	0.52
ansel	0.52
antiquarian	0.52
antiseptic	0.52
arbitrage	0.52
archduke	0.52
aren	0.52
arizona's	0.52
ascetic	0.52
aspires	0.52
aster	0.52
attains	0.52
attenuation	0.52
australasian	0.52
avila	0.52
avionics	0.52
azad	0.52
bailey's	0.52
banshee	0.52
barbs	0.52
basingstoke	0.52
beastie	0.52
bedouin	0.52
beholden	0.52
beholder	0.52
benzema	0.52
blackrock	0.52
blogged	0.52
blushes	0.52
boas	0.52
bolivar	0.52
bookmarks	0.52
brahman	0.52
brahmin	0.52
brandeis	0.52
brentford	0.52
brinkley	0.52
brookes	0.52
bsp	0.52
bubblegum	0.52
bugatti	0.52
bungalows	0.52
burg	0.52
burp	0.52
buttoned	0.52
cano	0.52
canto	0.52
canvass	0.52
carolinas	0.52
cashback	0.52
castings	0.52
cathartic	0.52
catwoman	0.52
caucuses	0.52
cementing	0.52
centrifuge	0.52
cfp	0.52
chee	0.52
chestnuts	0.52
chávez	0.52
ciao	0.52
cinco	0.52
citywide	0.52
cliches	0.52
cocker	0.52
comanche	0.52
comatose	0.52
comforter	0.52
commissary	0.52
compilers	0.52
conclave	0.52
concoction	0.52
confers	0.52
conspire	0.52
consternation	0.52
corneal	0.52
cornet	0.52
cramming	0.52
crawler	0.52
cris	0.52
cruised	0.52
cuffed	0.52
cynic	0.52
daemon	0.52
dampen	0.52
dancehall	0.52
darwin's	0.52
decommissioned	0.52
defensible	0.52
demolishing	0.52
dentures	0.52
descriptor	0.52
diehard	0.52
differentiates	0.52
dipole	0.52
discoloration	0.52
disinfectant	0.52
dissipation	0.52
distracts	0.52
divider	0.52
dji	0.52
downsides	0.52
dsl	0.52
dts	0.52
dynamism	0.52
ealing	0.52
earnhardt	0.52
effigy	0.52
ehrlich	0.52
eisenberg	0.52
encroaching	0.52
encyclopaedia	0.52
entomology	0.52
erred	0.52
estes	0.52
estrada	0.52
everyman	0.52
excepting	0.52
exclaims	0.52
exclusives	0.52
excommunicated	0.52
exterminated	0.52
extravagance	0.52
facetime	0.52
factually	0.52
faker	0.52
falconer	0.52
fan's	0.52
figurehead	0.52
fina	0.52
fiscally	0.52
fjord	0.52
flowered	0.52
flume	0.52
flyover	0.52
focussing	0.52
foils	0.52
foy	0.52
freelancers	0.52
fretting	0.52
fuchs	0.52
gabriela	0.52
gales	0.52
gallbladder	0.52
gatherers	0.52
gauteng	0.52
gaya	0.52
geordie	0.52
germantown	0.52
gestational	0.52
gigabit	0.52
gillis	0.52
girdle	0.52
giselle	0.52
glut	0.52
godless	0.52
goldwater	0.52
grandsons	0.52
gripe	0.52
gruff	0.52
gurgaon	0.52
hahahahaha	0.52
haji	0.52
hark	0.52
harmonics	0.52
hatchery	0.52
haystack	0.52
hearthstone	0.52
hegel	0.52
heidegger	0.52
helga	0.52
helical	0.52
hemorrhagic	0.52
hibbert	0.52
holo	0.52
homies	0.52
hookah	0.52
hse	0.52
htm	0.52
humpback	0.52
hundredth	0.52
huntingdon	0.52
iglesias	0.52
igneous	0.52
imams	0.52
imperfection	0.52
implosion	0.52
incredulous	0.52
inherits	0.52
intensification	0.52
intercepts	0.52
interwoven	0.52
intrude	0.52
jeweler	0.52
jpmorgan	0.52
jumble	0.52
kagan	0.52
kagawa	0.52
kala	0.52
kenyatta	0.52
kimmy	0.52
kodi	0.52
konami	0.52
kpmg	0.52
krause	0.52
krebs	0.52
kyrgyz	0.52
labors	0.52
latched	0.52
latimer	0.52
lengthen	0.52
lewandowski	0.52
lineages	0.52
liqueur	0.52
locksmith	0.52
locusts	0.52
lolly	0.52
londoners	0.52
lynette	0.52
lyrically	0.52
maidstone	0.52
maimed	0.52
maisie	0.52
mallard	0.52
mallorca	0.52
mandating	0.52
marchand	0.52
mariachi	0.52
mccallum	0.52
mcd	0.52
mcneill	0.52
medvedev	0.52
memorizing	0.52
merc	0.52
metabolite	0.52
metlife	0.52
mezzanine	0.52
mgmt	0.52
midlife	0.52
mired	0.52
missoula	0.52
mistletoe	0.52
mmo	0.52
mmr	0.52
modality	0.52
modifiers	0.52
moly	0.52
monetize	0.52
monolith	0.52
monticello	0.52
moody's	0.52
mtb	0.52
mulan	0.52
mumps	0.52
mya	0.52
mystics	0.52
méxico	0.52
naturalists	0.52
needham	0.52
nesbitt	0.52
nils	0.52
nudist	0.52
nymphs	0.52
ochoa	0.52
oder	0.52
orgies	0.52
ortho	0.52
outlast	0.52
ozzie	0.52
pajama	0.52
panics	0.52
paratroopers	0.52
parliament's	0.52
partitioning	0.52
pathogenesis	0.52
pavements	0.52
pawnee	0.52
payloads	0.52
penney	0.52
pero	0.52
phoning	0.52
plunkett	0.52
pompeo	0.52
pon	0.52
potash	0.52
predisposed	0.52
presentable	0.52
processions	0.52
pronouncements	0.52
protectionism	0.52
provokes	0.52
purports	0.52
quinlan	0.52
rab	0.52
radiocarbon	0.52
raunchy	0.52
raya	0.52
rebuked	0.52
reconstructions	0.52
redesignated	0.52
reeks	0.52
refuges	0.52
relaying	0.52
remarking	0.52
resetting	0.52
reshuffle	0.52
responder	0.52
retiree	0.52
rewatching	0.52
rho	0.52
rommel	0.52
roughness	0.52
rudi	0.52
saf	0.52
saiyan	0.52
sala	0.52
salter	0.52
salve	0.52
sanatorium	0.52
savoury	0.52
scaly	0.52
scamming	0.52
scold	0.52
seducing	0.52
senpai	0.52
sentimentality	0.52
shabaab	0.52
shaolin	0.52
shimon	0.52
shined	0.52
slo	0.52
smearing	0.52
smudge	0.52
sociedad	0.52
speckled	0.52
stallone	0.52
subsidised	0.52
subtype	0.52
subtypes	0.52
supplanted	0.52
surfboard	0.52
swatch	0.52
sweatshirts	0.52
switchboard	0.52
synthesizer	0.52
taboos	0.52
tahir	0.52
tbilisi	0.52
teflon	0.52
telecoms	0.52
tempers	0.52
tencent	0.52
terrorized	0.52
terrorizing	0.52
tet	0.52
thebes	0.52
tibetans	0.52
tierney	0.52
tierra	0.52
toenails	0.52
tonya	0.52
toothpick	0.52
topshop	0.52
touting	0.52
tradesmen	0.52
transporters	0.52
travolta	0.52
trifecta	0.52
trois	0.52
trs	0.52
trumped	0.52
twinkling	0.52
underserved	0.52
undertones	0.52
unfairness	0.52
unwieldy	0.52
urinate	0.52
urology	0.52
v's	0.52
valley's	0.52
vero	0.52
vertebral	0.52
veteran's	0.52
vexed	0.52
vibrates	0.52
viennese	0.52
vignettes	0.52
vinson	0.52
vivienne	0.52
voc	0.52
vocalists	0.52
voids	0.52
wada	0.52
waitresses	0.52
warping	0.52
welbeck	0.52
westeros	0.52
whacked	0.52
whisperer	0.52
whitewash	0.52
whitewashed	0.52
widths	0.52
wingspan	0.52
winton	0.52
wiper	0.52
wipers	0.52
wristband	0.52
xxl	0.52
yarra	0.52
yeltsin	0.52
á	0.52
ε	0.52
θ	0.52
abdication	0.51
adirondack	0.51
admittance	0.51
adolph	0.51
aggravate	0.51
aia	0.51
airbase	0.51
aircraft's	0.51
alcohols	0.51
alpaca	0.51
alveolar	0.51
aly	0.51
ambivalence	0.51
amped	0.51
amphitheater	0.51
andrade	0.51
ansari	0.51
anthropogenic	0.51
appendages	0.51
appraisals	0.51
appraiser	0.51
arboretum	0.51
archivist	0.51
aretha	0.51
argent	0.51
argentina's	0.51
arraignment	0.51
arsehole	0.51
arvind	0.51
asahi	0.51
asgard	0.51
astrologer	0.51
awd	0.51
ball's	0.51
banknotes	0.51
beaker	0.51
belcher	0.51
belted	0.51
bereft	0.51
bezel	0.51
bhutto	0.51
bicentennial	0.51
biff	0.51
blackberries	0.51
blair's	0.51
blameless	0.51
blasio	0.51
blindfold	0.51
bobcat	0.51
bock	0.51
booties	0.51
borno	0.51
bottlenecks	0.51
bravado	0.51
brokered	0.51
bruce's	0.51
bruges	0.51
bucking	0.51
buffoon	0.51
bullseye	0.51
bumbling	0.51
byzantium	0.51
cagr	0.51
calderon	0.51
canaveral	0.51
candor	0.51
canines	0.51
capitalizing	0.51
carats	0.51
caretakers	0.51
cassava	0.51
cellulite	0.51
cervantes	0.51
changers	0.51
chaste	0.51
chucky	0.51
clamoring	0.51
clarke's	0.51
cobbled	0.51
communicable	0.51
compatriot	0.51
computations	0.51
concorde	0.51
consuls	0.51
conti	0.51
convergent	0.51
copd	0.51
cordova	0.51
cosmological	0.51
cossack	0.51
courtois	0.51
cpd	0.51
craps	0.51
crazies	0.51
creaking	0.51
creatine	0.51
creatives	0.51
crick	0.51
crohn's	0.51
cronin	0.51
crumbles	0.51
cypher	0.51
darnell	0.51
dazzled	0.51
decomposing	0.51
dekalb	0.51
demetrius	0.51
deploys	0.51
derision	0.51
dermal	0.51
destabilize	0.51
dfs	0.51
diameters	0.51
digimon	0.51
dollhouse	0.51
donned	0.51
dosages	0.51
dramatist	0.51
dressage	0.51
duc	0.51
dumont	0.51
dunks	0.51
dysentery	0.51
eas	0.51
ecologically	0.51
elaborating	0.51
emeralds	0.51
enumerated	0.51
executable	0.51
extradited	0.51
fait	0.51
fallin	0.51
faltered	0.51
farnsworth	0.51
fightin	0.51
filet	0.51
firmness	0.51
flannery	0.51
flipper	0.51
fml	0.51
fnc	0.51
follicle	0.51
foreclosures	0.51
frasier	0.51
frayed	0.51
frenchmen	0.51
furlong	0.51
genocidal	0.51
germination	0.51
geyser	0.51
gibbon	0.51
gilligan	0.51
gimp	0.51
glorifying	0.51
gonzo	0.51
goodie	0.51
gorges	0.51
graff	0.51
grainger	0.51
greaves	0.51
greening	0.51
greenleaf	0.51
greenwald	0.51
greenway	0.51
gresham	0.51
gretzky	0.51
grinders	0.51
griswold	0.51
grooms	0.51
grumble	0.51
guevara	0.51
hairspray	0.51
hani	0.51
hardback	0.51
harvey's	0.51
healthful	0.51
hearse	0.51
helplessly	0.51
heralds	0.51
herbicide	0.51
homemaker	0.51
hotdog	0.51
hots	0.51
hpa	0.51
hrt	0.51
huggins	0.51
hunan	0.51
hunched	0.51
hyena	0.51
hypnotized	0.51
igniting	0.51
illuminates	0.51
immaturity	0.51
impeding	0.51
impostor	0.51
incensed	0.51
inclement	0.51
inferences	0.51
ingesting	0.51
intercepting	0.51
iridescent	0.51
janssen	0.51
jinping	0.51
jordi	0.51
judi	0.51
justifiably	0.51
kannada	0.51
kata	0.51
kilowatt	0.51
knelt	0.51
kol	0.51
krystal	0.51
laborious	0.51
landfills	0.51
latter's	0.51
laval	0.51
lavishly	0.51
lazar	0.51
legible	0.51
lingual	0.51
liquidate	0.51
livable	0.51
lobo	0.51
loftus	0.51
loomed	0.51
lovejoy	0.51
lowercase	0.51
lpga	0.51
lusty	0.51
macao	0.51
maddening	0.51
malnourished	0.51
mami	0.51
manassas	0.51
manna	0.51
manufacturer's	0.51
maria's	0.51
martine	0.51
martínez	0.51
massaging	0.51
materiel	0.51
mchenry	0.51
menlo	0.51
mennonite	0.51
messier	0.51
mgr	0.51
microcosm	0.51
miki	0.51
mille	0.51
milos	0.51
miscarriages	0.51
misdeeds	0.51
mishra	0.51
mixtapes	0.51
moaned	0.51
monrovia	0.51
moro	0.51
muhammed	0.51
multifaceted	0.51
multiplicity	0.51
nac	0.51
nagpur	0.51
nasir	0.51
naylor	0.51
nba's	0.51
neurosurgeon	0.51
nist	0.51
niño	0.51
noe	0.51
norah	0.51
norbert	0.51
nullified	0.51
nutter	0.51
obsessively	0.51
occured	0.51
olde	0.51
ooze	0.51
orangutan	0.51
orbs	0.51
oregano	0.51
organics	0.51
orig	0.51
osmond	0.51
outdone	0.51
outplayed	0.51
outrageously	0.51
outro	0.51
pacino	0.51
palisades	0.51
palmer's	0.51
paloma	0.51
pandey	0.51
paraphrasing	0.51
parliamentarian	0.51
partied	0.51
passable	0.51
pasteur	0.51
pasting	0.51
patted	0.51
pease	0.51
peels	0.51
peeve	0.51
pendants	0.51
perishable	0.51
persie	0.51
personas	0.51
perv	0.51
pfc	0.51
photojournalist	0.51
pinks	0.51
plunges	0.51
politburo	0.51
polystyrene	0.51
pontiff	0.51
portrayals	0.51
postulated	0.51
pows	0.51
preemptive	0.51
pretender	0.51
primers	0.51
proletarian	0.51
prolonging	0.51
prong	0.51
prosthesis	0.51
prosthetics	0.51
psc	0.51
puny	0.51
qf	0.51
quantico	0.51
quarrels	0.51
quilted	0.51
quilts	0.51
radium	0.51
ramming	0.51
rancid	0.51
reassess	0.51
reb	0.51
recoverable	0.51
rectangles	0.51
rediscover	0.51
redistricting	0.51
ree	0.51
reissued	0.51
renner	0.51
reorganize	0.51
replayed	0.51
reservists	0.51
resonator	0.51
restlessness	0.51
retaliated	0.51
retirements	0.51
revives	0.51
revolted	0.51
robin's	0.51
rojas	0.51
roms	0.51
royalist	0.51
rpgs	0.51
ryo	0.51
savile	0.51
sawed	0.51
sayers	0.51
schilling	0.51
screenwriting	0.51
sculpt	0.51
selectivity	0.51
shatters	0.51
shopkeepers	0.51
sicker	0.51
signified	0.51
simi	0.51
sita	0.51
sizzle	0.51
skated	0.51
sloop	0.51
smu	0.51
snoopy	0.51
sobbed	0.51
spooner	0.51
spotter	0.51
squint	0.51
statisticians	0.51
stenosis	0.51
strathclyde	0.51
stv	0.51
subsystems	0.51
suffocation	0.51
surpluses	0.51
surrenders	0.51
syndication	0.51
tailgating	0.51
tama	0.51
tapestries	0.51
teamsters	0.51
technologists	0.51
tenfold	0.51
terrify	0.51
terry's	0.51
there're	0.51
thrall	0.51
throng	0.51
tianjin	0.51
togetherness	0.51
tolerances	0.51
tongs	0.51
topographical	0.51
traceable	0.51
trieste	0.51
trite	0.51
tryouts	0.51
tues	0.51
tusks	0.51
tylenol	0.51
undamaged	0.51
unpacked	0.51
unrivalled	0.51
urgh	0.51
urinating	0.51
verily	0.51
vga	0.51
vir	0.51
visualized	0.51
vitae	0.51
vocally	0.51
wadi	0.51
walkthrough	0.51
wallow	0.51
ward's	0.51
washroom	0.51
weldon	0.51
whigs	0.51
widgets	0.51
wilkie	0.51
wily	0.51
winks	0.51
wol	0.51
womack	0.51
wood's	0.51
workhouse	0.51
worshiping	0.51
wouldn	0.51
xian	0.51
z's	0.51
zum	0.51
zz	0.51
aam	0.50
abingdon	0.50
acetone	0.50
actuarial	0.50
adel	0.50
adventist	0.50
albemarle	0.50
alcatraz	0.50
allah's	0.50
allot	0.50
amine	0.50
amma	0.50
anathema	0.50
angelique	0.50
anni	0.50
anz	0.50
appeasement	0.50
appropriating	0.50
artisanal	0.50
ascertained	0.50
asperger's	0.50
auguste	0.50
aurelius	0.50
aureus	0.50
authorise	0.50
bacchus	0.50
bantam	0.50
barked	0.50
barrack	0.50
baseball's	0.50
batty	0.50
belive	0.50
bellow	0.50
belvedere	0.50
benefactors	0.50
betta	0.50
bhopal	0.50
bia	0.50
bitty	0.50
blurb	0.50
bonham	0.50
bonsai	0.50
boro	0.50
bosworth	0.50
boyish	0.50
bps	0.50
brian's	0.50
bron	0.50
bronte	0.50
brownlow	0.50
buckwheat	0.50
bushel	0.50
busses	0.50
bute	0.50
buttercup	0.50
calibrate	0.50
callback	0.50
campsites	0.50
candlestick	0.50
capricious	0.50
carcinogenic	0.50
cartagena	0.50
cataracts	0.50
cation	0.50
caveats	0.50
cdu	0.50
cel	0.50
centaur	0.50
centipede	0.50
chested	0.50
chiffon	0.50
chirp	0.50
chloroform	0.50
chromatin	0.50
citibank	0.50
clays	0.50
clichés	0.50
clogs	0.50
coaxial	0.50
colluding	0.50
colman	0.50
commutes	0.50
completions	0.50
conch	0.50
concocted	0.50
conditioners	0.50
condon	0.50
confucian	0.50
conspirator	0.50
conveyance	0.50
coronado	0.50
corrie	0.50
corsica	0.50
cosgrove	0.50
cotter	0.50
cottonwood	0.50
cranberries	0.50
crankshaft	0.50
crew's	0.50
cristo	0.50
crossbar	0.50
crème	0.50
cytokines	0.50
dawning	0.50
delicacies	0.50
demarcation	0.50
desai	0.50
desalination	0.50
desktops	0.50
determinations	0.50
dictatorships	0.50
digby	0.50
dildos	0.50
dimly	0.50
discernment	0.50
dislodge	0.50
dismembered	0.50
disrepair	0.50
dissertations	0.50
doings	0.50
doorman	0.50
drogba	0.50
duckworth	0.50
duets	0.50
dunfermline	0.50
eames	0.50
easement	0.50
ebitda	0.50
eis	0.50
eloise	0.50
emilie	0.50
emulated	0.50
emulating	0.50
endorphins	0.50
engrossed	0.50
entwined	0.50
eren	0.50
espinosa	0.50
euclidean	0.50
euler	0.50
evacuations	0.50
ewe	0.50
exponents	0.50
extraneous	0.50
exuberance	0.50
eyeglasses	0.50
falsehoods	0.50
familiarize	0.50
fap	0.50
fastening	0.50
fenwick	0.50
ferrous	0.50
feta	0.50
florian	0.50
forearms	0.50
foreboding	0.50
foster's	0.50
frieze	0.50
gangnam	0.50
gatekeeper	0.50
generation's	0.50
giacomo	0.50
glyn	0.50
golem	0.50
gossiping	0.50
gracias	0.50
grafting	0.50
granules	0.50
gridlock	0.50
guarantor	0.50
guard's	0.50
gujarati	0.50
gy	0.50
hanlon	0.50
happend	0.50
hares	0.50
haywood	0.50
herbaceous	0.50
herodotus	0.50
hightower	0.50
hilliard	0.50
hinckley	0.50
hither	0.50
hol	0.50
holbrook	0.50
homeboy	0.50
honing	0.50
honky	0.50
honorably	0.50
horan	0.50
hoskins	0.50
hoyer	0.50
humber	0.50
hurriedly	0.50
hyping	0.50
idioms	0.50
iga	0.50
illusory	0.50
illustrators	0.50
ilo	0.50
iman	0.50
inadequacy	0.50
inadvertent	0.50
inaudible	0.50
incapacity	0.50
indiana's	0.50
industrious	0.50
infects	0.50
inflating	0.50
ingress	0.50
insufferable	0.50
int'l	0.50
interred	0.50
interrogations	0.50
intrusions	0.50
isometric	0.50
j's	0.50
javi	0.50
jeeps	0.50
jett	0.50
jib	0.50
jinnah	0.50
journeyed	0.50
jute	0.50
kauffman	0.50
kejriwal	0.50
kel	0.50
kevlar	0.50
kkr	0.50
kristian	0.50
laissez	0.50
layoff	0.50
leica	0.50
leper	0.50
levee	0.50
lewin	0.50
lido	0.50
lise	0.50
loci	0.50
loos	0.50
lotteries	0.50
loudspeakers	0.50
lovett	0.50
lucerne	0.50
lurch	0.50
madrid's	0.50
magnificence	0.50
majid	0.50
majored	0.50
malaysians	0.50
malfunctions	0.50
mamas	0.50
mangoes	0.50
manipur	0.50
margaritas	0.50
martens	0.50
mason's	0.50
matchmaker	0.50
matlab	0.50
mattie	0.50
mayhew	0.50
mcphee	0.50
measly	0.50
megapixel	0.50
mellitus	0.50
meringue	0.50
miami's	0.50
minstrel	0.50
modesto	0.50
monaghan	0.50
mondo	0.50
moronic	0.50
mouthing	0.50
movement's	0.50
muddle	0.50
multidimensional	0.50
nabbed	0.50
nantes	0.50
narrate	0.50
nathalie	0.50
naturalism	0.50
navigated	0.50
neoclassical	0.50
neoliberalism	0.50
neutered	0.50
neve	0.50
neverland	0.50
newsworthy	0.50
nomura	0.50
normalizing	0.50
northerners	0.50
nts	0.50
oaxaca	0.50
obliterate	0.50
ocr	0.50
oeuvre	0.50
omnipresent	0.50
oneida	0.50
ontario's	0.50
ordinator	0.50
organisation's	0.50
osmosis	0.50
outcrops	0.50
overhang	0.50
oxley	0.50
paganism	0.50
pail	0.50
palatine	0.50
paleontology	0.50
parabolic	0.50
paradoxes	0.50
pare	0.50
parkour	0.50
parlance	0.50
permafrost	0.50
permutations	0.50
persecute	0.50
phat	0.50
pixies	0.50
plexus	0.50
politic	0.50
poncho	0.50
poolside	0.50
pornstars	0.50
preeminent	0.50
prefabricated	0.50
premiering	0.50
presbytery	0.50
preservative	0.50
presse	0.50
presser	0.50
prioritise	0.50
probs	0.50
propelling	0.50
propriety	0.50
provisionally	0.50
pythons	0.50
qbs	0.50
quartered	0.50
quigley	0.50
rainey	0.50
rapunzel	0.50
rattles	0.50
razed	0.50
recitals	0.50
reconstructing	0.50
rejuvenation	0.50
repatriated	0.50
reposted	0.50
resection	0.50
reseller	0.50
roald	0.50
robles	0.50
rockland	0.50
ruffle	0.50
saito	0.50
samar	0.50
sarcophagus	0.50
sardar	0.50
sarin	0.50
sartre	0.50
saud	0.50
scab	0.50
schenectady	0.50
schlesinger	0.50
scoot	0.50
scp	0.50
scratchy	0.50
scuffle	0.50
secede	0.50
seep	0.50
sensuous	0.50
shabbat	0.50
shakti	0.50
shanti	0.50
shaver	0.50
sherpa	0.50
showy	0.50
sideboard	0.50
silks	0.50
silliness	0.50
sills	0.50
sisi	0.50
skittles	0.50
skyler	0.50
skyrocket	0.50
smalling	0.50
sns	0.50
softest	0.50
sonora	0.50
sor	0.50
spate	0.50
spellings	0.50
splinters	0.50
squeezes	0.50
starks	0.50
stasi	0.50
stealthy	0.50
stereotyped	0.50
storybook	0.50
stowed	0.50
strobe	0.50
stryker	0.50
stylists	0.50
subduction	0.50
submersible	0.50
suburbia	0.50
sud	0.50
sulu	0.50
superlative	0.50
surmounted	0.50
swarovski	0.50
sylvan	0.50
symphonies	0.50
tabby	0.50
taiwan's	0.50
tamils	0.50
tatar	0.50
tatars	0.50
technologist	0.50
templars	0.50
terrorize	0.50
thorium	0.50
throes	0.50
tiananmen	0.50
tilts	0.50
tion	0.50
tomboy	0.50
tonsils	0.50
transfusions	0.50
traumas	0.50
triassic	0.50
tricycle	0.50
trp	0.50
truro	0.50
umass	0.50
unaltered	0.50
unapologetic	0.50
unclassified	0.50
uncool	0.50
unfavourable	0.50
unloved	0.50
unmasked	0.50
unsightly	0.50
uptick	0.50
urchin	0.50
vandal	0.50
vhf	0.50
villanova	0.50
violators	0.50
vise	0.50
vj	0.50
walsall	0.50
wasn	0.50
watertight	0.50
wavering	0.50
wherefore	0.50
whoo	0.50
wildflowers	0.50
windward	0.50
wip	0.50
witcher	0.50
wok	0.50
woodcock	0.50
xiang	0.50
xtreme	0.50
yahya	0.50
yoy	0.50
zag	0.50
zips	0.50
über	0.50
abstained	0.49
accretion	0.49
activator	0.49
aeroplanes	0.49
aerosmith	0.49
affirmations	0.49
afresh	0.49
ahs	0.49
allahabad	0.49
allotments	0.49
annular	0.49
appetizers	0.49
appleby	0.49
appraised	0.49
appreciable	0.49
aquila	0.49
arnaud	0.49
associative	0.49
asst	0.49
assuredly	0.49
atherosclerosis	0.49
auctioneers	0.49
augsburg	0.49
aural	0.49
automakers	0.49
bachmann	0.49
backroom	0.49
baited	0.49
banksy	0.49
bap	0.49
barracuda	0.49
bcc	0.49
beauchamp	0.49
beethoven's	0.49
belarusian	0.49
benefitting	0.49
benevolence	0.49
bettering	0.49
bewitched	0.49
bil	0.49
blazes	0.49
blimp	0.49
bls	0.49
bodywork	0.49
bondholders	0.49
bookcase	0.49
boucher	0.49
bracken	0.49
bridle	0.49
bruv	0.49
buddy's	0.49
buford	0.49
bullard	0.49
bullshitting	0.49
butterworth	0.49
cassini	0.49
castration	0.49
cathay	0.49
caudal	0.49
charing	0.49
cheeseburgers	0.49
chews	0.49
chiles	0.49
chillin	0.49
choruses	0.49
chowder	0.49
clary	0.49
clinching	0.49
cmd	0.49
cogs	0.49
collarbone	0.49
colonize	0.49
condolence	0.49
conjugated	0.49
conquerors	0.49
consents	0.49
constructively	0.49
cordoba	0.49
cov	0.49
crackle	0.49
crematorium	0.49
crests	0.49
croissant	0.49
crustaceans	0.49
cryin	0.49
cryogenic	0.49
curbs	0.49
dally	0.49
decoded	0.49
decontamination	0.49
defenceman	0.49
delle	0.49
delving	0.49
demonstrably	0.49
deniers	0.49
depositors	0.49
despises	0.49
devolve	0.49
devotes	0.49
dha	0.49
diana's	0.49
diffuser	0.49
dispersing	0.49
disposals	0.49
dj's	0.49
dominguez	0.49
dor	0.49
dpp	0.49
drucker	0.49
dupe	0.49
duster	0.49
eatery	0.49
electronica	0.49
elms	0.49
elongate	0.49
elude	0.49
embattled	0.49
employer's	0.49
enamored	0.49
encephalitis	0.49
ender	0.49
endowments	0.49
entertainments	0.49
enthralled	0.49
escalates	0.49
eskimos	0.49
eso	0.49
esplanade	0.49
etch	0.49
eustace	0.49
evangelists	0.49
excavating	0.49
expelling	0.49
eyewear	0.49
fairgrounds	0.49
fallacies	0.49
farted	0.49
favoritism	0.49
fenders	0.49
fervently	0.49
feudalism	0.49
fireproof	0.49
flounder	0.49
foetus	0.49
forthright	0.49
frans	0.49
gaon	0.49
gaylord	0.49
geisha	0.49
gelato	0.49
gemstones	0.49
giza	0.49
glade	0.49
glassy	0.49
gleefully	0.49
glycogen	0.49
gm's	0.49
godsend	0.49
gofundme	0.49
goodall	0.49
grasshoppers	0.49
groped	0.49
grubby	0.49
guan	0.49
gulch	0.49
gynecologist	0.49
hacienda	0.49
hairpin	0.49
halliday	0.49
hannah's	0.49
hannover	0.49
harnesses	0.49
hart's	0.49
haru	0.49
hatter	0.49
hausa	0.49
hawes	0.49
hazelnut	0.49
hbo's	0.49
hendrick	0.49
hiker	0.49
hilbert	0.49
hj	0.49
homologous	0.49
horseshit	0.49
howls	0.49
hsc	0.49
hummer	0.49
hydrating	0.49
hyo	0.49
icp	0.49
ifc	0.49
iffy	0.49
immovable	0.49
impaled	0.49
inspectorate	0.49
interstitial	0.49
inverter	0.49
iona	0.49
irate	0.49
isu	0.49
iverson	0.49
jake's	0.49
jeju	0.49
jezebel	0.49
jf	0.49
jizz	0.49
joliet	0.49
joshi	0.49
jugular	0.49
kean	0.49
kelli	0.49
kerrigan	0.49
kickstart	0.49
killian	0.49
kinsey	0.49
kirkwood	0.49
knockdown	0.49
konstantin	0.49
kor	0.49
krugman	0.49
ladd	0.49
lagoons	0.49
lapis	0.49
laramie	0.49
lessening	0.49
lethargic	0.49
lga	0.49
liberator	0.49
ligature	0.49
linkin	0.49
lipped	0.49
littering	0.49
livers	0.49
logan's	0.49
longhorns	0.49
loony	0.49
loveliest	0.49
lse	0.49
lynchburg	0.49
maggot	0.49
mahesh	0.49
malek	0.49
malkin	0.49
mambo	0.49
mandala	0.49
mandolin	0.49
manhattan's	0.49
margie	0.49
marinated	0.49
martinique	0.49
maryam	0.49
mbs	0.49
mcguinness	0.49
mcnulty	0.49
mediaeval	0.49
megaphone	0.49
megawatts	0.49
merci	0.49
milfs	0.49
militarism	0.49
millimetres	0.49
mim	0.49
misfortunes	0.49
mismatched	0.49
missus	0.49
miyazaki	0.49
moab	0.49
modernizing	0.49
moped	0.49
morrison's	0.49
moser	0.49
mountaineers	0.49
msf	0.49
mugging	0.49
multiplex	0.49
musica	0.49
más	0.49
nang	0.49
nar	0.49
nickels	0.49
nicol	0.49
noelle	0.49
o'grady	0.49
obstructions	0.49
odom	0.49
oktoberfest	0.49
oncologist	0.49
onside	0.49
opel	0.49
opiates	0.49
optimally	0.49
optionally	0.49
oscillating	0.49
outperformed	0.49
overlaid	0.49
overlapped	0.49
pamper	0.49
panacea	0.49
parc	0.49
parietal	0.49
parkes	0.49
patronizing	0.49
pauper	0.49
pedersen	0.49
peppered	0.49
pestilence	0.49
pews	0.49
pewter	0.49
philippa	0.49
philosophically	0.49
pineapples	0.49
pippin	0.49
pittsburg	0.49
plainfield	0.49
plenum	0.49
polygraph	0.49
popup	0.49
precipitate	0.49
principality	0.49
priori	0.49
professor's	0.49
pronged	0.49
proofing	0.49
propping	0.49
protease	0.49
proust	0.49
punchline	0.49
purges	0.49
px	0.49
queenstown	0.49
quintana	0.49
radish	0.49
rashad	0.49
rds	0.49
receded	0.49
reciprocate	0.49
recklessness	0.49
regenerating	0.49
remaking	0.49
repetitions	0.49
republic's	0.49
restock	0.49
restorations	0.49
retweets	0.49
reykjavik	0.49
rickie	0.49
roasts	0.49
rocha	0.49
rotunda	0.49
roundhouse	0.49
rowed	0.49
roy's	0.49
rpi	0.49
rushmore	0.49
sanctioning	0.49
sativa	0.49
savour	0.49
sawing	0.49
scarab	0.49
schengen	0.49
scoff	0.49
scythe	0.49
searle	0.49
secretions	0.49
sedated	0.49
semper	0.49
sepia	0.49
severus	0.49
shaffer	0.49
shamans	0.49
shipley	0.49
shoveling	0.49
shs	0.49
silvers	0.49
sinaloa	0.49
sketchbook	0.49
skirting	0.49
slapstick	0.49
slinging	0.49
smythe	0.49
so's	0.49
sourdough	0.49
spiking	0.49
spires	0.49
sprinters	0.49
sprouted	0.49
squirm	0.49
srt	0.49
staircases	0.49
stepdaughter	0.49
stm	0.49
stoney	0.49
strategists	0.49
stupendous	0.49
sunbathing	0.49
supercars	0.49
surrealism	0.49
surya	0.49
sys	0.49
tabitha	0.49
tabor	0.49
takashi	0.49
tarrant	0.49
tca	0.49
telepathic	0.49
telescopic	0.49
tellers	0.49
telstra	0.49
tenderly	0.49
termite	0.49
theron	0.49
thicke	0.49
thickens	0.49
thongs	0.49
thurs	0.49
tig	0.49
tiger's	0.49
timetables	0.49
tortoises	0.49
transcriptional	0.49
transgenic	0.49
trimmer	0.49
trudy	0.49
twa	0.49
ucc	0.49
underscored	0.49
undiagnosed	0.49
unease	0.49
univision	0.49
unrequited	0.49
uptime	0.49
urinal	0.49
urls	0.49
usf	0.49
usurped	0.49
vagabond	0.49
vamos	0.49
vanuatu	0.49
varna	0.49
vaseline	0.49
vedas	0.49
vestiges	0.49
vipers	0.49
virtualization	0.49
visage	0.49
vk	0.49
warne	0.49
webcams	0.49
wechat	0.49
weeps	0.49
wel	0.49
wether	0.49
wham	0.49
wien	0.49
winked	0.49
woodville	0.49
woohoo	0.49
wook	0.49
writhing	0.49
wuhan	0.49
yardage	0.49
yg	0.49
yue	0.49
zeitung	0.49
zing	0.49
zumba	0.49
ablation	0.48
abo	0.48
accelerators	0.48
actuator	0.48
adkins	0.48
admirals	0.48
adrenalin	0.48
advertises	0.48
agribusiness	0.48
aguirre	0.48
aig	0.48
aja	0.48
aleksandr	0.48
algorithmic	0.48
alignments	0.48
alleviating	0.48
alsace	0.48
amass	0.48
amok	0.48
anatolia	0.48
androgen	0.48
angina	0.48
animating	0.48
anthologies	0.48
apolitical	0.48
apologist	0.48
appalachia	0.48
arcades	0.48
archeology	0.48
arian	0.48
asf	0.48
astrological	0.48
attaché	0.48
auger	0.48
ayala	0.48
babble	0.48
babs	0.48
baillie	0.48
balinese	0.48
bankruptcies	0.48
barman	0.48
barrows	0.48
baruch	0.48
bay's	0.48
beachfront	0.48
beatrix	0.48
beckman	0.48
berlusconi	0.48
bic	0.48
blighted	0.48
blinks	0.48
bloodborne	0.48
borrowings	0.48
botha	0.48
bottas	0.48
bouncers	0.48
brea	0.48
buoys	0.48
cady	0.48
camouflaged	0.48
cardi	0.48
carrera	0.48
cartesian	0.48
catalogued	0.48
catastrophes	0.48
cerberus	0.48
chalkboard	0.48
chantal	0.48
chappelle	0.48
charlestown	0.48
cheerios	0.48
chica	0.48
childress	0.48
chorizo	0.48
chubb	0.48
cockney	0.48
collated	0.48
comically	0.48
commoners	0.48
compiles	0.48
conde	0.48
conjoined	0.48
conservationists	0.48
controversially	0.48
credo	0.48
crevices	0.48
cri	0.48
critter	0.48
csc	0.48
culminates	0.48
cytoplasm	0.48
dap	0.48
darpa	0.48
ddr	0.48
deadbeat	0.48
debauchery	0.48
decrepit	0.48
dejected	0.48
democratization	0.48
denison	0.48
dented	0.48
deprecating	0.48
derided	0.48
designates	0.48
despatched	0.48
dimples	0.48
dirtiest	0.48
djibouti	0.48
domenico	0.48
driest	0.48
dubbing	0.48
dubuque	0.48
durbin	0.48
dweller	0.48
dynastic	0.48
edouard	0.48
edward's	0.48
eea	0.48
elan	0.48
elinor	0.48
elkins	0.48
elo	0.48
embarrassingly	0.48
embolism	0.48
enclose	0.48
engine's	0.48
entree	0.48
enzymatic	0.48
eradicating	0.48
esmeralda	0.48
esophageal	0.48
essen	0.48
euston	0.48
figueroa	0.48
firs	0.48
flashlights	0.48
flaunting	0.48
flavoring	0.48
flirtatious	0.48
flue	0.48
formulae	0.48
frankfort	0.48
frescoes	0.48
fuckery	0.48
furness	0.48
futurama	0.48
fwd	0.48
gam	0.48
gandhi's	0.48
gatherer	0.48
generative	0.48
gentleness	0.48
ghouls	0.48
globalist	0.48
gnarly	0.48
gnostic	0.48
grassley	0.48
greenbelt	0.48
grier	0.48
griggs	0.48
guadalajara	0.48
handicrafts	0.48
haphazard	0.48
harrison's	0.48
haus	0.48
headliners	0.48
hempstead	0.48
hippos	0.48
hollande	0.48
huck	0.48
hyperion	0.48
hypersensitivity	0.48
inaccuracy	0.48
inadmissible	0.48
indecision	0.48
indomitable	0.48
infidel	0.48
inhabits	0.48
ini	0.48
inr	0.48
insemination	0.48
insinuating	0.48
inst	0.48
intelligible	0.48
intervenes	0.48
ionizing	0.48
irrevocably	0.48
islets	0.48
ivanov	0.48
jayden	0.48
jimbo	0.48
jocks	0.48
juba	0.48
judgemental	0.48
jurisdictional	0.48
kama	0.48
kenosha	0.48
kentucky's	0.48
kidnapper	0.48
kiran	0.48
knesset	0.48
krusty	0.48
krypton	0.48
kuan	0.48
kuo	0.48
lagrange	0.48
lapel	0.48
laverne	0.48
leaped	0.48
liao	0.48
lichen	0.48
liechtenstein	0.48
lindbergh	0.48
lino	0.48
litmus	0.48
llewellyn	0.48
longman	0.48
magellan	0.48
magnificently	0.48
magnify	0.48
malachi	0.48
marnie	0.48
marques	0.48
masha	0.48
matador	0.48
maxed	0.48
mccain's	0.48
mcdougall	0.48
mcm	0.48
mda	0.48
meera	0.48
megatron	0.48
mehmet	0.48
mendel	0.48
meniscus	0.48
menthol	0.48
methodically	0.48
mightily	0.48
misjudged	0.48
miso	0.48
monotone	0.48
monstrosity	0.48
mordecai	0.48
moseley	0.48
mourns	0.48
mowed	0.48
mst	0.48
muskets	0.48
mutter	0.48
naismith	0.48
nationale	0.48
navigators	0.48
neb	0.48
netflix's	0.48
nineveh	0.48
nostril	0.48
nothings	0.48
notting	0.48
numeral	0.48
oddity	0.48
odious	0.48
odo	0.48
offbeat	0.48
officio	0.48
omb	0.48
omens	0.48
operandi	0.48
opie	0.48
opportunist	0.48
orifice	0.48
ornamentation	0.48
overcoat	0.48
overreaction	0.48
overused	0.48
pag	0.48
pah	0.48
painkiller	0.48
panchayat	0.48
pansy	0.48
parading	0.48
parte	0.48
parti	0.48
pathologists	0.48
patter	0.48
peerage	0.48
peirce	0.48
peloton	0.48
permissive	0.48
phrased	0.48
pieced	0.48
pittman	0.48
placate	0.48
ploughed	0.48
polynomials	0.48
posited	0.48
postsecondary	0.48
powdery	0.48
ppe	0.48
pram	0.48
prescriptive	0.48
preying	0.48
psst	0.48
purifying	0.48
puritans	0.48
pushback	0.48
quads	0.48
radicalized	0.48
ragnar	0.48
ramesh	0.48
rampart	0.48
rapporteur	0.48
rav	0.48
rcs	0.48
reaped	0.48
recesses	0.48
redeemable	0.48
redistribute	0.48
redistributed	0.48
refraction	0.48
reinvented	0.48
rejections	0.48
rejuvenated	0.48
reloading	0.48
reminiscences	0.48
remittances	0.48
remus	0.48
renewals	0.48
renter	0.48
revels	0.48
revolvers	0.48
ringside	0.48
rinsed	0.48
riverbank	0.48
rockingham	0.48
rog	0.48
ronin	0.48
roofed	0.48
rouen	0.48
rourke	0.48
rousey	0.48
rowers	0.48
sab	0.48
safes	0.48
saif	0.48
salma	0.48
sarkozy	0.48
scoundrel	0.48
scouted	0.48
sdi	0.48
seamstress	0.48
sevastopol	0.48
shifty	0.48
showman	0.48
sibley	0.48
siobhan	0.48
slacking	0.48
slashes	0.48
slob	0.48
sneezes	0.48
snubbed	0.48
sojourn	0.48
sounders	0.48
soured	0.48
sousa	0.48
southernmost	0.48
spitzer	0.48
splatter	0.48
sputnik	0.48
squirting	0.48
stanhope	0.48
stipulate	0.48
stipulations	0.48
straddle	0.48
subbing	0.48
sumter	0.48
suzie	0.48
swatches	0.48
sweeten	0.48
swinger	0.48
talib	0.48
tallies	0.48
talons	0.48
tawny	0.48
tbd	0.48
tenured	0.48
terriers	0.48
thereon	0.48
throwaway	0.48
thunderous	0.48
tiffany's	0.48
tigris	0.48
transcontinental	0.48
trims	0.48
trott	0.48
tui	0.48
tweezers	0.48
twerking	0.48
typographical	0.48
ubi	0.48
unbeknownst	0.48
unchained	0.48
unedited	0.48
unelected	0.48
unleashes	0.48
uplands	0.48
uppsala	0.48
upstanding	0.48
vallejo	0.48
vapors	0.48
verma	0.48
vertebra	0.48
viaduct	0.48
vino	0.48
voracious	0.48
warbler	0.48
wart	0.48
wasabi	0.48
waterworks	0.48
wettest	0.48
whammy	0.48
whedon	0.48
whines	0.48
whitechapel	0.48
wich	0.48
wilful	0.48
willa	0.48
wisconsin's	0.48
wittgenstein	0.48
wolfsburg	0.48
wye	0.48
xia	0.48
yams	0.48
yorktown	0.48
yui	0.48
zeitgeist	0.48
на	0.48
aaron's	0.47
abb	0.47
accentuate	0.47
adf	0.47
adipose	0.47
adjudication	0.47
adl	0.47
advices	0.47
affording	0.47
aggravation	0.47
aggregator	0.47
agua	0.47
ainsworth	0.47
airforce	0.47
ait	0.47
aldermen	0.47
alvarado	0.47
amazonian	0.47
aml	0.47
amorous	0.47
anabolic	0.47
andersson	0.47
anemic	0.47
anima	0.47
anointing	0.47
apologising	0.47
apostrophe	0.47
appellation	0.47
appendage	0.47
appendicitis	0.47
appropriateness	0.47
aquariums	0.47
artur	0.47
ary	0.47
ashley's	0.47
assad's	0.47
autumnal	0.47
awash	0.47
backstreet	0.47
bagley	0.47
balling	0.47
bandai	0.47
banerjee	0.47
banishment	0.47
baptised	0.47
basra	0.47
bate	0.47
bawling	0.47
bayard	0.47
bayonets	0.47
beastly	0.47
becket	0.47
beetroot	0.47
berkley	0.47
beto	0.47
billy's	0.47
bim	0.47
birdies	0.47
blockbusters	0.47
bluffing	0.47
bonita	0.47
bonjour	0.47
boomed	0.47
boson	0.47
brainchild	0.47
brawn	0.47
bridegroom	0.47
buh	0.47
bulwark	0.47
butthurt	0.47
candidly	0.47
cappella	0.47
capsized	0.47
carne	0.47
cartman	0.47
cec	0.47
chapo	0.47
chatsworth	0.47
chauncey	0.47
chien	0.47
chippewa	0.47
christa	0.47
ciara	0.47
ciudad	0.47
conciliatory	0.47
condensate	0.47
condiments	0.47
conferring	0.47
convening	0.47
correspondingly	0.47
corrigan	0.47
crit	0.47
crouched	0.47
crusoe	0.47
crybaby	0.47
culpability	0.47
cyberpunk	0.47
deflecting	0.47
desegregation	0.47
deserters	0.47
deservedly	0.47
devalued	0.47
digress	0.47
dijon	0.47
dinesh	0.47
disappoints	0.47
discus	0.47
distinctively	0.47
diverged	0.47
division's	0.47
dla	0.47
dnr	0.47
doa	0.47
dryers	0.47
dumbarton	0.47
eatin	0.47
ece	0.47
eduard	0.47
elaborately	0.47
elevates	0.47
empathize	0.47
encrypt	0.47
endocrinology	0.47
energetically	0.47
energize	0.47
enix	0.47
entertains	0.47
estimator	0.47
event's	0.47
excellently	0.47
exerts	0.47
extrusion	0.47
facades	0.47
fagan	0.47
farnham	0.47
felling	0.47
fester	0.47
feuding	0.47
flexed	0.47
flywheel	0.47
foams	0.47
foregone	0.47
foreshadowed	0.47
foreshadowing	0.47
formosa	0.47
fortnightly	0.47
fourths	0.47
freshest	0.47
fringed	0.47
ftse	0.47
fulcrum	0.47
funnels	0.47
furman	0.47
gaiman	0.47
galbraith	0.47
gallic	0.47
geddes	0.47
ghosh	0.47
gilliam	0.47
gilroy	0.47
ginseng	0.47
gnomes	0.47
goodrich	0.47
goodwood	0.47
gophers	0.47
goths	0.47
grandest	0.47
greece's	0.47
grimy	0.47
gsp	0.47
gung	0.47
gunter	0.47
hadid	0.47
hanukkah	0.47
hardball	0.47
hargreaves	0.47
harriman	0.47
hatcher	0.47
headstone	0.47
heil	0.47
herbicides	0.47
heterogeneity	0.47
hibiscus	0.47
hillman	0.47
hin	0.47
hitchens	0.47
hob	0.47
hows	0.47
hwan	0.47
hyperactive	0.47
hysterectomy	0.47
iberia	0.47
icky	0.47
identically	0.47
immediacy	0.47
immunotherapy	0.47
improvising	0.47
inbreeding	0.47
incisive	0.47
inconspicuous	0.47
indebtedness	0.47
indentured	0.47
infiniti	0.47
inhabitant	0.47
inhospitable	0.47
inoperable	0.47
instigate	0.47
insufficiently	0.47
intercession	0.47
interferon	0.47
intersects	0.47
irrevocable	0.47
irritability	0.47
islet	0.47
israelite	0.47
ivoire	0.47
jaden	0.47
jaffe	0.47
janie	0.47
jefferies	0.47
jessica's	0.47
johansen	0.47
jonathon	0.47
juris	0.47
kaduna	0.47
kcal	0.47
ker	0.47
keychain	0.47
khorasan	0.47
kojima	0.47
kraus	0.47
kravitz	0.47
krieger	0.47
laity	0.47
landlocked	0.47
latterly	0.47
leaner	0.47
legos	0.47
leukaemia	0.47
leyte	0.47
licensure	0.47
lighthouses	0.47
lingua	0.47
lipton	0.47
llamas	0.47
lts	0.47
lucy's	0.47
luminaries	0.47
lz	0.47
makings	0.47
maldonado	0.47
maleficent	0.47
maniacs	0.47
manifolds	0.47
maradona	0.47
marrakech	0.47
mauro	0.47
mcfly	0.47
mckinsey	0.47
mcl	0.47
medea	0.47
mek	0.47
mesmerized	0.47
midge	0.47
milked	0.47
minotaur	0.47
misfit	0.47
miu	0.47
moana	0.47
moorish	0.47
morgana	0.47
mosquitos	0.47
mottled	0.47
moulton	0.47
mountaineer	0.47
mountainside	0.47
mov	0.47
mp's	0.47
mucous	0.47
mulholland	0.47
murmuring	0.47
mvc	0.47
myer	0.47
mythos	0.47
naa	0.47
najib	0.47
nationalized	0.47
nca	0.47
neutrinos	0.47
nips	0.47
northside	0.47
nuevo	0.47
nus	0.47
nusra	0.47
obamas	0.47
obelisk	0.47
oddball	0.47
offload	0.47
ohio's	0.47
osa	0.47
osteoarthritis	0.47
otago	0.47
outcrop	0.47
outlander	0.47
overestimated	0.47
overloading	0.47
overthrowing	0.47
oxfam	0.47
padua	0.47
pageants	0.47
paley	0.47
panning	0.47
pari	0.47
pariah	0.47
parka	0.47
parke	0.47
paton	0.47
peddle	0.47
peerless	0.47
pentium	0.47
permanence	0.47
permeable	0.47
personhood	0.47
pil	0.47
pillage	0.47
pistachio	0.47
planing	0.47
plebiscite	0.47
ploughing	0.47
poisson	0.47
polynesia	0.47
polyurethane	0.47
posit	0.47
poughkeepsie	0.47
precipice	0.47
presuming	0.47
protégé	0.47
puked	0.47
queued	0.47
quickie	0.47
rahim	0.47
raina	0.47
ralston	0.47
randi	0.47
ravages	0.47
ravenous	0.47
realy	0.47
rearranging	0.47
reclusive	0.47
reek	0.47
regenerated	0.47
regimens	0.47
reinhold	0.47
reinstall	0.47
rena	0.47
req	0.47
resold	0.47
rimmed	0.47
rind	0.47
riparian	0.47
risers	0.47
riverfront	0.47
rosebud	0.47
rosé	0.47
rtd	0.47
ruck	0.47
rumsfeld	0.47
runaways	0.47
salamander	0.47
santorum	0.47
sats	0.47
satya	0.47
scalpel	0.47
scraper	0.47
scribbled	0.47
scrutinize	0.47
seatbelts	0.47
sedate	0.47
senator's	0.47
sfa	0.47
shallower	0.47
shaves	0.47
sheep's	0.47
shou	0.47
shriek	0.47
simulates	0.47
singularly	0.47
sinkhole	0.47
skimpy	0.47
slavs	0.47
sloped	0.47
snore	0.47
solaris	0.47
sooners	0.47
sorceress	0.47
spaceflight	0.47
spe	0.47
spender	0.47
sphincter	0.47
spooks	0.47
sport's	0.47
squires	0.47
stalinist	0.47
stank	0.47
sternum	0.47
stockbroker	0.47
stoppers	0.47
storytellers	0.47
strachan	0.47
strangulation	0.47
stratification	0.47
stratified	0.47
streaked	0.47
stretchy	0.47
subject's	0.47
suckling	0.47
sucrose	0.47
suleiman	0.47
sundae	0.47
sundry	0.47
supercomputer	0.47
svetlana	0.47
swampy	0.47
synapse	0.47
tasking	0.47
tidings	0.47
toothache	0.47
tranquillity	0.47
transitive	0.47
trickling	0.47
trigonometry	0.47
trimmings	0.47
tupperware	0.47
tur	0.47
tutelage	0.47
twos	0.47
typhus	0.47
uhf	0.47
unaffiliated	0.47
unconscionable	0.47
underlines	0.47
unflattering	0.47
unrecognizable	0.47
uns	0.47
unscheduled	0.47
unstructured	0.47
vagrant	0.47
veracruz	0.47
viacom	0.47
vidya	0.47
vlog	0.47
voiceless	0.47
volga	0.47
volgograd	0.47
waka	0.47
walkout	0.47
wands	0.47
wearables	0.47
whosoever	0.47
willamette	0.47
wimpy	0.47
woodman	0.47
wordplay	0.47
work's	0.47
worthing	0.47
aarp	0.46
abou	0.46
abstractions	0.46
acceptor	0.46
acrobatics	0.46
aerobics	0.46
afd	0.46
alabama's	0.46
alertness	0.46
alleyway	0.46
amenity	0.46
angrier	0.46
antilles	0.46
arabella	0.46
arnhem	0.46
arno	0.46
ascribe	0.46
aso	0.46
athlete's	0.46
athos	0.46
attenuated	0.46
atticus	0.46
atx	0.46
augusto	0.46
avenging	0.46
azerbaijani	0.46
backcountry	0.46
bandana	0.46
bangles	0.46
barbarism	0.46
bareback	0.46
battlefront	0.46
bcci	0.46
beaters	0.46
bennett's	0.46
berne	0.46
biddle	0.46
billet	0.46
binaries	0.46
blackmailing	0.46
blissfully	0.46
bloodied	0.46
bobby's	0.46
boneless	0.46
borealis	0.46
brainless	0.46
breadcrumbs	0.46
breathable	0.46
bridged	0.46
brightening	0.46
bristle	0.46
buffaloes	0.46
bulkhead	0.46
bund	0.46
bur	0.46
burglaries	0.46
cacti	0.46
canaries	0.46
carded	0.46
carpool	0.46
cashew	0.46
cashiers	0.46
cavernous	0.46
ccm	0.46
cd's	0.46
cece	0.46
chaff	0.46
changeable	0.46
chaperone	0.46
chlorophyll	0.46
chroma	0.46
claret	0.46
cloister	0.46
clothe	0.46
clutched	0.46
cochlear	0.46
coen	0.46
complainants	0.46
comps	0.46
concomitant	0.46
constipated	0.46
consults	0.46
consummated	0.46
contemplates	0.46
coppola	0.46
corby	0.46
creationism	0.46
credential	0.46
crump	0.46
crunches	0.46
csp	0.46
cthulhu	0.46
ctv	0.46
cuba's	0.46
curiosities	0.46
cymbals	0.46
côte	0.46
danforth	0.46
danny's	0.46
darkening	0.46
darrow	0.46
debs	0.46
debunking	0.46
decompose	0.46
ded	0.46
deepens	0.46
deformities	0.46
denier	0.46
denounces	0.46
destabilizing	0.46
detaining	0.46
determinism	0.46
dieu	0.46
digesting	0.46
dimmed	0.46
dingo	0.46
disaffected	0.46
disheartened	0.46
dispossessed	0.46
dissecting	0.46
dma	0.46
domicile	0.46
dominions	0.46
don'ts	0.46
donne	0.46
dreamland	0.46
dumbfounded	0.46
ecc	0.46
effie	0.46
effing	0.46
egotistical	0.46
elgar	0.46
elmore	0.46
emirate	0.46
empire's	0.46
encrusted	0.46
enticed	0.46
eph	0.46
erudite	0.46
estuaries	0.46
faintest	0.46
fasteners	0.46
fed's	0.46
fervour	0.46
fiends	0.46
finders	0.46
flattening	0.46
flirts	0.46
foursome	0.46
franchising	0.46
francophone	0.46
froth	0.46
furlough	0.46
galatians	0.46
galicia	0.46
galleria	0.46
gambled	0.46
garnering	0.46
gentlemen's	0.46
ghettos	0.46
gnawing	0.46
growths	0.46
gru	0.46
guile	0.46
gurley	0.46
hallo	0.46
hallows	0.46
hamiltonian	0.46
hangovers	0.46
havre	0.46
heartedly	0.46
heft	0.46
henrique	0.46
hibs	0.46
hideaway	0.46
hilarity	0.46
hiller	0.46
hillsides	0.46
holyrood	0.46
homeworld	0.46
homey	0.46
hortons	0.46
ils	0.46
imparted	0.46
impersonate	0.46
impropriety	0.46
inactivation	0.46
incompatibility	0.46
infact	0.46
instalments	0.46
intermediates	0.46
interment	0.46
introverts	0.46
irked	0.46
ivor	0.46
jardin	0.46
jbl	0.46
jemima	0.46
jenni	0.46
josh's	0.46
json	0.46
junkyard	0.46
jurists	0.46
juxtaposed	0.46
kaufmann	0.46
kennels	0.46
keri	0.46
kingship	0.46
kinshasa	0.46
kourtney	0.46
laa	0.46
lando	0.46
larissa	0.46
launceston	0.46
legitimize	0.46
leif	0.46
lifelike	0.46
lilian	0.46
lioness	0.46
lobos	0.46
locates	0.46
loin	0.46
loire	0.46
longterm	0.46
loveable	0.46
lovey	0.46
lowndes	0.46
lyin	0.46
maastricht	0.46
machine's	0.46
machinist	0.46
mainz	0.46
mandible	0.46
manhole	0.46
margate	0.46
marginalised	0.46
marigold	0.46
marinade	0.46
marla	0.46
matted	0.46
mattis	0.46
mcarthur	0.46
mcclain	0.46
mccord	0.46
melancholic	0.46
merlot	0.46
methodists	0.46
metoo	0.46
michal	0.46
middlemen	0.46
mineralogy	0.46
minibus	0.46
misdemeanors	0.46
modifies	0.46
modulus	0.46
monarchies	0.46
monogamy	0.46
monotony	0.46
mopping	0.46
mormonism	0.46
mortally	0.46
moveable	0.46
multinationals	0.46
musculoskeletal	0.46
mut	0.46
myeloma	0.46
nast	0.46
natty	0.46
navies	0.46
neapolitan	0.46
nebulous	0.46
negated	0.46
neurotransmitters	0.46
newberry	0.46
newspaper's	0.46
nilsson	0.46
nok	0.46
nots	0.46
nozzles	0.46
nrg	0.46
nucleotides	0.46
nwa	0.46
oberlin	0.46
obscuring	0.46
occlusion	0.46
oliveira	0.46
opa	0.46
osgood	0.46
outlived	0.46
overdoses	0.46
owen's	0.46
paralegal	0.46
pared	0.46
payrolls	0.46
peckham	0.46
peterson's	0.46
petrov	0.46
pieter	0.46
pikes	0.46
pim	0.46
pining	0.46
pinoy	0.46
piranha	0.46
pix	0.46
pocketed	0.46
ponte	0.46
porter's	0.46
posits	0.46
postmortem	0.46
postscript	0.46
prehistory	0.46
preterm	0.46
prismatic	0.46
prophesied	0.46
prototyping	0.46
prowl	0.46
psv	0.46
ptc	0.46
publisher's	0.46
pugs	0.46
puja	0.46
punchy	0.46
purr	0.46
pussycat	0.46
quagmire	0.46
quaid	0.46
quash	0.46
rackets	0.46
radiates	0.46
rafe	0.46
rahm	0.46
railed	0.46
raindrops	0.46
rajesh	0.46
ransacked	0.46
readability	0.46
reba	0.46
recieve	0.46
recieved	0.46
reciprocated	0.46
redman	0.46
redox	0.46
reductive	0.46
refundable	0.46
reinvestment	0.46
remedied	0.46
renews	0.46
replaying	0.46
repose	0.46
reptilian	0.46
restful	0.46
retraining	0.46
rewrote	0.46
riccardo	0.46
ricochet	0.46
rifts	0.46
rishi	0.46
rona	0.46
room's	0.46
rosh	0.46
rubric	0.46
savagely	0.46
scallop	0.46
scavengers	0.46
schoolmaster	0.46
schoolwork	0.46
scoffed	0.46
scoping	0.46
scoreline	0.46
searchers	0.46
seedling	0.46
setters	0.46
shaikh	0.46
shanty	0.46
shao	0.46
sharepoint	0.46
shat	0.46
sheba	0.46
sherri	0.46
shrew	0.46
shrimps	0.46
shush	0.46
signor	0.46
silencer	0.46
sind	0.46
singin	0.46
sited	0.46
slacker	0.46
sleight	0.46
smoldering	0.46
snowmobile	0.46
soapy	0.46
soloists	0.46
southgate	0.46
sovereigns	0.46
spaceships	0.46
spatially	0.46
speaker's	0.46
spectroscopic	0.46
speedily	0.46
spidey	0.46
spiky	0.46
stilts	0.46
stoddard	0.46
stoning	0.46
stp	0.46
straddling	0.46
strikeout	0.46
styrofoam	0.46
subpoenaed	0.46
subprime	0.46
subtleties	0.46
succumbing	0.46
sulfuric	0.46
sunroof	0.46
suppresses	0.46
surabaya	0.46
surrealist	0.46
suspenseful	0.46
swartz	0.46
tallinn	0.46
tanked	0.46
tattooing	0.46
tbi	0.46
tchaikovsky	0.46
tcm	0.46
teleportation	0.46
temperamental	0.46
teutonic	0.46
thakur	0.46
thiel	0.46
tock	0.46
tolerating	0.46
toning	0.46
traditionalist	0.46
trickier	0.46
tripartite	0.46
trujillo	0.46
tsai	0.46
twirling	0.46
udp	0.46
ultima	0.46
understudy	0.46
unguarded	0.46
unionized	0.46
unscientific	0.46
untamed	0.46
uo	0.46
upa	0.46
usn	0.46
utilisation	0.46
venn	0.46
vermilion	0.46
vesicles	0.46
vfx	0.46
victorians	0.46
visualizing	0.46
vivien	0.46
vor	0.46
vps	0.46
wafers	0.46
waver	0.46
weaning	0.46
webbing	0.46
wehrmacht	0.46
whoosh	0.46
winifred	0.46
winterfell	0.46
wmd	0.46
wooing	0.46
workloads	0.46
wracking	0.46
wring	0.46
xenophon	0.46
yar	0.46
ypres	0.46
zipped	0.46
zorro	0.46
è	0.46
özil	0.46
abduct	0.45
abolitionist	0.45
adama	0.45
adb	0.45
addie	0.45
aether	0.45
affluence	0.45
agave	0.45
airport's	0.45
alexey	0.45
algebras	0.45
alhambra	0.45
amazons	0.45
amicus	0.45
amritsar	0.45
andaman	0.45
apothecary	0.45
applauds	0.45
apricots	0.45
art's	0.45
asbury	0.45
ashleigh	0.45
attica	0.45
audience's	0.45
authoring	0.45
ayer	0.45
backwoods	0.45
baddies	0.45
bagpipes	0.45
bainbridge	0.45
balsamic	0.45
bandcamp	0.45
barf	0.45
batten	0.45
beaks	0.45
beefy	0.45
benchmarking	0.45
benedictine	0.45
benitez	0.45
benning	0.45
berks	0.45
bernier	0.45
beseech	0.45
blackadder	0.45
blasters	0.45
bledsoe	0.45
boars	0.45
bodega	0.45
boing	0.45
bombard	0.45
bram	0.45
britannica	0.45
broads	0.45
brownlee	0.45
bru	0.45
buffon	0.45
butler's	0.45
camcorder	0.45
canola	0.45
casillas	0.45
casters	0.45
castrated	0.45
cav	0.45
cava	0.45
cbp	0.45
centre's	0.45
chapin	0.45
chipmunk	0.45
chronicling	0.45
chucking	0.45
chutney	0.45
claiborne	0.45
claire's	0.45
cllr	0.45
cochin	0.45
coda	0.45
coders	0.45
coker	0.45
colluded	0.45
colonoscopy	0.45
commies	0.45
compaq	0.45
composting	0.45
conceiving	0.45
conciliation	0.45
concurred	0.45
conjugation	0.45
conklin	0.45
contreras	0.45
coombs	0.45
coos	0.45
corollary	0.45
couldn	0.45
counterbalance	0.45
courtiers	0.45
cringing	0.45
cui	0.45
culminate	0.45
customised	0.45
cuyahoga	0.45
cybercrime	0.45
cytochrome	0.45
czechoslovak	0.45
darien	0.45
defaced	0.45
deh	0.45
dendritic	0.45
deporting	0.45
desecration	0.45
destinies	0.45
devo	0.45
devos	0.45
didactic	0.45
diversifying	0.45
do's	0.45
domestication	0.45
dominicans	0.45
dominick	0.45
donning	0.45
dorothea	0.45
drape	0.45
drax	0.45
drinkin	0.45
droplet	0.45
drunkard	0.45
dst	0.45
duds	0.45
dur	0.45
earp	0.45
electives	0.45
emphasising	0.45
enabler	0.45
endpoints	0.45
enforcers	0.45
engrossing	0.45
epistles	0.45
epithelium	0.45
ergonomics	0.45
eric's	0.45
eugenie	0.45
eukaryotic	0.45
evaporates	0.45
evers	0.45
excitable	0.45
fanned	0.45
ferro	0.45
fes	0.45
fevers	0.45
flaring	0.45
flirtation	0.45
flor	0.45
fora	0.45
fords	0.45
foresters	0.45
formulaic	0.45
frisky	0.45
funnily	0.45
garrisons	0.45
genesee	0.45
gerrymandering	0.45
ghibli	0.45
giant's	0.45
giulia	0.45
givers	0.45
glenda	0.45
glynn	0.45
gpl	0.45
gregorian	0.45
grisly	0.45
guesswork	0.45
gutting	0.45
gymnasts	0.45
haemorrhage	0.45
hairdressers	0.45
handpicked	0.45
handsets	0.45
harpercollins	0.45
hdl	0.45
head's	0.45
hendry	0.45
herndon	0.45
hetero	0.45
hollows	0.45
homeostasis	0.45
homeschooling	0.45
huckleberry	0.45
hutt	0.45
iguana	0.45
impassable	0.45
impatiently	0.45
imprints	0.45
incinerator	0.45
inclinations	0.45
individualistic	0.45
init	0.45
innit	0.45
insolent	0.45
instituting	0.45
insulator	0.45
invert	0.45
invertebrate	0.45
iridium	0.45
irrefutable	0.45
ivo	0.45
jacobi	0.45
jameis	0.45
jammer	0.45
jewry	0.45
jnr	0.45
jovial	0.45
jupiter's	0.45
justin's	0.45
kbs	0.45
kde	0.45
kenobi	0.45
keynesian	0.45
kidnappings	0.45
kippur	0.45
kitts	0.45
kohn	0.45
korn	0.45
kristy	0.45
laine	0.45
lasso	0.45
lattes	0.45
launder	0.45
laura's	0.45
legislated	0.45
lemma	0.45
lexie	0.45
lian	0.45
lillie	0.45
loaders	0.45
lonsdale	0.45
lowkey	0.45
ma's	0.45
mahi	0.45
maker's	0.45
manatee	0.45
mansour	0.45
mcilroy	0.45
mdc	0.45
meehan	0.45
mesothelioma	0.45
mib	0.45
minnesota's	0.45
mire	0.45
mlp	0.45
modulate	0.45
moisturizing	0.45
molybdenum	0.45
moncton	0.45
morecambe	0.45
motocross	0.45
motorcade	0.45
motorcyclist	0.45
moya	0.45
murakami	0.45
mussel	0.45
namaste	0.45
nanotubes	0.45
ncc	0.45
necessitates	0.45
neue	0.45
nihilism	0.45
nonchalant	0.45
noob	0.45
ntsb	0.45
nyx	0.45
obispo	0.45
oilfield	0.45
opportune	0.45
oppressor	0.45
orcas	0.45
orchestration	0.45
osi	0.45
oth	0.45
ouija	0.45
palmyra	0.45
panamanian	0.45
parapet	0.45
patterning	0.45
pejorative	0.45
penalize	0.45
penning	0.45
penrose	0.45
perseus	0.45
petitioning	0.45
pgs	0.45
pharaohs	0.45
phonograph	0.45
piggyback	0.45
pinochet	0.45
planetarium	0.45
poli	0.45
polis	0.45
porches	0.45
portico	0.45
postures	0.45
powerlifting	0.45
ppd	0.45
pravda	0.45
premarital	0.45
procreation	0.45
projective	0.45
proteus	0.45
pyramidal	0.45
qq	0.45
quarks	0.45
quashed	0.45
queried	0.45
quidditch	0.45
quivering	0.45
radeon	0.45
raff	0.45
rainforests	0.45
ramblings	0.45
ramparts	0.45
rasa	0.45
rascals	0.45
rebooted	0.45
receivership	0.45
redd	0.45
redstone	0.45
redux	0.45
reed's	0.45
refills	0.45
replenished	0.45
replenishment	0.45
rhoda	0.45
riveted	0.45
rok	0.45
romantics	0.45
rosette	0.45
rouhani	0.45
rsi	0.45
sacs	0.45
sainsbury's	0.45
saluting	0.45
sanguine	0.45
sav	0.45
saxophonist	0.45
scone	0.45
scs	0.45
seeping	0.45
sein	0.45
seminoles	0.45
serendipity	0.45
shareholding	0.45
shatner	0.45
shem	0.45
shim	0.45
shona	0.45
sian	0.45
smallville	0.45
solano	0.45
sophomores	0.45
soya	0.45
splattered	0.45
spr	0.45
squander	0.45
ssp	0.45
stalkers	0.45
stans	0.45
steen	0.45
steeple	0.45
sth	0.45
stig	0.45
stillborn	0.45
sturgis	0.45
superintendents	0.45
suspenders	0.45
suu	0.45
swerved	0.45
syndicates	0.45
tajik	0.45
tamer	0.45
taunted	0.45
taverns	0.45
tba	0.45
teasers	0.45
ted's	0.45
teenaged	0.45
thaddeus	0.45
thematically	0.45
timescale	0.45
toc	0.45
toke	0.45
toting	0.45
trademarked	0.45
trampling	0.45
tramways	0.45
transcended	0.45
twit	0.45
uaw	0.45
unconcerned	0.45
underbelly	0.45
underfunded	0.45
underperforming	0.45
undp	0.45
unlisted	0.45
unpredictability	0.45
uti	0.45
venezuela's	0.45
ventricle	0.45
vichy	0.45
vieira	0.45
vietnam's	0.45
vittorio	0.45
vulva	0.45
wahlberg	0.45
waistband	0.45
wap	0.45
warhammer	0.45
wayland	0.45
welker	0.45
whistled	0.45
wikimedia	0.45
winless	0.45
wipeout	0.45
wizardry	0.45
woollen	0.45
wooster	0.45
wyman	0.45
xrp	0.45
yamada	0.45
yuen	0.45
zanu	0.45
zonal	0.45
abatement	0.44
accentuated	0.44
acidification	0.44
acropolis	0.44
adaption	0.44
aer	0.44
agi	0.44
ahoy	0.44
aix	0.44
ako	0.44
allo	0.44
alston	0.44
alva	0.44
amiga	0.44
amplifying	0.44
anatoly	0.44
andrés	0.44
ann's	0.44
anorexic	0.44
anthropomorphic	0.44
aprons	0.44
archiving	0.44
arif	0.44
armoury	0.44
aro	0.44
arraigned	0.44
artichoke	0.44
attendances	0.44
autonomic	0.44
avignon	0.44
awh	0.44
baboon	0.44
baca	0.44
backfield	0.44
bahadur	0.44
bakes	0.44
balled	0.44
bally	0.44
bandung	0.44
barnum	0.44
bba	0.44
beaux	0.44
beeps	0.44
begotten	0.44
beleaguered	0.44
bennie	0.44
berlin's	0.44
bicarbonate	0.44
bigg	0.44
biome	0.44
birthed	0.44
boarder	0.44
boardman	0.44
bollinger	0.44
boudoir	0.44
bough	0.44
bounding	0.44
bowery	0.44
browned	0.44
brunner	0.44
bse	0.44
capo	0.44
carl's	0.44
casio	0.44
catalyzed	0.44
categorised	0.44
caterer	0.44
cay	0.44
celibate	0.44
chancel	0.44
chekhov	0.44
chiming	0.44
chivas	0.44
christendom	0.44
cmdr	0.44
cockburn	0.44
coltrane	0.44
commonality	0.44
congratulates	0.44
congratulation	0.44
congratulatory	0.44
conlon	0.44
conquers	0.44
contactless	0.44
continuance	0.44
cooney	0.44
cordless	0.44
costumed	0.44
countrywide	0.44
cre	0.44
creepers	0.44
crony	0.44
cru	0.44
cryptographic	0.44
csm	0.44
dabbled	0.44
daffodils	0.44
dalian	0.44
danbury	0.44
dartmoor	0.44
darwinism	0.44
deadwood	0.44
deceleration	0.44
defaulting	0.44
denmark's	0.44
denny's	0.44
detergents	0.44
deva	0.44
developmentally	0.44
dhl	0.44
dickheads	0.44
dicky	0.44
diffused	0.44
dint	0.44
dioceses	0.44
disagreeable	0.44
disapproving	0.44
disembodied	0.44
dishonored	0.44
dockyard	0.44
doctored	0.44
duffel	0.44
dumbo	0.44
ecole	0.44
efron	0.44
eindhoven	0.44
elektra	0.44
emaciated	0.44
emcee	0.44
endoscopy	0.44
envied	0.44
epps	0.44
ergonomic	0.44
especial	0.44
estradiol	0.44
exemplify	0.44
fanaticism	0.44
fattening	0.44
feller	0.44
fifi	0.44
fillets	0.44
fingernail	0.44
fireside	0.44
fis	0.44
fishman	0.44
fissures	0.44
fisted	0.44
flinging	0.44
floodplain	0.44
foodies	0.44
franchisees	0.44
freemasonry	0.44
fugue	0.44
funders	0.44
garber	0.44
gateshead	0.44
gelding	0.44
gerardo	0.44
gibson's	0.44
gj	0.44
glandular	0.44
glaser	0.44
glean	0.44
gliders	0.44
glo	0.44
golding	0.44
gonzález	0.44
greenspan	0.44
growls	0.44
guerre	0.44
gutsy	0.44
hafiz	0.44
haim	0.44
handiwork	0.44
handjob	0.44
handlebars	0.44
hangouts	0.44
hastened	0.44
hawai'i	0.44
hoff	0.44
holtz	0.44
homelands	0.44
homicidal	0.44
hovers	0.44
hurrying	0.44
hyacinth	0.44
hydroxy	0.44
ichi	0.44
ici	0.44
imitates	0.44
impersonator	0.44
ince	0.44
indi	0.44
inez	0.44
intergenerational	0.44
intricately	0.44
invigorating	0.44
inwardly	0.44
ise	0.44
italic	0.44
itll	0.44
jac	0.44
jarrod	0.44
javed	0.44
jenson	0.44
jfc	0.44
jie	0.44
jure	0.44
jürgen	0.44
kane's	0.44
keira	0.44
khyber	0.44
kilkenny	0.44
killer's	0.44
kimura	0.44
kochi	0.44
kroos	0.44
laban	0.44
laguardia	0.44
lallana	0.44
lanky	0.44
lar	0.44
lawrie	0.44
linebackers	0.44
loitering	0.44
lookalike	0.44
loveless	0.44
lurid	0.44
luzon	0.44
lviv	0.44
malays	0.44
marconi	0.44
marti	0.44
memoriam	0.44
merited	0.44
mesquite	0.44
metcalfe	0.44
microns	0.44
misnomer	0.44
mmorpg	0.44
mobilisation	0.44
mobsters	0.44
modulator	0.44
molest	0.44
monetization	0.44
morgantown	0.44
mountaintop	0.44
mournful	0.44
mrt	0.44
muh	0.44
mullah	0.44
mumbled	0.44
muscled	0.44
nagy	0.44
neeson	0.44
nettles	0.44
nicked	0.44
nodules	0.44
nurse's	0.44
nuttall	0.44
nws	0.44
oba	0.44
obstinate	0.44
oddities	0.44
office's	0.44
ontological	0.44
opined	0.44
optimisation	0.44
opts	0.44
oreos	0.44
orphanages	0.44
ospreys	0.44
outbuildings	0.44
overrule	0.44
ozark	0.44
pacify	0.44
pales	0.44
paraffin	0.44
pds	0.44
peculiarities	0.44
pere	0.44
periodontal	0.44
peruse	0.44
petulant	0.44
phenomenology	0.44
philology	0.44
photographer's	0.44
pinus	0.44
piqued	0.44
pis	0.44
platitudes	0.44
pleated	0.44
pled	0.44
pnp	0.44
pointedly	0.44
pollinators	0.44
polygons	0.44
powerball	0.44
pretence	0.44
priyanka	0.44
progressions	0.44
psl	0.44
psychotherapist	0.44
pum	0.44
punctuality	0.44
purring	0.44
puttin	0.44
rashes	0.44
rath	0.44
reade	0.44
reals	0.44
rebuffed	0.44
recuperate	0.44
remi	0.44
renoir	0.44
retweet	0.44
revoking	0.44
rigidly	0.44
ripening	0.44
riskier	0.44
rivets	0.44
roblox	0.44
rollo	0.44
rots	0.44
ryanair	0.44
salina	0.44
salome	0.44
sandpaper	0.44
sandstorm	0.44
scepter	0.44
scorch	0.44
scribble	0.44
scurvy	0.44
searchlight	0.44
sentries	0.44
señor	0.44
sharpie	0.44
shayne	0.44
sheena	0.44
sheeting	0.44
shipwrecked	0.44
shudders	0.44
sickened	0.44
silverado	0.44
singaporeans	0.44
singly	0.44
sitters	0.44
skyrocketing	0.44
smc	0.44
softbank	0.44
sot	0.44
soweto	0.44
sported	0.44
spotlights	0.44
squealing	0.44
stallions	0.44
stannis	0.44
starcraft	0.44
stiletto	0.44
stipe	0.44
stockpiling	0.44
stooge	0.44
stranger's	0.44
strep	0.44
stringing	0.44
subjugation	0.44
sunnis	0.44
superman's	0.44
surrogacy	0.44
tamworth	0.44
tangential	0.44
teardrop	0.44
tera	0.44
theseus	0.44
thieving	0.44
toews	0.44
toga	0.44
toiletries	0.44
tommy's	0.44
toolbar	0.44
tour's	0.44
tpa	0.44
transference	0.44
transphobic	0.44
traverses	0.44
tribulation	0.44
trill	0.44
twisty	0.44
tye	0.44
unchanging	0.44
unfunded	0.44
universality	0.44
universidad	0.44
unmet	0.44
unsteady	0.44
untied	0.44
unturned	0.44
uplink	0.44
us's	0.44
vaccinate	0.44
vax	0.44
veered	0.44
vestibule	0.44
vestry	0.44
vigo	0.44
vitaly	0.44
voluptuous	0.44
vx	0.44
wagering	0.44
watchin	0.44
weasley	0.44
weevil	0.44
whatever's	0.44
whirling	0.44
whitlock	0.44
windham	0.44
winehouse	0.44
wintry	0.44
worshipers	0.44
wycombe	0.44
xe	0.44
xing	0.44
yas	0.44
yow	0.44
zealots	0.44
zim	0.44
abubakar	0.43
acadia	0.43
acetyl	0.43
achievers	0.43
acrobat	0.43
actuators	0.43
afi	0.43
agora	0.43
airline's	0.43
aldershot	0.43
algarve	0.43
allende	0.43
alumina	0.43
ambien	0.43
amicably	0.43
amiibo	0.43
amphibian	0.43
amputee	0.43
analogues	0.43
anchovies	0.43
anjali	0.43
annie's	0.43
apu	0.43
ashtray	0.43
asics	0.43
askew	0.43
assoc	0.43
assyria	0.43
astana	0.43
athenians	0.43
attendee	0.43
authenticate	0.43
aviva	0.43
awoken	0.43
backline	0.43
backtrack	0.43
bada	0.43
baffle	0.43
baguio	0.43
balk	0.43
banquets	0.43
batavia	0.43
beckons	0.43
belles	0.43
bested	0.43
bicep	0.43
bioshock	0.43
bligh	0.43
bloating	0.43
bodybuilders	0.43
boulton	0.43
braintree	0.43
braised	0.43
breakups	0.43
brecht	0.43
brest	0.43
buckland	0.43
bulimia	0.43
bureau's	0.43
burrowing	0.43
buyback	0.43
byes	0.43
caltech	0.43
camp's	0.43
campion	0.43
canter	0.43
cantilever	0.43
caressing	0.43
carpal	0.43
cdl	0.43
cem	0.43
cements	0.43
cfm	0.43
chalked	0.43
chan's	0.43
cheetos	0.43
cine	0.43
cleveland's	0.43
cloaks	0.43
cnt	0.43
coastguard	0.43
coasting	0.43
cobble	0.43
coc	0.43
colonisation	0.43
commander's	0.43
conduits	0.43
conferencing	0.43
contaminating	0.43
convulsions	0.43
coopers	0.43
copernicus	0.43
cornbread	0.43
corso	0.43
corwin	0.43
costas	0.43
cqc	0.43
creamed	0.43
creeped	0.43
cronulla	0.43
crowbar	0.43
crowell	0.43
crudely	0.43
cuisines	0.43
cytoplasmic	0.43
dca	0.43
deakin	0.43
dedicates	0.43
deleterious	0.43
delft	0.43
delineated	0.43
demeanour	0.43
depressants	0.43
desiree	0.43
detritus	0.43
dillard	0.43
dimple	0.43
disengagement	0.43
dishing	0.43
disintegrating	0.43
disown	0.43
disproved	0.43
distilleries	0.43
distilling	0.43
distorts	0.43
divinely	0.43
dorky	0.43
dormer	0.43
downplayed	0.43
driftwood	0.43
drivel	0.43
durga	0.43
dyslexic	0.43
dystopia	0.43
eateries	0.43
eda	0.43
effeminate	0.43
eldon	0.43
electrolysis	0.43
elses	0.43
embarks	0.43
emotionless	0.43
emphysema	0.43
endometriosis	0.43
entitles	0.43
eritrean	0.43
etta	0.43
euthanized	0.43
excision	0.43
exogenous	0.43
expandable	0.43
extractor	0.43
faerie	0.43
faulted	0.43
fel	0.43
fernández	0.43
ferrets	0.43
fet	0.43
fillies	0.43
fleshed	0.43
footballs	0.43
foresaw	0.43
foreskin	0.43
friendlier	0.43
futurist	0.43
gabbana	0.43
gaffney	0.43
gaga's	0.43
gang's	0.43
ganja	0.43
genial	0.43
geophysics	0.43
gerd	0.43
gibb	0.43
givenchy	0.43
goalless	0.43
gogo	0.43
gold's	0.43
gooch	0.43
gra	0.43
grafted	0.43
gti	0.43
gulliver	0.43
gunnery	0.43
gurion	0.43
hairdo	0.43
haitians	0.43
hala	0.43
hallucinating	0.43
hardie	0.43
harrell	0.43
headlong	0.43
helen's	0.43
herrick	0.43
hesitating	0.43
heuristic	0.43
hick	0.43
hombre	0.43
homology	0.43
hopefuls	0.43
hopi	0.43
host's	0.43
howes	0.43
humerus	0.43
hunky	0.43
hunt's	0.43
hypertrophy	0.43
iceman	0.43
incestuous	0.43
iniquity	0.43
initiator	0.43
inman	0.43
innovating	0.43
interviewees	0.43
ironclad	0.43
jabbar	0.43
jacobsen	0.43
jalen	0.43
johnathan	0.43
joiner	0.43
jonathan's	0.43
jordy	0.43
joão	0.43
kavanagh	0.43
kaz	0.43
kearns	0.43
keepin	0.43
kiddies	0.43
kilimanjaro	0.43
kirchner	0.43
kon	0.43
kristi	0.43
kwame	0.43
lactate	0.43
landers	0.43
lansdowne	0.43
lapped	0.43
lather	0.43
leaching	0.43
ledges	0.43
leed	0.43
linde	0.43
loathed	0.43
lovelace	0.43
luge	0.43
lumberjack	0.43
lunchbox	0.43
lye	0.43
madsen	0.43
mahmood	0.43
mahmud	0.43
manmade	0.43
marauders	0.43
mccaffrey	0.43
mci	0.43
meld	0.43
mended	0.43
mendelssohn	0.43
mettle	0.43
militancy	0.43
molars	0.43
monochromatic	0.43
motherly	0.43
moulin	0.43
munchies	0.43
muni	0.43
munson	0.43
nannies	0.43
narayan	0.43
navarre	0.43
nestlé	0.43
nhk	0.43
nhtsa	0.43
nightstand	0.43
noh	0.43
northernmost	0.43
notifies	0.43
npp	0.43
ntsc	0.43
nunavut	0.43
officiated	0.43
okey	0.43
optically	0.43
orgs	0.43
ouster	0.43
outdo	0.43
outlive	0.43
oxymoron	0.43
palmetto	0.43
pastels	0.43
patronize	0.43
paulina	0.43
pfa	0.43
phelan	0.43
phonological	0.43
pinkerton	0.43
pinkish	0.43
pissy	0.43
play's	0.43
plundering	0.43
poa	0.43
polymorphism	0.43
pontoon	0.43
postoperative	0.43
powershell	0.43
prescribes	0.43
pretrial	0.43
primus	0.43
prisoner's	0.43
probationary	0.43
professorship	0.43
promontory	0.43
proportioned	0.43
prozac	0.43
psychics	0.43
pushkin	0.43
pygmy	0.43
pym	0.43
quakes	0.43
quarrying	0.43
quin	0.43
r's	0.43
rada	0.43
raines	0.43
ramones	0.43
raytheon	0.43
rearrangement	0.43
rearview	0.43
refocus	0.43
regains	0.43
regime's	0.43
registries	0.43
relevancy	0.43
renegotiate	0.43
rensselaer	0.43
resurfacing	0.43
rik	0.43
riven	0.43
roan	0.43
rodrigues	0.43
rumi	0.43
rusting	0.43
rustle	0.43
sabina	0.43
saluted	0.43
sanborn	0.43
sarcoma	0.43
schooler	0.43
schweitzer	0.43
secretarial	0.43
secrete	0.43
senegalese	0.43
sik	0.43
skids	0.43
slytherin	0.43
smb	0.43
snarling	0.43
snatches	0.43
spillway	0.43
spiro	0.43
splintered	0.43
sriracha	0.43
stadia	0.43
standardize	0.43
stanzas	0.43
stetson	0.43
stigmatized	0.43
stormwater	0.43
strapless	0.43
stupor	0.43
subcontractor	0.43
summerslam	0.43
susanne	0.43
svp	0.43
swifts	0.43
swinton	0.43
sx	0.43
systolic	0.43
takeda	0.43
tanking	0.43
tanzanian	0.43
tarantula	0.43
tern	0.43
tetra	0.43
thinned	0.43
thot	0.43
tightrope	0.43
tink	0.43
toasty	0.43
tournament's	0.43
towne	0.43
trailblazer	0.43
trainings	0.43
translocation	0.43
treasuries	0.43
trepidation	0.43
trumbull	0.43
turkmen	0.43
tutored	0.43
two's	0.43
typified	0.43
unanticipated	0.43
unblock	0.43
unionism	0.43
unsavory	0.43
unselfish	0.43
unsound	0.43
unverified	0.43
unwashed	0.43
urination	0.43
utterance	0.43
valedictorian	0.43
verso	0.43
vibrational	0.43
vicariously	0.43
vila	0.43
vl	0.43
vms	0.43
voided	0.43
volumetric	0.43
vom	0.43
vroom	0.43
wagers	0.43
walther	0.43
wapo	0.43
waterbury	0.43
wav	0.43
wean	0.43
weezer	0.43
welling	0.43
wexford	0.43
whisked	0.43
wilfrid	0.43
wimp	0.43
wir	0.43
workhorse	0.43
wristbands	0.43
yachting	0.43
yeovil	0.43
yeung	0.43
zeroes	0.43
zooms	0.43
aaah	0.42
aang	0.42
abrahams	0.42
absorber	0.42
accenture	0.42
adjourn	0.42
airliners	0.42
aku	0.42
alabaster	0.42
allegro	0.42
allergens	0.42
allianz	0.42
anaesthesia	0.42
andros	0.42
approximations	0.42
aquifers	0.42
arching	0.42
arf	0.42
arrhythmia	0.42
arsed	0.42
backlinks	0.42
baddest	0.42
bahraini	0.42
bandaged	0.42
barak	0.42
barium	0.42
bauxite	0.42
befall	0.42
behead	0.42
bellied	0.42
beretta	0.42
bergeron	0.42
bestsellers	0.42
beyonce's	0.42
biofuel	0.42
biometrics	0.42
bladed	0.42
blenheim	0.42
blindsided	0.42
bloodlines	0.42
blowback	0.42
boat's	0.42
boathouse	0.42
bogut	0.42
bonfires	0.42
brickwork	0.42
britten	0.42
brooms	0.42
buchan	0.42
burnaby	0.42
calumet	0.42
cana	0.42
cardamom	0.42
cargill	0.42
carrion	0.42
casks	0.42
catherine's	0.42
cellist	0.42
cham	0.42
chard	0.42
charmer	0.42
chewbacca	0.42
choctaw	0.42
chrissie	0.42
churchill's	0.42
cif	0.42
clickbait	0.42
closings	0.42
cmt	0.42
cobwebs	0.42
cogent	0.42
collaborates	0.42
collages	0.42
colonels	0.42
comprehensible	0.42
compressing	0.42
condense	0.42
condescension	0.42
corkscrew	0.42
corporates	0.42
counsels	0.42
cour	0.42
creamer	0.42
creases	0.42
cribs	0.42
croissants	0.42
cse	0.42
curveball	0.42
custodians	0.42
cyan	0.42
danica	0.42
dante's	0.42
dbz	0.42
delves	0.42
derozan	0.42
deserter	0.42
dewar	0.42
dhawan	0.42
dictation	0.42
diction	0.42
dink	0.42
disbursement	0.42
disguising	0.42
dishonour	0.42
dissociative	0.42
diverging	0.42
dodds	0.42
dodson	0.42
don's	0.42
dorn	0.42
dua	0.42
dunstan	0.42
durations	0.42
earpiece	0.42
edf	0.42
edwina	0.42
eee	0.42
elegy	0.42
elia	0.42
emf	0.42
encircling	0.42
ene	0.42
entitle	0.42
entomologist	0.42
ephesus	0.42
epidermis	0.42
epinephrine	0.42
erections	0.42
escalators	0.42
español	0.42
ethiopians	0.42
evacuees	0.42
evens	0.42
evs	0.42
faeces	0.42
faltering	0.42
femmes	0.42
fictions	0.42
finalizing	0.42
fisher's	0.42
fiver	0.42
flabby	0.42
floodgates	0.42
floorboards	0.42
fluctuated	0.42
fluctuates	0.42
folic	0.42
fornication	0.42
fortuna	0.42
frailty	0.42
freiburg	0.42
fricking	0.42
frieda	0.42
friendliest	0.42
frowning	0.42
ful	0.42
futsal	0.42
gaggle	0.42
gauging	0.42
gazebo	0.42
geary	0.42
gees	0.42
germaine	0.42
girder	0.42
gol	0.42
golly	0.42
gonorrhea	0.42
gopal	0.42
gots	0.42
gouge	0.42
goulburn	0.42
greenock	0.42
gregarious	0.42
grenville	0.42
gretel	0.42
grosse	0.42
grunting	0.42
haden	0.42
halibut	0.42
halley	0.42
halloran	0.42
hama	0.42
hanford	0.42
hawaii's	0.42
hein	0.42
hemispheres	0.42
herder	0.42
herefordshire	0.42
hillsboro	0.42
himachal	0.42
himalaya	0.42
histone	0.42
hmong	0.42
hocking	0.42
holi	0.42
holiest	0.42
holograms	0.42
holotype	0.42
hospitalised	0.42
hudson's	0.42
hydrant	0.42
icao	0.42
ignites	0.42
ii's	0.42
immortalized	0.42
immunodeficiency	0.42
incidences	0.42
inconveniences	0.42
incrementally	0.42
incubators	0.42
indiegogo	0.42
inefficiencies	0.42
infusions	0.42
injunctions	0.42
inlaid	0.42
institution's	0.42
invents	0.42
jaundice	0.42
jayson	0.42
jeff's	0.42
jeon	0.42
jewelers	0.42
jihadis	0.42
journal's	0.42
joyfully	0.42
judeo	0.42
kap	0.42
kasper	0.42
kibbutz	0.42
kiefer	0.42
kilns	0.42
klm	0.42
knightley	0.42
kowalski	0.42
kya	0.42
larynx	0.42
lassie	0.42
laurens	0.42
lavigne	0.42
lawrence's	0.42
lewis's	0.42
lewiston	0.42
lifter	0.42
lightbulb	0.42
lithography	0.42
loathsome	0.42
lode	0.42
loggers	0.42
loins	0.42
madonna's	0.42
magnitudes	0.42
maharaja	0.42
management's	0.42
manipulates	0.42
martell	0.42
marwan	0.42
maryland's	0.42
masterson	0.42
matriarch	0.42
mauve	0.42
mccaskill	0.42
mcclelland	0.42
mcdavid	0.42
mcewen	0.42
meir	0.42
mellor	0.42
mera	0.42
messi's	0.42
microfilm	0.42
mitts	0.42
modems	0.42
modicum	0.42
monster's	0.42
montagu	0.42
montclair	0.42
montréal	0.42
moreton	0.42
motorbikes	0.42
mouthwash	0.42
mowbray	0.42
mrc	0.42
mrsa	0.42
mss	0.42
mujahideen	0.42
multipliers	0.42
murat	0.42
nathan's	0.42
nationalization	0.42
nauseating	0.42
neff	0.42
negan	0.42
nettle	0.42
newry	0.42
newtonian	0.42
normans	0.42
oakes	0.42
oldman	0.42
oli	0.42
olin	0.42
omits	0.42
omniscient	0.42
ona	0.42
opengl	0.42
oreal	0.42
oren	0.42
origination	0.42
ossetia	0.42
overdosed	0.42
overpopulation	0.42
overran	0.42
overshadow	0.42
p's	0.42
pacer	0.42
pancras	0.42
paroled	0.42
partaking	0.42
parvati	0.42
patriarchs	0.42
paulsen	0.42
pavilions	0.42
pcm	0.42
peacocks	0.42
pedicure	0.42
pheromone	0.42
philistines	0.42
phish	0.42
placard	0.42
plutarch	0.42
polyps	0.42
postgame	0.42
postmodernism	0.42
pothole	0.42
potting	0.42
preconceptions	0.42
presides	0.42
primeval	0.42
procrastinate	0.42
promiscuity	0.42
provisioning	0.42
puddings	0.42
purplish	0.42
ra's	0.42
rabbinic	0.42
rabin	0.42
rakes	0.42
ranching	0.42
raqqa	0.42
rationalization	0.42
ravel	0.42
reachable	0.42
reaffirms	0.42
reappears	0.42
reardon	0.42
rebelling	0.42
recede	0.42
reciprocating	0.42
reductase	0.42
reestablish	0.42
reintroduce	0.42
reintroduction	0.42
rekindle	0.42
relapsed	0.42
relented	0.42
reposition	0.42
reproduces	0.42
reverts	0.42
revulsion	0.42
rhs	0.42
richelieu	0.42
rico's	0.42
rinsing	0.42
rly	0.42
rock'n'roll	0.42
rosenstein	0.42
roxbury	0.42
rtl	0.42
rubicon	0.42
safeties	0.42
samaritans	0.42
sanctified	0.42
sandalwood	0.42
sandberg	0.42
sanding	0.42
savant	0.42
scape	0.42
schoolgirls	0.42
sco	0.42
scrawny	0.42
seabirds	0.42
sear	0.42
sequins	0.42
seri	0.42
shabab	0.42
shackled	0.42
shoreditch	0.42
slop	0.42
smothering	0.42
smp	0.42
solvency	0.42
sommer	0.42
sophie's	0.42
spyware	0.42
stade	0.42
stamens	0.42
stepmom	0.42
stevenage	0.42
stewie	0.42
stockbridge	0.42
stocky	0.42
stoll	0.42
straus	0.42
strutting	0.42
subsidence	0.42
subtracted	0.42
sullen	0.42
sump	0.42
superconducting	0.42
supervises	0.42
swirls	0.42
symbiosis	0.42
sympathise	0.42
synchronize	0.42
taffy	0.42
tantalizing	0.42
taos	0.42
tarek	0.42
targaryen	0.42
taster	0.42
teacup	0.42
tech's	0.42
technicalities	0.42
tectonics	0.42
teo	0.42
tepid	0.42
terrifies	0.42
testes	0.42
thatch	0.42
thawed	0.42
theatre's	0.42
thicken	0.42
thornhill	0.42
throated	0.42
thumbnails	0.42
ticketmaster	0.42
tko	0.42
tmc	0.42
tmi	0.42
toa	0.42
tol	0.42
towson	0.42
tripe	0.42
trippin	0.42
tristram	0.42
trotted	0.42
troughs	0.42
tweeter	0.42
twinning	0.42
typewriters	0.42
unabated	0.42
unafraid	0.42
unambiguously	0.42
underpinnings	0.42
unearned	0.42
unenforceable	0.42
uninhabitable	0.42
unread	0.42
unsaturated	0.42
unsurpassed	0.42
urns	0.42
vadim	0.42
validates	0.42
valparaiso	0.42
vancouver's	0.42
vats	0.42
vaulting	0.42
vcs	0.42
venerated	0.42
vere	0.42
waisted	0.42
waiving	0.42
waldron	0.42
wandsworth	0.42
waring	0.42
waxy	0.42
wests	0.42
whimper	0.42
whoopi	0.42
wiles	0.42
windermere	0.42
winkle	0.42
wistful	0.42
wizarding	0.42
wolfram	0.42
workaround	0.42
wpa	0.42
yeezus	0.42
yeezy	0.42
yeoman	0.42
you's	0.42
yuk	0.42
yule	0.42
abounds	0.41
accumulator	0.41
aerosols	0.41
airfields	0.41
airpods	0.41
ajit	0.41
alaska's	0.41
allman	0.41
allude	0.41
amina	0.41
anas	0.41
anda	0.41
androgynous	0.41
animus	0.41
anion	0.41
antipathy	0.41
anubis	0.41
apd	0.41
archdeacon	0.41
arginine	0.41
armadillo	0.41
armband	0.41
arp	0.41
artefact	0.41
aslan	0.41
augustin	0.41
awning	0.41
awol	0.41
bacillus	0.41
balmy	0.41
bandmates	0.41
barbeque	0.41
bards	0.41
bayside	0.41
bento	0.41
berber	0.41
bicycling	0.41
binomial	0.41
blackie	0.41
blinders	0.41
bloodhound	0.41
booger	0.41
bowes	0.41
brandishing	0.41
bratislava	0.41
bridger	0.41
bromide	0.41
brookline	0.41
cabana	0.41
cadaver	0.41
caked	0.41
carnation	0.41
carson's	0.41
censuses	0.41
centauri	0.41
chand	0.41
chesterton	0.41
chickpeas	0.41
chipset	0.41
chitty	0.41
choppers	0.41
christian's	0.41
chromebook	0.41
chronicler	0.41
chub	0.41
chuffed	0.41
chutes	0.41
citric	0.41
clawing	0.41
cls	0.41
cobblestone	0.41
communique	0.41
compacted	0.41
complementing	0.41
condiment	0.41
confederations	0.41
conservationist	0.41
corroboration	0.41
cortana	0.41
cots	0.41
cowen	0.41
crim	0.41
cristian	0.41
croquet	0.41
crosshairs	0.41
cruz's	0.41
crystallized	0.41
cska	0.41
cuddled	0.41
cuppa	0.41
curzon	0.41
césar	0.41
dancefloor	0.41
dancin	0.41
degenerated	0.41
degrades	0.41
delectable	0.41
demotion	0.41
denizens	0.41
derailment	0.41
descriptors	0.41
dif	0.41
discoverer	0.41
dislodged	0.41
dmca	0.41
doubters	0.41
dragoons	0.41
dreadfully	0.41
dredged	0.41
duarte	0.41
durst	0.41
duvall	0.41
echelons	0.41
eec	0.41
elation	0.41
elly	0.41
elucidate	0.41
emitters	0.41
engraver	0.41
enlarging	0.41
envisage	0.41
eon	0.41
etcetera	0.41
evictions	0.41
excavator	0.41
exclusionary	0.41
excommunication	0.41
fads	0.41
fafsa	0.41
fairing	0.41
farnborough	0.41
fatwa	0.41
fawkes	0.41
fisherman's	0.41
flamingos	0.41
flippers	0.41
flog	0.41
flogged	0.41
fluorine	0.41
flushes	0.41
flynn's	0.41
forehand	0.41
fortescue	0.41
founder's	0.41
foursquare	0.41
fuego	0.41
gcses	0.41
gillard	0.41
giroux	0.41
givens	0.41
gleeson	0.41
glencoe	0.41
glimpsed	0.41
glyph	0.41
gob	0.41
gohan	0.41
gollum	0.41
gordy	0.41
gotti	0.41
grammatically	0.41
gramophone	0.41
gratefully	0.41
grindr	0.41
gtr	0.41
gumbo	0.41
gwynedd	0.41
hadrian	0.41
halliwell	0.41
hansel	0.41
hardman	0.41
harrier	0.41
harshest	0.41
hartlepool	0.41
haymarket	0.41
heeded	0.41
helmand	0.41
herrmann	0.41
heyward	0.41
hibernate	0.41
hipaa	0.41
holborn	0.41
hollering	0.41
hollingsworth	0.41
hollyoaks	0.41
homeownership	0.41
homeward	0.41
hotdogs	0.41
hounded	0.41
iac	0.41
ibd	0.41
icann	0.41
igg	0.41
imitations	0.41
immanuel	0.41
impediments	0.41
implode	0.41
inane	0.41
industrialisation	0.41
ineptitude	0.41
inshore	0.41
instigating	0.41
instituto	0.41
intelligentsia	0.41
intensities	0.41
interagency	0.41
interconnect	0.41
interrelated	0.41
interviewee	0.41
irritant	0.41
ite	0.41
itis	0.41
jacqui	0.41
jak	0.41
jalan	0.41
jardine	0.41
jelena	0.41
jetpack	0.41
joao	0.41
jquery	0.41
juicing	0.41
jurist	0.41
kelowna	0.41
kenton	0.41
khamenei	0.41
kickbacks	0.41
kickin	0.41
kik	0.41
kisser	0.41
kwang	0.41
kyle's	0.41
kyushu	0.41
labia	0.41
lakeshore	0.41
lakota	0.41
land's	0.41
lawnmower	0.41
lazer	0.41
leaved	0.41
leeks	0.41
leibniz	0.41
leninist	0.41
lennie	0.41
leonidas	0.41
lik	0.41
litecoin	0.41
livia	0.41
longfellow	0.41
lop	0.41
lupita	0.41
lynch's	0.41
lysine	0.41
machiavelli	0.41
maier	0.41
majorly	0.41
malian	0.41
manicured	0.41
manolo	0.41
marais	0.41
marbella	0.41
mariam	0.41
marquise	0.41
mastectomy	0.41
maybelline	0.41
mcrae	0.41
mears	0.41
medellin	0.41
meiji	0.41
meteoric	0.41
midair	0.41
militaries	0.41
militiamen	0.41
milli	0.41
miscommunication	0.41
mohr	0.41
molester	0.41
monomer	0.41
moreland	0.41
moynihan	0.41
muff	0.41
muffler	0.41
multitudes	0.41
narrowest	0.41
necessitating	0.41
neckline	0.41
neuroscientist	0.41
neutralizing	0.41
ney	0.41
niels	0.41
nightmarish	0.41
nitty	0.41
noc	0.41
noire	0.41
northfield	0.41
northwards	0.41
nudged	0.41
obliquely	0.41
operationally	0.41
ophthalmologist	0.41
outermost	0.41
overheat	0.41
overlords	0.41
overthink	0.41
overzealous	0.41
ovid	0.41
pala	0.41
palgrave	0.41
paola	0.41
paperbacks	0.41
passcode	0.41
pbr	0.41
peasantry	0.41
persisting	0.41
photocopy	0.41
pig's	0.41
pitman	0.41
plying	0.41
pmo	0.41
police's	0.41
pop's	0.41
porosity	0.41
pouting	0.41
powell's	0.41
prefixes	0.41
prejudicial	0.41
preliminaries	0.41
preponderance	0.41
presbyterians	0.41
preyed	0.41
probiotics	0.41
procrastinating	0.41
property's	0.41
prot	0.41
protege	0.41
pulsar	0.41
putrid	0.41
pylons	0.41
quinn's	0.41
racquet	0.41
ramped	0.41
ransomware	0.41
rapped	0.41
rawalpindi	0.41
rayner	0.41
rda	0.41
reactivated	0.41
recessions	0.41
redfern	0.41
regalia	0.41
remaster	0.41
repainted	0.41
reposting	0.41
reproducible	0.41
retrial	0.41
ricciardo	0.41
rippling	0.41
ris	0.41
ritualistic	0.41
rko	0.41
roethlisberger	0.41
rogen	0.41
rolfe	0.41
rollback	0.41
rorschach	0.41
rosenfeld	0.41
rota	0.41
royally	0.41
rube	0.41
rubik's	0.41
rucker	0.41
rusk	0.41
saggy	0.41
salvadoran	0.41
sanitizer	0.41
scanlon	0.41
schematics	0.41
schreiber	0.41
scoliosis	0.41
seiko	0.41
separatism	0.41
septa	0.41
serfs	0.41
shacks	0.41
shari	0.41
shibuya	0.41
shockwave	0.41
showrooms	0.41
shuttered	0.41
silurian	0.41
singling	0.41
sinning	0.41
skeet	0.41
skrillex	0.41
slouch	0.41
snapdragon	0.41
sneer	0.41
sola	0.41
somaliland	0.41
somalis	0.41
sorcerers	0.41
sorensen	0.41
sorrowful	0.41
spewed	0.41
splat	0.41
spokesmen	0.41
stabilise	0.41
stopover	0.41
suga	0.41
technicolor	0.41
thwarting	0.41
tidbits	0.41
tightens	0.41
tintin	0.41
tous	0.41
touts	0.41
tracksuit	0.41
transduction	0.41
triads	0.41
trinket	0.41
triplet	0.41
trolleys	0.41
troublemaker	0.41
truely	0.41
trumpeter	0.41
trusses	0.41
tshirt	0.41
tufted	0.41
tumult	0.41
typhoons	0.41
umi	0.41
uninitiated	0.41
uninspired	0.41
unrestrained	0.41
unsanitary	0.41
untoward	0.41
uppermost	0.41
ushers	0.41
usman	0.41
usurp	0.41
utah's	0.41
utero	0.41
utes	0.41
uu	0.41
vag	0.41
valeria	0.41
valverde	0.41
vasectomy	0.41
vd	0.41
verdant	0.41
vicarage	0.41
videotaped	0.41
vilified	0.41
waistline	0.41
weatherman	0.41
wf	0.41
whopper	0.41
wiretapping	0.41
womans	0.41
woolen	0.41
worldnews	0.41
wringing	0.41
wristwatch	0.41
xeon	0.41
yangtze	0.41
yerevan	0.41
yonge	0.41
youssef	0.41
youtube's	0.41
aberrant	0.40
absinthe	0.40
absolved	0.40
abstaining	0.40
acetaminophen	0.40
adamantly	0.40
adder	0.40
administratively	0.40
advisories	0.40
adwords	0.40
affinities	0.40
agamemnon	0.40
ageless	0.40
agitators	0.40
agonists	0.40
ahab	0.40
airframe	0.40
akp	0.40
alegre	0.40
alessandra	0.40
algal	0.40
alisa	0.40
allay	0.40
anachronistic	0.40
anarcho	0.40
anatomically	0.40
ancelotti	0.40
andorra	0.40
annoyingly	0.40
answerable	0.40
april's	0.40
apropos	0.40
archimedes	0.40
arran	0.40
asad	0.40
assembler	0.40
asymptotic	0.40
aviators	0.40
axelrod	0.40
ayesha	0.40
azul	0.40
bachchan	0.40
backfires	0.40
bailiffs	0.40
ballgame	0.40
barcelona's	0.40
barricaded	0.40
barça	0.40
batmobile	0.40
bday	0.40
bedlam	0.40
beeping	0.40
beluga	0.40
bernie's	0.40
beveridge	0.40
bhatt	0.40
bibliographic	0.40
biel	0.40
biopsies	0.40
blackest	0.40
blakely	0.40
bloodless	0.40
boateng	0.40
bookshelves	0.40
boreal	0.40
brackish	0.40
bream	0.40
brough	0.40
buckling	0.40
buries	0.40
burlap	0.40
byproducts	0.40
cackling	0.40
cadiz	0.40
caicos	0.40
calabria	0.40
capitalise	0.40
capstone	0.40
carpeting	0.40
carvalho	0.40
cassel	0.40
catalysis	0.40
cdm	0.40
cen	0.40
centralization	0.40
changeover	0.40
chins	0.40
chiseled	0.40
chromecast	0.40
chrono	0.40
cistern	0.40
citigroup	0.40
classifieds	0.40
cleverness	0.40
coagulation	0.40
coder	0.40
coldly	0.40
colloquially	0.40
congruent	0.40
contributory	0.40
convective	0.40
counterintuitive	0.40
coursing	0.40
crowdsourcing	0.40
crucify	0.40
cryptocurrencies	0.40
csiro	0.40
cuticle	0.40
cyberbullying	0.40
dalrymple	0.40
darwinian	0.40
dateline	0.40
dauntless	0.40
davids	0.40
degas	0.40
denning	0.40
denver's	0.40
depleting	0.40
despatch	0.40
devotions	0.40
dialectic	0.40
diego's	0.40
dietitian	0.40
differentials	0.40
dijk	0.40
dinka	0.40
dismissals	0.40
disobeyed	0.40
disobeying	0.40
disorientation	0.40
dispositions	0.40
diurnal	0.40
divisible	0.40
domineering	0.40
dominos	0.40
downes	0.40
dredd	0.40
dunking	0.40
dura	0.40
dwarfed	0.40
dwyane	0.40
electrics	0.40
emancipated	0.40
embellishment	0.40
emblazoned	0.40
encodes	0.40
environmentalism	0.40
equalization	0.40
erupting	0.40
etchings	0.40
ethno	0.40
eto	0.40
eugenia	0.40
exclaiming	0.40
exposé	0.40
fabulously	0.40
faithless	0.40
falsetto	0.40
feliz	0.40
festering	0.40
fibonacci	0.40
finland's	0.40
firecracker	0.40
firecrackers	0.40
flabbergasted	0.40
flanker	0.40
flathead	0.40
forges	0.40
fortran	0.40
frontrunner	0.40
frowns	0.40
frs	0.40
frustrates	0.40
fuchsia	0.40
fukuoka	0.40
gant	0.40
gary's	0.40
geraldo	0.40
geschichte	0.40
ghana's	0.40
ghazi	0.40
giancarlo	0.40
gillies	0.40
glittery	0.40
globular	0.40
glutathione	0.40
glyphosate	0.40
goddam	0.40
gow	0.40
grandmas	0.40
grandpa's	0.40
gro	0.40
groaned	0.40
groom's	0.40
guildhall	0.40
haldane	0.40
hanuman	0.40
harvard's	0.40
haulage	0.40
headland	0.40
headstrong	0.40
hedgehogs	0.40
hefner	0.40
heinemann	0.40
herbivores	0.40
hildebrand	0.40
hn	0.40
holcomb	0.40
hollander	0.40
holley	0.40
hooligan	0.40
horizonte	0.40
howland	0.40
huffman	0.40
humongous	0.40
hunchback	0.40
hydrothermal	0.40
hydroxyl	0.40
hyperspace	0.40
hypo	0.40
ibid	0.40
ife	0.40
igf	0.40
impurity	0.40
inactivated	0.40
inalienable	0.40
incisions	0.40
incongruous	0.40
indio	0.40
indonesians	0.40
infographics	0.40
informations	0.40
inge	0.40
innkeeper	0.40
insufficiency	0.40
interdependence	0.40
interleukin	0.40
intifada	0.40
intracranial	0.40
intruding	0.40
irreducible	0.40
iwo	0.40
jiangsu	0.40
jiggle	0.40
jingles	0.40
jumbled	0.40
keeler	0.40
keita	0.40
kell	0.40
kellie	0.40
ketones	0.40
kitsch	0.40
klamath	0.40
kleenex	0.40
knick	0.40
kubo	0.40
labours	0.40
lakeview	0.40
lazily	0.40
leadoff	0.40
lebowski	0.40
leger	0.40
leprechaun	0.40
lethargy	0.40
lettered	0.40
lic	0.40
liddell	0.40
lifeblood	0.40
lilo	0.40
lindley	0.40
linguistically	0.40
litt	0.40
littoral	0.40
lowes	0.40
lua	0.40
lumbering	0.40
macular	0.40
madhouse	0.40
madigan	0.40
maelstrom	0.40
mahan	0.40
makati	0.40
maligned	0.40
marchers	0.40
marianna	0.40
mariota	0.40
marylebone	0.40
mazes	0.40
mcavoy	0.40
meander	0.40
menon	0.40
mercier	0.40
meshes	0.40
mhc	0.40
microscopes	0.40
mideast	0.40
midseason	0.40
miku	0.40
milkshakes	0.40
mimosa	0.40
minty	0.40
misbehaving	0.40
misusing	0.40
moldy	0.40
moll	0.40
molloy	0.40
mommy's	0.40
monahan	0.40
monorail	0.40
moraine	0.40
morehouse	0.40
morpheus	0.40
morphing	0.40
mothership	0.40
munchkin	0.40
museo	0.40
musharraf	0.40
nach	0.40
nanking	0.40
nationalised	0.40
navas	0.40
nicklaus	0.40
noida	0.40
nonviolence	0.40
noo	0.40
npd	0.40
nueva	0.40
nwo	0.40
oboe	0.40
ochre	0.40
ogle	0.40
oligarch	0.40
onesie	0.40
oot	0.40
oppo	0.40
opulence	0.40
orang	0.40
oshkosh	0.40
overeating	0.40
overheads	0.40
overlays	0.40
overreacted	0.40
oxidase	0.40
paget	0.40
paleozoic	0.40
pali	0.40
palpitations	0.40
pancho	0.40
pancreatitis	0.40
pandemonium	0.40
parlors	0.40
patronising	0.40
pattaya	0.40
payoffs	0.40
peacemaker	0.40
penske	0.40
permeates	0.40
perpetuates	0.40
personable	0.40
personalize	0.40
perturbed	0.40
phenotypes	0.40
philanthropists	0.40
phoenician	0.40
phoney	0.40
pickens	0.40
platypus	0.40
ple	0.40
plows	0.40
polanski	0.40
pollutant	0.40
polypropylene	0.40
prankster	0.40
prentiss	0.40
priestley	0.40
profitably	0.40
proliferate	0.40
propagandist	0.40
publically	0.40
publix	0.40
punting	0.40
pyre	0.40
quibble	0.40
quinton	0.40
raison	0.40
ralf	0.40
ramón	0.40
rasheed	0.40
ravishing	0.40
readout	0.40
reapply	0.40
recidivism	0.40
recollect	0.40
reid's	0.40
reis	0.40
reiterates	0.40
relievers	0.40
reo	0.40
repeatable	0.40
replicates	0.40
report's	0.40
requisition	0.40
resettled	0.40
resistances	0.40
resp	0.40
restarts	0.40
retrace	0.40
reusing	0.40
rfa	0.40
ridin	0.40
rivet	0.40
roa	0.40
roadhouse	0.40
roger's	0.40
romney's	0.40
romulus	0.40
roughing	0.40
rrp	0.40
ruffles	0.40
ruinous	0.40
sadat	0.40
saintly	0.40
saks	0.40
scalability	0.40
schindler	0.40
scuttle	0.40
secretary's	0.40
seein	0.40
seeley	0.40
selkirk	0.40
seltzer	0.40
senate's	0.40
shakur	0.40
sharjah	0.40
sherwin	0.40
skippy	0.40
skyward	0.40
slings	0.40
sobre	0.40
solihull	0.40
solomons	0.40
speedo	0.40
spinster	0.40
spliced	0.40
sprinted	0.40
spud	0.40
squalor	0.40
stabilisation	0.40
startle	0.40
staunchly	0.40
steadfastly	0.40
straying	0.40
streaking	0.40
stubby	0.40
subjugated	0.40
subplot	0.40
subsidizing	0.40
subterfuge	0.40
sullivan's	0.40
sunnyvale	0.40
supercharger	0.40
superfast	0.40
supersport	0.40
surfactants	0.40
surreptitiously	0.40
symonds	0.40
tablecloth	0.40
tacitly	0.40
tailing	0.40
tailings	0.40
tami	0.40
tapper	0.40
tardy	0.40
tassel	0.40
thicket	0.40
threefold	0.40
thruster	0.40
ths	0.40
tidying	0.40
tinned	0.40
toasting	0.40
torchwood	0.40
torrens	0.40
townhouses	0.40
transcribe	0.40
trapeze	0.40
triangulation	0.40
trifling	0.40
tsm	0.40
twirl	0.40
unconsciousness	0.40
unconvincing	0.40
uncooked	0.40
undaunted	0.40
underlining	0.40
underpinned	0.40
undeserved	0.40
unearth	0.40
unsaid	0.40
unsurprising	0.40
uppers	0.40
urquhart	0.40
uta	0.40
uttering	0.40
vardy	0.40
velvety	0.40
vim	0.40
wagga	0.40
walid	0.40
wallabies	0.40
wallace's	0.40
waukesha	0.40
webcomic	0.40
wheelie	0.40
wildflower	0.40
winemaker	0.40
wiretap	0.40
wirral	0.40
woeful	0.40
wolfson	0.40
wouldve	0.40
wsu	0.40
wvu	0.40
xhosa	0.40
xps	0.40
yada	0.40
yardstick	0.40
zh	0.40
zhen	0.40
abate	0.39
abra	0.39
accesses	0.39
adenosine	0.39
adios	0.39
adjuster	0.39
adsense	0.39
affaires	0.39
aftertaste	0.39
airtel	0.39
ald	0.39
alleviated	0.39
amadeus	0.39
ambiance	0.39
analgesic	0.39
angkor	0.39
anh	0.39
antonin	0.39
apec	0.39
approximated	0.39
arlo	0.39
armstrong's	0.39
arnold's	0.39
ascends	0.39
aspirants	0.39
assisi	0.39
atwater	0.39
authentically	0.39
automaton	0.39
avalanches	0.39
axl	0.39
baboons	0.39
backflip	0.39
bade	0.39
baluchistan	0.39
baptize	0.39
batgirl	0.39
bathrobe	0.39
bef	0.39
beresford	0.39
berliner	0.39
biathlon	0.39
bir	0.39
blocs	0.39
bmp	0.39
bodyweight	0.39
bolo	0.39
bookie	0.39
bookmakers	0.39
bothersome	0.39
bou	0.39
bowe	0.39
brained	0.39
brantley	0.39
bsd	0.39
bundling	0.39
burleigh	0.39
busby	0.39
caching	0.39
calamities	0.39
campgrounds	0.39
canfield	0.39
cantina	0.39
carnivore	0.39
casement	0.39
catalans	0.39
cataloging	0.39
catnip	0.39
causative	0.39
cda	0.39
cdp	0.39
cesspool	0.39
chalky	0.39
chipmunks	0.39
churned	0.39
clio	0.39
collaboratively	0.39
commissar	0.39
conformed	0.39
congestive	0.39
consulates	0.39
corfu	0.39
corrupts	0.39
cupola	0.39
dabble	0.39
daesh	0.39
darting	0.39
dass	0.39
debunk	0.39
decays	0.39
decking	0.39
decrypt	0.39
deerfield	0.39
defectors	0.39
degenerates	0.39
depositions	0.39
despondent	0.39
despot	0.39
detachments	0.39
dialectical	0.39
digestible	0.39
disassembled	0.39
disembark	0.39
disgusts	0.39
dishonorable	0.39
disraeli	0.39
dogging	0.39
dopey	0.39
dubrovnik	0.39
ducky	0.39
duncan's	0.39
dutt	0.39
easel	0.39
eastwards	0.39
ecs	0.39
edmondson	0.39
eek	0.39
eldorado	0.39
eliminations	0.39
ellipse	0.39
elysium	0.39
encoder	0.39
enormity	0.39
eons	0.39
espouse	0.39
exemplar	0.39
extender	0.39
extramarital	0.39
fandango	0.39
farber	0.39
farc	0.39
farina	0.39
fearlessly	0.39
fete	0.39
feynman	0.39
fiorentina	0.39
firewalls	0.39
fmri	0.39
foi	0.39
foie	0.39
foles	0.39
formalism	0.39
fortuitous	0.39
framingham	0.39
franchisee	0.39
franky	0.39
fredrik	0.39
freestanding	0.39
frenetic	0.39
fridges	0.39
frolic	0.39
funneled	0.39
fussing	0.39
gaff	0.39
galleys	0.39
ganesha	0.39
gangrene	0.39
gatekeepers	0.39
gilgamesh	0.39
gillingham	0.39
gini	0.39
glides	0.39
glosses	0.39
gluttony	0.39
goalkeeping	0.39
goaltending	0.39
goatee	0.39
gordo	0.39
gottfried	0.39
graceland	0.39
granddad	0.39
greyhounds	0.39
grieved	0.39
grist	0.39
grope	0.39
gto	0.39
guardsmen	0.39
gutenberg	0.39
gx	0.39
hadron	0.39
hammerhead	0.39
hampers	0.39
hangman	0.39
harvick	0.39
haughty	0.39
headmistress	0.39
headteacher	0.39
heavyweights	0.39
hela	0.39
hervey	0.39
hobbits	0.39
hogging	0.39
hoisting	0.39
horseradish	0.39
hotshot	0.39
householders	0.39
hus	0.39
hyland	0.39
hypoglycemia	0.39
hypothyroidism	0.39
ihs	0.39
immeasurably	0.39
imprecise	0.39
indigent	0.39
ingham	0.39
ings	0.39
inlay	0.39
intramural	0.39
invulnerable	0.39
irreconcilable	0.39
janitors	0.39
jawbone	0.39
jittery	0.39
joyner	0.39
judicious	0.39
kaka	0.39
kegs	0.39
kerri	0.39
kesha	0.39
khanna	0.39
kickass	0.39
kickback	0.39
kinsman	0.39
kirin	0.39
kowloon	0.39
krauss	0.39
kristine	0.39
kuroda	0.39
kyi	0.39
labor's	0.39
laboured	0.39
lanka's	0.39
laudable	0.39
lbc	0.39
ldp	0.39
lessens	0.39
lessing	0.39
león	0.39
liberalisation	0.39
liftoff	0.39
lightfoot	0.39
linnaeus	0.39
liszt	0.39
logarithmic	0.39
loudness	0.39
lowery	0.39
ltte	0.39
lucasfilm	0.39
luxor	0.39
macroeconomics	0.39
majlis	0.39
majorca	0.39
manchin	0.39
mandi	0.39
mannheim	0.39
manors	0.39
mantras	0.39
marist	0.39
marysville	0.39
mathers	0.39
mchale	0.39
mclachlan	0.39
mec	0.39
megawatt	0.39
meri	0.39
mesozoic	0.39
metroid	0.39
midlothian	0.39
militarized	0.39
misinterpretation	0.39
mobbed	0.39
mobilised	0.39
moneys	0.39
moorland	0.39
morristown	0.39
mourinho's	0.39
naively	0.39
nappies	0.39
narcissus	0.39
nau	0.39
neighbour's	0.39
neurodegenerative	0.39
neva	0.39
nightwing	0.39
nitrates	0.39
nlrb	0.39
northumbria	0.39
nouvelle	0.39
npa	0.39
npcs	0.39
obv	0.39
occipital	0.39
ophthalmic	0.39
ordinating	0.39
ostentatious	0.39
osteopathic	0.39
osx	0.39
oversize	0.39
padlock	0.39
palau	0.39
paltrow	0.39
panini	0.39
paras	0.39
pasco	0.39
patina	0.39
pauly	0.39
pcos	0.39
perf	0.39
permeated	0.39
perspiration	0.39
phenotypic	0.39
philippians	0.39
pina	0.39
pirelli	0.39
plagiarized	0.39
plasmid	0.39
playthrough	0.39
pleaser	0.39
pliocene	0.39
plummeting	0.39
poach	0.39
polices	0.39
policyholders	0.39
pontifical	0.39
postcolonial	0.39
precluded	0.39
prez	0.39
price's	0.39
prosecco	0.39
prostrate	0.39
pubes	0.39
publicised	0.39
pushover	0.39
pythagoras	0.39
quicksand	0.39
quilting	0.39
raincoat	0.39
raine	0.39
randal	0.39
rasputin	0.39
ratcliffe	0.39
reconnected	0.39
reconsidering	0.39
redeveloped	0.39
refreshingly	0.39
refrigerate	0.39
refutes	0.39
reichstag	0.39
reiss	0.39
relativism	0.39
renata	0.39
renato	0.39
renditions	0.39
repelling	0.39
representational	0.39
republicanism	0.39
restaurateur	0.39
ribeiro	0.39
rickety	0.39
ricotta	0.39
riddick	0.39
ridership	0.39
rina	0.39
rox	0.39
rps	0.39
rsl	0.39
ruger	0.39
sacra	0.39
saddens	0.39
salinger	0.39
sappy	0.39
sark	0.39
sasquatch	0.39
saturn's	0.39
saucers	0.39
saviors	0.39
scofield	0.39
semite	0.39
separations	0.39
sepulchre	0.39
sfo	0.39
shallots	0.39
shifters	0.39
shill	0.39
shins	0.39
shorted	0.39
sich	0.39
singh's	0.39
sipped	0.39
siting	0.39
sixpence	0.39
sjw	0.39
skank	0.39
skateboards	0.39
skinhead	0.39
slats	0.39
sligo	0.39
sneezed	0.39
snorkel	0.39
solenoid	0.39
songbird	0.39
sorties	0.39
spaulding	0.39
speer	0.39
spinoza	0.39
splendidly	0.39
sprawled	0.39
spyder	0.39
squaw	0.39
stabilised	0.39
starz	0.39
staunton	0.39
stiller	0.39
storehouse	0.39
stormont	0.39
straighter	0.39
striptease	0.39
suki	0.39
sumerian	0.39
supersede	0.39
sustainably	0.39
svt	0.39
swimsuits	0.39
swooped	0.39
synergistic	0.39
tanganyika	0.39
tantric	0.39
taoist	0.39
tats	0.39
taz	0.39
tbc	0.39
telegrams	0.39
telekom	0.39
television's	0.39
thais	0.39
thar	0.39
theatrics	0.39
theodor	0.39
thermally	0.39
throb	0.39
tht	0.39
ticketed	0.39
timon	0.39
tipperary	0.39
toda	0.39
tormenting	0.39
touche	0.39
tov	0.39
toyed	0.39
trachea	0.39
transitory	0.39
transparently	0.39
treasonous	0.39
tribalism	0.39
trig	0.39
truckload	0.39
tss	0.39
tua	0.39
tyneside	0.39
tyrol	0.39
unattached	0.39
underlie	0.39
underlies	0.39
unger	0.39
unmanageable	0.39
unmoved	0.39
unt	0.39
uplifted	0.39
upshot	0.39
upsurge	0.39
uribe	0.39
valery	0.39
vasco	0.39
vcu	0.39
virginian	0.39
vivacious	0.39
vowing	0.39
voyeur	0.39
warlike	0.39
warmup	0.39
watercolors	0.39
watermelons	0.39
watersheds	0.39
weaned	0.39
wid	0.39
willi	0.39
winnebago	0.39
wisp	0.39
wold	0.39
woolworths	0.39
xena	0.39
xerxes	0.39
xue	0.39
yearling	0.39
zahra	0.39
zamora	0.39
zapata	0.39
zeiss	0.39
zhong	0.39
zimmermann	0.39
а	0.39
abbott's	0.38
abductions	0.38
ably	0.38
abortive	0.38
acr	0.38
afghanistan's	0.38
agitating	0.38
aikido	0.38
aileen	0.38
akshay	0.38
alcoa	0.38
alkaloids	0.38
allahu	0.38
alm	0.38
alternated	0.38
amato	0.38
anagram	0.38
apaches	0.38
apologises	0.38
apostate	0.38
arabia's	0.38
archway	0.38
arcy	0.38
ariane	0.38
artfully	0.38
artistes	0.38
asada	0.38
ashwin	0.38
axon	0.38
azam	0.38
azores	0.38
backpackers	0.38
bahn	0.38
ballooning	0.38
baptismal	0.38
basses	0.38
bauman	0.38
bca	0.38
beauregard	0.38
bede	0.38
beeswax	0.38
bentham	0.38
benthic	0.38
berated	0.38
bernal	0.38
bhd	0.38
bight	0.38
bilge	0.38
biohazard	0.38
bischoff	0.38
bissau	0.38
blouses	0.38
bonne	0.38
bozeman	0.38
breaststroke	0.38
breeches	0.38
bronzes	0.38
buttress	0.38
cabling	0.38
camber	0.38
canelo	0.38
capital's	0.38
cartography	0.38
cataclysmic	0.38
catharsis	0.38
cerebellum	0.38
chancellor's	0.38
chau	0.38
chesney	0.38
chiral	0.38
choy	0.38
civilisations	0.38
codec	0.38
cohabitation	0.38
collapsible	0.38
conga	0.38
conjures	0.38
consumables	0.38
contractually	0.38
contravention	0.38
copier	0.38
corden	0.38
corticosteroids	0.38
courtyards	0.38
coyne	0.38
creamery	0.38
critiquing	0.38
crunchyroll	0.38
ctc	0.38
cytokine	0.38
daffy	0.38
dany	0.38
danzig	0.38
darko	0.38
defrauded	0.38
depose	0.38
deprecated	0.38
dic	0.38
dicey	0.38
dimmer	0.38
disconnecting	0.38
disinfection	0.38
disobedient	0.38
distantly	0.38
divestment	0.38
divya	0.38
dizzying	0.38
donbass	0.38
downtrodden	0.38
drowsiness	0.38
dulce	0.38
dumpling	0.38
dupree	0.38
dutifully	0.38
dysplasia	0.38
déjà	0.38
ecologist	0.38
edicts	0.38
eeoc	0.38
effluent	0.38
egress	0.38
eights	0.38
embodying	0.38
encapsulates	0.38
encephalopathy	0.38
endangerment	0.38
enrol	0.38
evangeline	0.38
eventuality	0.38
evermore	0.38
evolutions	0.38
excretion	0.38
exegesis	0.38
exhibitor	0.38
exhumed	0.38
expunged	0.38
extrajudicial	0.38
extrapolate	0.38
fal	0.38
faring	0.38
fingertip	0.38
finnegan	0.38
flavorful	0.38
floyd's	0.38
forecasted	0.38
freemasons	0.38
ftl	0.38
fts	0.38
future's	0.38
führer	0.38
galena	0.38
gamecocks	0.38
georgians	0.38
ggg	0.38
ghee	0.38
girolamo	0.38
glyphs	0.38
gor	0.38
gott	0.38
gouging	0.38
gpus	0.38
grammer	0.38
gravitation	0.38
griff	0.38
grr	0.38
gyllenhaal	0.38
gyn	0.38
halen	0.38
harmonize	0.38
haskins	0.38
haworth	0.38
hazzard	0.38
hcg	0.38
headwaters	0.38
hennessey	0.38
herbarium	0.38
hewn	0.38
hinata	0.38
honeysuckle	0.38
hoppers	0.38
hoshi	0.38
houseboat	0.38
houthi	0.38
houthis	0.38
human's	0.38
hypothalamus	0.38
iea	0.38
ila	0.38
imaged	0.38
immobilized	0.38
imparting	0.38
imperium	0.38
indenture	0.38
inhumans	0.38
inimitable	0.38
instilling	0.38
international's	0.38
inversions	0.38
iom	0.38
iplayer	0.38
jada	0.38
jealously	0.38
jervis	0.38
jetta	0.38
jogger	0.38
jumpy	0.38
justinian	0.38
kampf	0.38
kandi	0.38
karlsruhe	0.38
kenmore	0.38
keogh	0.38
kierkegaard	0.38
kildare	0.38
kingman	0.38
knockouts	0.38
kroner	0.38
lacerations	0.38
lacs	0.38
ladybug	0.38
latif	0.38
lauer	0.38
layover	0.38
leathers	0.38
leveson	0.38
lichfield	0.38
liens	0.38
littlest	0.38
loath	0.38
longhorn	0.38
loopy	0.38
lun	0.38
maeve	0.38
magdalen	0.38
maidan	0.38
mair	0.38
mang	0.38
manifestly	0.38
manmohan	0.38
masa	0.38
matcha	0.38
matchbox	0.38
mathilde	0.38
mdr	0.38
mercia	0.38
mercies	0.38
mervyn	0.38
metamorphic	0.38
methuen	0.38
mews	0.38
minimums	0.38
modded	0.38
mongoose	0.38
monza	0.38
motility	0.38
moz	0.38
mucosa	0.38
munroe	0.38
mused	0.38
napoleon's	0.38
nashua	0.38
natalya	0.38
naysayers	0.38
netizens	0.38
neuromuscular	0.38
nme	0.38
noblemen	0.38
nobu	0.38
nolan's	0.38
nome	0.38
north's	0.38
northridge	0.38
nta	0.38
nunez	0.38
obeys	0.38
obsolescence	0.38
obstetrician	0.38
occ	0.38
oceanside	0.38
ogilvy	0.38
ordinal	0.38
oscar's	0.38
outgrow	0.38
outsmart	0.38
overcooked	0.38
overrides	0.38
overstate	0.38
oxnard	0.38
parables	0.38
particulates	0.38
pashtun	0.38
pat's	0.38
pcbs	0.38
penile	0.38
perfusion	0.38
pessimist	0.38
physiotherapist	0.38
piecing	0.38
placards	0.38
plaguing	0.38
plantain	0.38
podcasting	0.38
poms	0.38
porky	0.38
poser	0.38
ppt	0.38
preschoolers	0.38
priest's	0.38
pronounces	0.38
pullin	0.38
pyeongchang	0.38
pylon	0.38
quantifying	0.38
quip	0.38
radishes	0.38
rayburn	0.38
recife	0.38
recyclable	0.38
redirecting	0.38
reenactment	0.38
refit	0.38
reiterating	0.38
rejuvenate	0.38
relaunched	0.38
renard	0.38
renderings	0.38
renton	0.38
repaying	0.38
rereading	0.38
resellers	0.38
respirator	0.38
resplendent	0.38
restated	0.38
revitalized	0.38
rhythmically	0.38
rigour	0.38
riley's	0.38
romani	0.38
roomy	0.38
rowena	0.38
rsc	0.38
rtc	0.38
rti	0.38
rulebook	0.38
salvia	0.38
saps	0.38
scm	0.38
seaton	0.38
seduces	0.38
seeps	0.38
segregate	0.38
seminaries	0.38
sfc	0.38
shaftesbury	0.38
shhhh	0.38
signer	0.38
signet	0.38
silicate	0.38
singlet	0.38
sirs	0.38
skewer	0.38
sloths	0.38
slugging	0.38
snares	0.38
société	0.38
soldered	0.38
spammers	0.38
spastic	0.38
specks	0.38
spina	0.38
squall	0.38
sst	0.38
stabilizers	0.38
staff's	0.38
starlet	0.38
stayin	0.38
steinbeck	0.38
stinson	0.38
stockpiles	0.38
stoners	0.38
stranding	0.38
strangeness	0.38
stratum	0.38
strenuously	0.38
strove	0.38
surmise	0.38
susana	0.38
swindle	0.38
swirled	0.38
swordfish	0.38
swot	0.38
takings	0.38
talkers	0.38
tcs	0.38
tegan	0.38
tempore	0.38
tentacle	0.38
terse	0.38
thackeray	0.38
thales	0.38
thawing	0.38
thermonuclear	0.38
thinnest	0.38
thrace	0.38
timeliness	0.38
tincture	0.38
tio	0.38
tivoli	0.38
tmp	0.38
tombstones	0.38
tonto	0.38
tooting	0.38
topps	0.38
tora	0.38
torments	0.38
traitorous	0.38
transact	0.38
trawler	0.38
triumphantly	0.38
trustworthiness	0.38
tsx	0.38
tuan	0.38
tuc	0.38
tunbridge	0.38
turkic	0.38
turnips	0.38
tuskegee	0.38
uber's	0.38
ultras	0.38
unadulterated	0.38
unbelievers	0.38
undeclared	0.38
undercurrent	0.38
undergrowth	0.38
underpin	0.38
unseemly	0.38
unsympathetic	0.38
unyielding	0.38
upheavals	0.38
urbanized	0.38
usages	0.38
vacuuming	0.38
vergara	0.38
vers	0.38
vesuvius	0.38
videography	0.38
viejo	0.38
wale	0.38
wallowing	0.38
wavered	0.38
wench	0.38
westin	0.38
wexler	0.38
wheres	0.38
whoever's	0.38
wiggles	0.38
wilberforce	0.38
wilfully	0.38
wirelessly	0.38
witch's	0.38
woking	0.38
woodhead	0.38
worsens	0.38
xxii	0.38
yeshiva	0.38
zany	0.38
zedd	0.38
zeno	0.38
zucker	0.38
º	0.38
aau	0.37
abalone	0.37
abdicate	0.37
accosted	0.37
adjournment	0.37
admonished	0.37
affable	0.37
aficionados	0.37
aggressors	0.37
airbrush	0.37
airsoft	0.37
alarmingly	0.37
algonquin	0.37
alon	0.37
alopecia	0.37
alzheimer	0.37
ander	0.37
anja	0.37
annika	0.37
apocryphal	0.37
arguable	0.37
arianna	0.37
aru	0.37
asghar	0.37
ashworth	0.37
assembles	0.37
avowed	0.37
bahama	0.37
baldness	0.37
bamford	0.37
bathhouse	0.37
bayonne	0.37
beekeeping	0.37
beltran	0.37
bennington	0.37
berk	0.37
bide	0.37
biotic	0.37
bisexuality	0.37
bismuth	0.37
bitters	0.37
biweekly	0.37
bizarrely	0.37
blacker	0.37
blemishes	0.37
bloomed	0.37
bloomer	0.37
bmo	0.37
boleyn	0.37
bolshoi	0.37
boulevards	0.37
bp's	0.37
brags	0.37
brainwash	0.37
breadwinner	0.37
bridgend	0.37
bridgestone	0.37
bulbous	0.37
bunbury	0.37
butternut	0.37
butting	0.37
cambria	0.37
capa	0.37
capillaries	0.37
carcinogens	0.37
cardiomyopathy	0.37
caregiving	0.37
carpeted	0.37
casas	0.37
cea	0.37
cerro	0.37
chaka	0.37
charly	0.37
chastised	0.37
cie	0.37
cin	0.37
circuses	0.37
clank	0.37
classifier	0.37
cliques	0.37
clp	0.37
combinatorial	0.37
compensates	0.37
condé	0.37
constitutive	0.37
coolly	0.37
copping	0.37
cormier	0.37
cornering	0.37
coronal	0.37
counterweight	0.37
coupler	0.37
courtesan	0.37
cristobal	0.37
cuck	0.37
curable	0.37
curative	0.37
cushy	0.37
cysteine	0.37
dalmatian	0.37
danilo	0.37
darin	0.37
darkroom	0.37
davis's	0.37
decentralised	0.37
deciphering	0.37
defibrillator	0.37
designer's	0.37
desirability	0.37
deuterium	0.37
dietz	0.37
diluting	0.37
diplo	0.37
disconnection	0.37
disenchanted	0.37
distillers	0.37
dodgeball	0.37
dodges	0.37
donald's	0.37
downwind	0.37
drago	0.37
dri	0.37
dropouts	0.37
duckling	0.37
dunked	0.37
eac	0.37
ectopic	0.37
educates	0.37
elbert	0.37
elmira	0.37
endoscopic	0.37
engulf	0.37
enrollees	0.37
enrollments	0.37
enthralling	0.37
epping	0.37
equaled	0.37
equivalency	0.37
erc	0.37
essayist	0.37
excavate	0.37
exceptionalism	0.37
exchangers	0.37
excreted	0.37
fallback	0.37
faris	0.37
faroe	0.37
farsi	0.37
fess	0.37
feu	0.37
fib	0.37
fico	0.37
filename	0.37
finsbury	0.37
firebird	0.37
flings	0.37
foreheads	0.37
forgeries	0.37
forsythe	0.37
fossilized	0.37
fournier	0.37
franca	0.37
franchised	0.37
fraudsters	0.37
freddy's	0.37
fromm	0.37
fsc	0.37
fte	0.37
gaffe	0.37
gallatin	0.37
gard	0.37
gargantuan	0.37
gavel	0.37
geometries	0.37
ghosted	0.37
glens	0.37
glitz	0.37
goalies	0.37
godhead	0.37
godlike	0.37
goofing	0.37
goverment	0.37
goya	0.37
grates	0.37
gravestone	0.37
gridiron	0.37
grohl	0.37
grp	0.37
grupo	0.37
haggis	0.37
hainan	0.37
hamad	0.37
hangings	0.37
headdress	0.37
heli	0.37
hemmed	0.37
hgh	0.37
higuain	0.37
hoarder	0.37
hoarse	0.37
holyoke	0.37
homebrew	0.37
homebuyers	0.37
hoppy	0.37
howells	0.37
hts	0.37
hydrographic	0.37
iago	0.37
icebergs	0.37
iceland's	0.37
illegality	0.37
imperious	0.37
implored	0.37
indore	0.37
industrialised	0.37
infanticide	0.37
infestations	0.37
ingraham	0.37
injectors	0.37
injects	0.37
ino	0.37
inoculation	0.37
inordinate	0.37
inquires	0.37
insensitivity	0.37
insincere	0.37
instigator	0.37
insubordination	0.37
intercity	0.37
iras	0.37
isc	0.37
isotopic	0.37
iver	0.37
ivey	0.37
jal	0.37
jeopardizing	0.37
joakim	0.37
joggers	0.37
joh	0.37
johnstown	0.37
josep	0.37
junior's	0.37
k's	0.37
karel	0.37
kebabs	0.37
khomeini	0.37
klinger	0.37
koalas	0.37
kodiak	0.37
kook	0.37
kronos	0.37
kunming	0.37
ladle	0.37
launchpad	0.37
laundered	0.37
laundromat	0.37
lavinia	0.37
lavrov	0.37
laxative	0.37
laxatives	0.37
leeward	0.37
lentil	0.37
lepage	0.37
lewisham	0.37
liaisons	0.37
lifeguards	0.37
lionsgate	0.37
liston	0.37
litters	0.37
lma	0.37
loca	0.37
lolo	0.37
lusaka	0.37
lustful	0.37
lustrous	0.37
macintyre	0.37
macroscopic	0.37
mahindra	0.37
maine's	0.37
malden	0.37
malmö	0.37
marbled	0.37
margery	0.37
marten	0.37
materia	0.37
maxime	0.37
mbeki	0.37
mccollum	0.37
mcconaughey	0.37
mcmurray	0.37
meaner	0.37
medway	0.37
meetups	0.37
mensa	0.37
mignon	0.37
millicent	0.37
milt	0.37
mlg	0.37
moda	0.37
modric	0.37
moores	0.37
morsi	0.37
morten	0.37
mosby	0.37
mosh	0.37
mosses	0.37
mozart's	0.37
mueller's	0.37
mumbles	0.37
nabil	0.37
nationalisation	0.37
ncs	0.37
ndtv	0.37
newscast	0.37
nex	0.37
nfs	0.37
nicu	0.37
nighter	0.37
nir	0.37
nonverbal	0.37
nui	0.37
oakville	0.37
observatories	0.37
ooc	0.37
orchestrate	0.37
ordovician	0.37
otaku	0.37
ovechkin	0.37
overprotective	0.37
panache	0.37
panelist	0.37
paracetamol	0.37
paralyzing	0.37
parkin	0.37
parthenon	0.37
participle	0.37
pastimes	0.37
pathetically	0.37
pathophysiology	0.37
pauli	0.37
pdfs	0.37
pedantic	0.37
peered	0.37
pegging	0.37
peo	0.37
perthshire	0.37
perturbation	0.37
pha	0.37
phage	0.37
phallic	0.37
phobias	0.37
phonology	0.37
pickings	0.37
pima	0.37
pimping	0.37
pino	0.37
plateaus	0.37
pml	0.37
pocketbook	0.37
polymeric	0.37
portugal's	0.37
ppr	0.37
precludes	0.37
prescient	0.37
procurator	0.37
prophesy	0.37
prouder	0.37
puffin	0.37
pumas	0.37
punts	0.37
purebred	0.37
purists	0.37
putney	0.37
qaida	0.37
rafferty	0.37
rar	0.37
ratepayers	0.37
recep	0.37
redline	0.37
rednecks	0.37
reefer	0.37
refilled	0.37
refrigerant	0.37
remarry	0.37
resiliency	0.37
retorted	0.37
revivals	0.37
revving	0.37
rhone	0.37
rhp	0.37
ridding	0.37
riddler	0.37
riordan	0.37
ripon	0.37
rit	0.37
rizal	0.37
rockabilly	0.37
rodin	0.37
roshan	0.37
salivary	0.37
saloons	0.37
sandford	0.37
sandor	0.37
sanitarium	0.37
sardine	0.37
sauerkraut	0.37
saville	0.37
sawn	0.37
scheer	0.37
schoolboys	0.37
scotts	0.37
seafloor	0.37
sedimentation	0.37
sequestered	0.37
sharpton	0.37
shavings	0.37
shek	0.37
shing	0.37
shirk	0.37
shitless	0.37
shoves	0.37
shrieks	0.37
shriver	0.37
skewers	0.37
slav	0.37
sleepwalking	0.37
slinky	0.37
slipknot	0.37
smirking	0.37
snd	0.37
snorkeling	0.37
snuggled	0.37
soames	0.37
softens	0.37
solon	0.37
speedster	0.37
spellbound	0.37
spiel	0.37
splint	0.37
spunk	0.37
squinting	0.37
squirming	0.37
statham	0.37
stc	0.37
stepan	0.37
stethoscope	0.37
stoops	0.37
strident	0.37
superstore	0.37
sutcliffe	0.37
svg	0.37
swank	0.37
swerving	0.37
swipes	0.37
syfy	0.37
syriac	0.37
tacks	0.37
takumi	0.37
tans	0.37
techcrunch	0.37
tendering	0.37
tenses	0.37
thay	0.37
thicc	0.37
thinkpad	0.37
thor's	0.37
tilbury	0.37
tilda	0.37
toasts	0.37
tobey	0.37
tolkien's	0.37
tolling	0.37
tomi	0.37
torts	0.37
tradeoff	0.37
train's	0.37
trapp	0.37
treadwell	0.37
tritium	0.37
tsn	0.37
tsu	0.37
tubby	0.37
tubers	0.37
tutti	0.37
twill	0.37
twinks	0.37
uavs	0.37
ubiquity	0.37
udall	0.37
unaccountable	0.37
unaffordable	0.37
underfoot	0.37
undrafted	0.37
unevenly	0.37
ung	0.37
unknowable	0.37
unreachable	0.37
unsealed	0.37
upc	0.37
upswing	0.37
urbanisation	0.37
uxbridge	0.37
valdes	0.37
varun	0.37
vastness	0.37
veganism	0.37
velasquez	0.37
verdun	0.37
vickie	0.37
village's	0.37
vincennes	0.37
vogt	0.37
vou	0.37
waddell	0.37
wags	0.37
waikiki	0.37
waistcoat	0.37
wald	0.37
wankers	0.37
warburg	0.37
weeknd	0.37
wheelbarrow	0.37
whipple	0.37
wic	0.37
wrangling	0.37
yara	0.37
yawns	0.37
yellen	0.37
yost	0.37
yousef	0.37
yuna	0.37
zn	0.37
ø	0.37
abacus	0.36
abbotsford	0.36
abkhazia	0.36
abolitionists	0.36
absorbers	0.36
acct	0.36
acetic	0.36
aed	0.36
affidavits	0.36
afr	0.36
agape	0.36
agh	0.36
ailes	0.36
aimless	0.36
akhtar	0.36
alasdair	0.36
aldous	0.36
aldrin	0.36
aliexpress	0.36
allegiances	0.36
allstate	0.36
alo	0.36
altho	0.36
ambrosia	0.36
americano	0.36
amitabh	0.36
amoral	0.36
anise	0.36
ansar	0.36
aragorn	0.36
argonne	0.36
argumentation	0.36
asphyxiation	0.36
assessors	0.36
astaire	0.36
attn	0.36
auden	0.36
austria's	0.36
avs	0.36
babyface	0.36
backstroke	0.36
baits	0.36
balsam	0.36
balzac	0.36
barbecues	0.36
barbell	0.36
barbican	0.36
baskin	0.36
bastions	0.36
bellator	0.36
benzodiazepines	0.36
bilingualism	0.36
biodiesel	0.36
blogosphere	0.36
bmt	0.36
bobble	0.36
bobsleigh	0.36
bohr	0.36
bola	0.36
boniface	0.36
boxy	0.36
boynton	0.36
brahmins	0.36
breakwater	0.36
breckenridge	0.36
broiler	0.36
brookhaven	0.36
buckner	0.36
buoyed	0.36
bushnell	0.36
bypasses	0.36
caliper	0.36
canopies	0.36
card's	0.36
cargoes	0.36
caron	0.36
carted	0.36
cazorla	0.36
cbr	0.36
celluloid	0.36
chae	0.36
chantilly	0.36
chen's	0.36
chimed	0.36
cilia	0.36
cinch	0.36
cirrus	0.36
clarksville	0.36
clatter	0.36
clench	0.36
clos	0.36
closeted	0.36
coinbase	0.36
colic	0.36
collectable	0.36
combats	0.36
commonsense	0.36
conceals	0.36
cond	0.36
confirmations	0.36
confound	0.36
conjugal	0.36
contouring	0.36
conyers	0.36
cornwallis	0.36
corr	0.36
couplings	0.36
courageously	0.36
covalent	0.36
crackhead	0.36
crawfish	0.36
crispr	0.36
cruciate	0.36
cudi	0.36
cufflinks	0.36
cussing	0.36
dandruff	0.36
darmstadt	0.36
dawson's	0.36
deductive	0.36
defile	0.36
defiled	0.36
dela	0.36
deletions	0.36
delved	0.36
depeche	0.36
deplete	0.36
deteriorates	0.36
devalue	0.36
devel	0.36
dido	0.36
dingle	0.36
diphtheria	0.36
disconnects	0.36
dispelled	0.36
dispensers	0.36
disturbingly	0.36
dob	0.36
doer	0.36
doorknob	0.36
doormat	0.36
downsize	0.36
dpr	0.36
dragoon	0.36
dsa	0.36
dwelt	0.36
eagle's	0.36
easygoing	0.36
eben	0.36
elway	0.36
envisioning	0.36
envisions	0.36
epcot	0.36
epidermal	0.36
erratically	0.36
esperanza	0.36
essences	0.36
etna	0.36
etruscan	0.36
excusing	0.36
extraordinaire	0.36
facials	0.36
fallujah	0.36
farcical	0.36
fattest	0.36
fawning	0.36
featherweight	0.36
feigned	0.36
feinberg	0.36
ferraris	0.36
fetishes	0.36
filip	0.36
filippo	0.36
fiske	0.36
flasks	0.36
folate	0.36
folkestone	0.36
forthwith	0.36
frampton	0.36
frankfurter	0.36
fre	0.36
frets	0.36
frome	0.36
fulani	0.36
gassing	0.36
gautam	0.36
gbs	0.36
geri	0.36
gestalt	0.36
gfs	0.36
gigabyte	0.36
gilda	0.36
gipsy	0.36
giulio	0.36
glint	0.36
gloating	0.36
gnc	0.36
goad	0.36
goddamnit	0.36
grammars	0.36
greenlight	0.36
greig	0.36
greyish	0.36
grog	0.36
groupie	0.36
gruden	0.36
guardia	0.36
haggle	0.36
halcyon	0.36
halos	0.36
handicaps	0.36
handicraft	0.36
harshness	0.36
hashim	0.36
hea	0.36
headscarf	0.36
headshots	0.36
heaping	0.36
heartbeats	0.36
hed	0.36
hedwig	0.36
heine	0.36
helios	0.36
hilo	0.36
hons	0.36
hope's	0.36
hotbed	0.36
hotness	0.36
hoya	0.36
hungary's	0.36
ian's	0.36
ifrs	0.36
immunoglobulin	0.36
imperatives	0.36
incinerated	0.36
indented	0.36
inking	0.36
insolence	0.36
instigation	0.36
irresponsibility	0.36
islamism	0.36
jacinto	0.36
jafar	0.36
jamboree	0.36
jeanie	0.36
jeeves	0.36
jeopardized	0.36
jesus's	0.36
jeweller	0.36
jima	0.36
jorgensen	0.36
juilliard	0.36
jumpin	0.36
kao	0.36
kardashian's	0.36
karp	0.36
kasey	0.36
kass	0.36
katerina	0.36
kemal	0.36
kigali	0.36
kyra	0.36
la's	0.36
lanyard	0.36
leavitt	0.36
lebron's	0.36
leesburg	0.36
left's	0.36
letdown	0.36
lewinsky	0.36
libretto	0.36
lidar	0.36
lipoprotein	0.36
lod	0.36
lopes	0.36
lotions	0.36
lox	0.36
luckier	0.36
lundy	0.36
lycra	0.36
macclesfield	0.36
machina	0.36
maddow	0.36
madmen	0.36
mahon	0.36
malignancy	0.36
mamie	0.36
mandel	0.36
margaret's	0.36
marginalization	0.36
marshy	0.36
masai	0.36
massing	0.36
matriculation	0.36
mcclintock	0.36
mclennan	0.36
mecklenburg	0.36
medallions	0.36
meister	0.36
mercifully	0.36
mersey	0.36
mev	0.36
michelle's	0.36
microbiome	0.36
midgets	0.36
mindsets	0.36
ministry's	0.36
minutiae	0.36
misrepresent	0.36
misrepresenting	0.36
mitra	0.36
miyagi	0.36
mmmmm	0.36
mongrel	0.36
morin	0.36
moscow's	0.36
mrp	0.36
mtv's	0.36
mulling	0.36
mundy	0.36
munn	0.36
musgrave	0.36
nairn	0.36
nak	0.36
nancy's	0.36
nanoscale	0.36
napolitano	0.36
neely	0.36
neha	0.36
neiman	0.36
ner	0.36
nibbling	0.36
nisha	0.36
nita	0.36
nob	0.36
nother	0.36
nuys	0.36
oas	0.36
oberon	0.36
objectors	0.36
octagonal	0.36
ofcom	0.36
oldie	0.36
operable	0.36
organises	0.36
orgasmic	0.36
oui	0.36
outclassed	0.36
overflows	0.36
overhear	0.36
oyo	0.36
pacifism	0.36
padma	0.36
pampering	0.36
paralyze	0.36
parra	0.36
pascoe	0.36
pasquale	0.36
pelts	0.36
perennials	0.36
perp	0.36
perugia	0.36
pham	0.36
phu	0.36
pillsbury	0.36
pineda	0.36
pinewood	0.36
pio	0.36
pjs	0.36
platters	0.36
policymaking	0.36
porting	0.36
postnatal	0.36
powertrain	0.36
predefined	0.36
preferentially	0.36
prelate	0.36
premonition	0.36
presets	0.36
pretenders	0.36
primitives	0.36
propagandists	0.36
proportionality	0.36
proportionately	0.36
provident	0.36
pubescent	0.36
pyro	0.36
q's	0.36
qingdao	0.36
quantifiable	0.36
raffaele	0.36
rajah	0.36
ramallah	0.36
randwick	0.36
rata	0.36
ravenna	0.36
rcd	0.36
reaffirming	0.36
recaps	0.36
recharging	0.36
reconsideration	0.36
recur	0.36
recursion	0.36
redheads	0.36
redirects	0.36
redundancies	0.36
registrars	0.36
rehman	0.36
rejoiced	0.36
religiosity	0.36
relished	0.36
reportage	0.36
reporter's	0.36
resents	0.36
resets	0.36
reviled	0.36
ricks	0.36
rifled	0.36
riva	0.36
robison	0.36
roebuck	0.36
rossetti	0.36
rotator	0.36
rta	0.36
rubbers	0.36
sadist	0.36
sais	0.36
salamanca	0.36
salas	0.36
samara	0.36
sanaa	0.36
sault	0.36
sbi	0.36
scheduler	0.36
schott	0.36
screamer	0.36
scrumptious	0.36
sectioned	0.36
sendai	0.36
shackleton	0.36
shakedown	0.36
shamefully	0.36
shams	0.36
shariah	0.36
shimmy	0.36
shoestring	0.36
shucks	0.36
sired	0.36
sitka	0.36
sleaze	0.36
smg	0.36
smithers	0.36
smoothest	0.36
snags	0.36
snark	0.36
spartanburg	0.36
speculates	0.36
sperry	0.36
spurned	0.36
squamous	0.36
stagnated	0.36
staphylococcus	0.36
stator	0.36
steelhead	0.36
stewed	0.36
stews	0.36
stockman	0.36
stoppages	0.36
straights	0.36
stravinsky	0.36
stuntman	0.36
stylistically	0.36
subjectively	0.36
subpar	0.36
subsumed	0.36
suffixes	0.36
sunbeam	0.36
swanky	0.36
swaths	0.36
symbolizing	0.36
synchrotron	0.36
synthase	0.36
teixeira	0.36
tendulkar	0.36
teton	0.36
thereabouts	0.36
thermos	0.36
thrasher	0.36
timo	0.36
tine	0.36
tinsel	0.36
toppling	0.36
tortuous	0.36
toughen	0.36
trawl	0.36
triglycerides	0.36
triumphal	0.36
trust's	0.36
tuk	0.36
tulsi	0.36
typology	0.36
tywin	0.36
ultralight	0.36
uncooperative	0.36
underappreciated	0.36
undisciplined	0.36
uninjured	0.36
unlv	0.36
unobstructed	0.36
unobtrusive	0.36
unwitting	0.36
upholstered	0.36
upturned	0.36
usl	0.36
vandenberg	0.36
vaporized	0.36
variances	0.36
vaz	0.36
vela	0.36
vignette	0.36
visitor's	0.36
vulgarity	0.36
wakanda	0.36
wanderlust	0.36
wardrobes	0.36
waterside	0.36
wattage	0.36
waxes	0.36
webster's	0.36
wedgwood	0.36
weightless	0.36
wheelhouse	0.36
whiteley	0.36
whitworth	0.36
williamstown	0.36
withstanding	0.36
wizard's	0.36
yucca	0.36
zaha	0.36
zappa	0.36
zx	0.36
μg	0.36
abhor	0.35
abreu	0.35
absentia	0.35
accursed	0.35
adaptor	0.35
adj	0.35
aegon	0.35
aeon	0.35
aest	0.35
afterglow	0.35
aghast	0.35
agitate	0.35
ags	0.35
aight	0.35
alban	0.35
alberta's	0.35
alderson	0.35
alls	0.35
amador	0.35
amoeba	0.35
andalusia	0.35
annuals	0.35
anselm	0.35
antimatter	0.35
apologetics	0.35
append	0.35
appraisers	0.35
arie	0.35
arnett	0.35
aspirational	0.35
asr	0.35
atmos	0.35
australis	0.35
authority's	0.35
automaker	0.35
autonomously	0.35
auxiliaries	0.35
awp	0.35
ayrton	0.35
azur	0.35
backpacker	0.35
baidu	0.35
baka	0.35
banbury	0.35
bani	0.35
bankstown	0.35
bared	0.35
bariatric	0.35
basu	0.35
baywatch	0.35
bcg	0.35
bedbugs	0.35
bedded	0.35
bedridden	0.35
berners	0.35
bild	0.35
billboard's	0.35
binance	0.35
birding	0.35
bleh	0.35
blige	0.35
blushed	0.35
bms	0.35
bombarding	0.35
borgia	0.35
boulogne	0.35
bowie's	0.35
brecon	0.35
broadcasted	0.35
bronzer	0.35
bukhari	0.35
burnet	0.35
burton's	0.35
buts	0.35
bx	0.35
caen	0.35
caldera	0.35
calvinist	0.35
capitan	0.35
carpe	0.35
carrollton	0.35
casey's	0.35
cataclysm	0.35
catapulted	0.35
cavani	0.35
cdma	0.35
censured	0.35
centrepiece	0.35
chairing	0.35
chaise	0.35
chakras	0.35
characterise	0.35
chautauqua	0.35
chiba	0.35
childers	0.35
chloe's	0.35
choc	0.35
choco	0.35
chronograph	0.35
chul	0.35
clairvoyant	0.35
clarita	0.35
clarks	0.35
clc	0.35
coldness	0.35
coleslaw	0.35
collard	0.35
columbia's	0.35
commercialized	0.35
committal	0.35
communicators	0.35
conceptualized	0.35
condensing	0.35
condoned	0.35
connaught	0.35
conniving	0.35
contemptuous	0.35
corroded	0.35
corvallis	0.35
cosmetology	0.35
cotswolds	0.35
counterintelligence	0.35
countertop	0.35
courtier	0.35
crag	0.35
cranium	0.35
crystallization	0.35
csl	0.35
cultivar	0.35
curtiss	0.35
dachshund	0.35
dagenham	0.35
damm	0.35
dampened	0.35
dastardly	0.35
dawns	0.35
deadpan	0.35
dealer's	0.35
decibels	0.35
decried	0.35
deeming	0.35
delinquents	0.35
delorean	0.35
desecrated	0.35
deserting	0.35
detonating	0.35
detours	0.35
dewy	0.35
dilly	0.35
dimitrov	0.35
dings	0.35
dionysus	0.35
discontinuous	0.35
docklands	0.35
dolomite	0.35
dominatrix	0.35
dou	0.35
dov	0.35
doze	0.35
dreamcast	0.35
dwi	0.35
düsseldorf	0.35
eamon	0.35
eckhart	0.35
eichmann	0.35
elaborates	0.35
elongation	0.35
embiid	0.35
emmerdale	0.35
enlists	0.35
enthused	0.35
erases	0.35
escapism	0.35
euripides	0.35
exasperation	0.35
excelling	0.35
exoskeleton	0.35
expropriation	0.35
extinguishers	0.35
extruded	0.35
falafel	0.35
fallacious	0.35
falstaff	0.35
famines	0.35
fanboys	0.35
fasted	0.35
fastidious	0.35
fealty	0.35
federalists	0.35
fibroblasts	0.35
fido	0.35
filial	0.35
fingerprinting	0.35
fisting	0.35
flaccid	0.35
flagpole	0.35
flamethrower	0.35
florists	0.35
fogg	0.35
footpaths	0.35
forays	0.35
franchise's	0.35
franco's	0.35
freda	0.35
freelancing	0.35
freeland	0.35
freezers	0.35
fut	0.35
fv	0.35
gameday	0.35
garnished	0.35
gastronomy	0.35
gauls	0.35
gazprom	0.35
generalised	0.35
generics	0.35
genteel	0.35
geographers	0.35
geotechnical	0.35
gesturing	0.35
ghani	0.35
glenwood	0.35
glib	0.35
glorification	0.35
goshen	0.35
govan	0.35
grands	0.35
gratuity	0.35
grayling	0.35
groningen	0.35
growled	0.35
gumball	0.35
haggling	0.35
hairdressing	0.35
handshakes	0.35
hardens	0.35
hardwoods	0.35
harker	0.35
harkness	0.35
harv	0.35
haye	0.35
hcv	0.35
headstones	0.35
heartbreaker	0.35
hemorrhoids	0.35
henshaw	0.35
herbalife	0.35
herders	0.35
hertford	0.35
hiphop	0.35
histamine	0.35
hitchhiking	0.35
hobbyists	0.35
holocene	0.35
hoosier	0.35
hrm	0.35
hsa	0.35
hst	0.35
humanely	0.35
hustled	0.35
huw	0.35
hynes	0.35
hyphen	0.35
id's	0.35
ides	0.35
igloo	0.35
imessage	0.35
impregnable	0.35
impressionism	0.35
incredibles	0.35
indecency	0.35
indentation	0.35
inebriated	0.35
inexorably	0.35
insipid	0.35
intercollegiate	0.35
interdependent	0.35
itineraries	0.35
jamaicans	0.35
jessup	0.35
jewellers	0.35
jiffy	0.35
jor	0.35
jpl	0.35
jpn	0.35
kamara	0.35
kanpur	0.35
karting	0.35
karzai	0.35
keir	0.35
kemper	0.35
kenwood	0.35
ketone	0.35
kf	0.35
kiko	0.35
kimber	0.35
kingsbury	0.35
knackered	0.35
komodo	0.35
ktm	0.35
kunis	0.35
lagi	0.35
lah	0.35
lancers	0.35
lapland	0.35
lauren's	0.35
leaded	0.35
lhasa	0.35
lhc	0.35
lightroom	0.35
lily's	0.35
lingard	0.35
livy	0.35
loaning	0.35
lofts	0.35
loi	0.35
lomond	0.35
lorena	0.35
lossless	0.35
lucan	0.35
lugs	0.35
lyceum	0.35
machinists	0.35
macrae	0.35
madera	0.35
madoff	0.35
maim	0.35
mamba	0.35
mammography	0.35
manchu	0.35
maneuverability	0.35
mangroves	0.35
mankind's	0.35
maples	0.35
marg	0.35
marooned	0.35
martians	0.35
mcallen	0.35
mcelroy	0.35
medias	0.35
meena	0.35
merrier	0.35
mesmerising	0.35
mfs	0.35
milliken	0.35
mistrial	0.35
miyamoto	0.35
moffett	0.35
moh	0.35
monica's	0.35
montero	0.35
moorings	0.35
moretti	0.35
mortgaged	0.35
mossy	0.35
murad	0.35
muslin	0.35
myopic	0.35
nabi	0.35
nagel	0.35
naka	0.35
nape	0.35
natively	0.35
nato's	0.35
naturals	0.35
nco	0.35
neel	0.35
nehemiah	0.35
nematodes	0.35
netscape	0.35
nida	0.35
nikkei	0.35
nipped	0.35
noncommercial	0.35
nondescript	0.35
norad	0.35
notables	0.35
objectification	0.35
officiate	0.35
ohms	0.35
ope	0.35
optimised	0.35
oracles	0.35
orbitals	0.35
origen	0.35
ornamented	0.35
oso	0.35
ots	0.35
outbid	0.35
outgrowth	0.35
outhouse	0.35
outlawing	0.35
overhanging	0.35
overreach	0.35
pacifier	0.35
pander	0.35
paralleled	0.35
pasts	0.35
patrician	0.35
pederson	0.35
pediatricians	0.35
peeked	0.35
pennsylvania's	0.35
perfumed	0.35
permutation	0.35
phan	0.35
phenol	0.35
philadelphia's	0.35
phytoplankton	0.35
pirlo	0.35
plan's	0.35
plantar	0.35
plato's	0.35
pliable	0.35
polemic	0.35
ponderosa	0.35
poppin	0.35
positron	0.35
praia	0.35
prewar	0.35
principal's	0.35
prodding	0.35
prognostic	0.35
proviso	0.35
prunes	0.35
pubg	0.35
puffer	0.35
purport	0.35
quarts	0.35
quattro	0.35
ques	0.35
queueing	0.35
quint	0.35
radicalization	0.35
radiologist	0.35
ragnarok	0.35
rashford	0.35
raspy	0.35
receivables	0.35
recites	0.35
recuperation	0.35
red's	0.35
rediscovering	0.35
redshirt	0.35
referential	0.35
refinements	0.35
reflectors	0.35
regrowth	0.35
reimagined	0.35
reinvention	0.35
reit	0.35
relinquishing	0.35
renunciation	0.35
reparation	0.35
repute	0.35
retardant	0.35
reunites	0.35
revamping	0.35
reversals	0.35
rez	0.35
rhiannon	0.35
ricketts	0.35
ripen	0.35
romaine	0.35
roseville	0.35
ross's	0.35
rounders	0.35
rucksack	0.35
rvs	0.35
sacrilege	0.35
sadr	0.35
safekeeping	0.35
sahel	0.35
sallie	0.35
samaria	0.35
schoolyard	0.35
screenwriters	0.35
scruples	0.35
seafront	0.35
sedatives	0.35
seguin	0.35
selfishly	0.35
serif	0.35
serine	0.35
sexualized	0.35
shaheen	0.35
shallows	0.35
shawshank	0.35
shortfalls	0.35
showrunner	0.35
sickest	0.35
simcoe	0.35
sincerest	0.35
sistine	0.35
snazzy	0.35
snider	0.35
snipes	0.35
sorbet	0.35
soriano	0.35
specialities	0.35
spiny	0.35
spm	0.35
spreader	0.35
squarepants	0.35
ssb	0.35
stanley's	0.35
steepest	0.35
straightaway	0.35
strainer	0.35
sturt	0.35
subsides	0.35
subverted	0.35
sudoku	0.35
suis	0.35
surefire	0.35
surmised	0.35
swabs	0.35
sweetwater	0.35
symantec	0.35
tacitus	0.35
tambourine	0.35
tangy	0.35
tarik	0.35
tch	0.35
tensed	0.35
tft	0.35
throttling	0.35
tics	0.35
tilapia	0.35
timbre	0.35
tiptoe	0.35
tithes	0.35
tongued	0.35
tonkin	0.35
toppers	0.35
torrid	0.35
traumatised	0.35
trawling	0.35
tree's	0.35
trestle	0.35
troublemakers	0.35
tsunamis	0.35
tuber	0.35
tugged	0.35
ulcerative	0.35
unabridged	0.35
unbearably	0.35
underwriter	0.35
undeserving	0.35
unfunny	0.35
unkempt	0.35
unmitigated	0.35
unneeded	0.35
unsc	0.35
upmarket	0.35
upriver	0.35
uric	0.35
utley	0.35
utterances	0.35
venezuelans	0.35
virat	0.35
vit	0.35
vladivostok	0.35
vole	0.35
volker	0.35
vuelta	0.35
wagner's	0.35
wallaby	0.35
warfarin	0.35
warplanes	0.35
warzone	0.35
welds	0.35
westphalia	0.35
whorls	0.35
widow's	0.35
wilders	0.35
wildwood	0.35
wilkerson	0.35
winder	0.35
wintering	0.35
workaholic	0.35
worthiness	0.35
wrt	0.35
yeager	0.35
yore	0.35
zedong	0.35
zeit	0.35
ö	0.35
aamir	0.34
abdi	0.34
aberrations	0.34
addon	0.34
aeg	0.34
aerials	0.34
affix	0.34
afoul	0.34
ahmadinejad	0.34
airlock	0.34
alcatel	0.34
alicante	0.34
allergen	0.34
alleviation	0.34
alphabets	0.34
amara	0.34
ambrosio	0.34
analogs	0.34
anchorman	0.34
angolan	0.34
aphids	0.34
appendices	0.34
applesauce	0.34
aqsa	0.34
aromas	0.34
assuage	0.34
asthmatic	0.34
autopsies	0.34
awed	0.34
bachman	0.34
bailouts	0.34
ballets	0.34
balmoral	0.34
bana	0.34
barreled	0.34
battlegrounds	0.34
bazooka	0.34
beatle	0.34
beckoning	0.34
beckwith	0.34
beebe	0.34
belfort	0.34
bewilderment	0.34
beyer	0.34
bighorn	0.34
biloxi	0.34
biomarker	0.34
bitchin	0.34
bitrate	0.34
bittorrent	0.34
blankly	0.34
bletchley	0.34
blyth	0.34
bogotá	0.34
boho	0.34
bombastic	0.34
bond's	0.34
braved	0.34
brienne	0.34
brocade	0.34
brt	0.34
btu	0.34
buddha's	0.34
bulldozers	0.34
bunks	0.34
butchering	0.34
cameroonian	0.34
capacitive	0.34
capaldi	0.34
carapace	0.34
carew	0.34
castle's	0.34
cecile	0.34
cecily	0.34
cell's	0.34
century's	0.34
chancellors	0.34
changi	0.34
chapelle	0.34
charlatan	0.34
chatterjee	0.34
checkbook	0.34
chhattisgarh	0.34
chile's	0.34
chillies	0.34
chim	0.34
chomping	0.34
christen	0.34
christiane	0.34
chucks	0.34
circulates	0.34
cityscape	0.34
clang	0.34
clergymen	0.34
closeup	0.34
clowning	0.34
cmp	0.34
coalesce	0.34
coldwater	0.34
competently	0.34
compresses	0.34
concacaf	0.34
conman	0.34
conning	0.34
constricted	0.34
contrarian	0.34
coped	0.34
cordially	0.34
cormac	0.34
corned	0.34
cornice	0.34
cornwell	0.34
corporeal	0.34
cowering	0.34
creeds	0.34
crepes	0.34
crispin	0.34
criticises	0.34
croats	0.34
crosswalk	0.34
crow's	0.34
crud	0.34
curation	0.34
curley	0.34
cushman	0.34
cybernetic	0.34
cygnus	0.34
cyndi	0.34
cyrillic	0.34
d'souza	0.34
dampening	0.34
darned	0.34
decaf	0.34
decapitation	0.34
deciphered	0.34
declarative	0.34
dede	0.34
demonstrable	0.34
demonstrative	0.34
despairing	0.34
deviates	0.34
device's	0.34
digi	0.34
dillinger	0.34
dinky	0.34
disapproves	0.34
discontinuation	0.34
disliking	0.34
dismemberment	0.34
djing	0.34
dlr	0.34
dmx	0.34
dobby	0.34
doon	0.34
dorman	0.34
downplaying	0.34
doyle's	0.34
drawstring	0.34
drunkenly	0.34
dumbbell	0.34
dutiful	0.34
earhart	0.34
earplugs	0.34
earshot	0.34
ecw	0.34
edn	0.34
efi	0.34
eke	0.34
electorates	0.34
elitism	0.34
elven	0.34
emigrant	0.34
enders	0.34
engender	0.34
entente	0.34
enveloping	0.34
escherichia	0.34
etudes	0.34
excavators	0.34
exhausts	0.34
exxonmobil	0.34
factional	0.34
fahey	0.34
felice	0.34
fermenting	0.34
fibromyalgia	0.34
fiftieth	0.34
fire's	0.34
flacco	0.34
flatbed	0.34
fms	0.34
foals	0.34
footbridge	0.34
forceps	0.34
forecasters	0.34
fos	0.34
frothy	0.34
fucken	0.34
fujitsu	0.34
fume	0.34
gallium	0.34
gantry	0.34
gargoyle	0.34
gaslight	0.34
gastro	0.34
gastroenterology	0.34
gcs	0.34
generalist	0.34
georgi	0.34
germinate	0.34
gershwin	0.34
ghg	0.34
girardi	0.34
gitmo	0.34
glades	0.34
glebe	0.34
glowed	0.34
goat's	0.34
godard	0.34
goh	0.34
gramps	0.34
granddaughters	0.34
grannies	0.34
gremlin	0.34
grrr	0.34
grudgingly	0.34
gryffindor	0.34
guadeloupe	0.34
gws	0.34
haddad	0.34
hallett	0.34
harbored	0.34
harmonized	0.34
headroom	0.34
hedley	0.34
henan	0.34
heparin	0.34
herded	0.34
hernando	0.34
hgtv	0.34
hikaru	0.34
hilal	0.34
hillel	0.34
hodgkin	0.34
hodor	0.34
holland's	0.34
homily	0.34
hor	0.34
hornby	0.34
humana	0.34
hummingbirds	0.34
humpty	0.34
hustlers	0.34
ibanez	0.34
icbm	0.34
ideation	0.34
iff	0.34
impeccably	0.34
impulsively	0.34
inedible	0.34
inequities	0.34
infinitesimal	0.34
informers	0.34
integrals	0.34
ipods	0.34
isolationist	0.34
iucn	0.34
jailhouse	0.34
jeanine	0.34
jeannette	0.34
jellies	0.34
jetblue	0.34
jubilant	0.34
kain	0.34
kamen	0.34
karat	0.34
karen's	0.34
karmic	0.34
keefe	0.34
keener	0.34
keepsake	0.34
kerber	0.34
kilpatrick	0.34
kobo	0.34
kohl's	0.34
kono	0.34
krill	0.34
krispy	0.34
krug	0.34
kruse	0.34
laceration	0.34
laplace	0.34
leonard's	0.34
libor	0.34
lightened	0.34
liposuction	0.34
literatures	0.34
liven	0.34
lombardo	0.34
longo	0.34
loudon	0.34
lowdown	0.34
loy	0.34
ltr	0.34
lubricated	0.34
lucca	0.34
luk	0.34
lul	0.34
lyricism	0.34
madi	0.34
mages	0.34
maghreb	0.34
mahjong	0.34
maja	0.34
malabar	0.34
malala	0.34
mammary	0.34
maximized	0.34
meer	0.34
menendez	0.34
menopausal	0.34
mers	0.34
metered	0.34
mfg	0.34
mfw	0.34
michonne	0.34
mickey's	0.34
microbe	0.34
midline	0.34
millstone	0.34
mimicry	0.34
mission's	0.34
mitre	0.34
moonlit	0.34
morningstar	0.34
morphs	0.34
mortis	0.34
mote	0.34
moyer	0.34
multiracial	0.34
munoz	0.34
murchison	0.34
musashi	0.34
mutate	0.34
myeloid	0.34
naik	0.34
naira	0.34
nand	0.34
neglects	0.34
nep	0.34
nervosa	0.34
newsom	0.34
nez	0.34
nickelback	0.34
nimrod	0.34
njpw	0.34
nooooo	0.34
novelties	0.34
novi	0.34
nubian	0.34
nutt	0.34
oakwood	0.34
oblast	0.34
oeuvres	0.34
offhand	0.34
okra	0.34
olney	0.34
omelet	0.34
oozes	0.34
opi	0.34
optometry	0.34
orchestrating	0.34
orwellian	0.34
oscillators	0.34
otp	0.34
outtakes	0.34
pacifica	0.34
paella	0.34
pager	0.34
panicky	0.34
papier	0.34
parasol	0.34
parenthesis	0.34
parser	0.34
partick	0.34
pattison	0.34
pc's	0.34
peachtree	0.34
peele	0.34
pensive	0.34
performative	0.34
permeate	0.34
persevered	0.34
petticoat	0.34
pheasants	0.34
phenom	0.34
photosynthetic	0.34
pinging	0.34
pinion	0.34
pinter	0.34
pivots	0.34
plenipotentiary	0.34
plotters	0.34
pocono	0.34
poet's	0.34
pons	0.34
poppers	0.34
posses	0.34
precondition	0.34
preconditions	0.34
premierships	0.34
preppy	0.34
pretensions	0.34
priebus	0.34
pro's	0.34
professing	0.34
prospector	0.34
psychos	0.34
purvis	0.34
qian	0.34
qual	0.34
quantitatively	0.34
radiative	0.34
rambler	0.34
rance	0.34
rattan	0.34
reactivate	0.34
reapers	0.34
reassembled	0.34
rebalance	0.34
rebooting	0.34
recreates	0.34
refuting	0.34
regress	0.34
reintegration	0.34
rejoining	0.34
renegotiation	0.34
repositioning	0.34
reshaped	0.34
resurface	0.34
retails	0.34
retinue	0.34
rickey	0.34
rnas	0.34
roberson	0.34
rockaway	0.34
rockhampton	0.34
romanesque	0.34
roubles	0.34
rumba	0.34
saatchi	0.34
sally's	0.34
salvaging	0.34
sandi	0.34
saree	0.34
satirist	0.34
schrader	0.34
screenplays	0.34
segundo	0.34
sga	0.34
shaka	0.34
sharpshooter	0.34
shiner	0.34
shop's	0.34
shrugging	0.34
shrunken	0.34
sidetracked	0.34
silesia	0.34
singlehandedly	0.34
skiff	0.34
skittish	0.34
skopje	0.34
skynet	0.34
slattery	0.34
sleuth	0.34
slocum	0.34
sluice	0.34
smokeless	0.34
solidity	0.34
sorrento	0.34
speciation	0.34
splatoon	0.34
sportsnet	0.34
squaring	0.34
squeamish	0.34
stark's	0.34
stockade	0.34
stoicism	0.34
stoughton	0.34
straddles	0.34
strasburg	0.34
strontium	0.34
sturm	0.34
sunbury	0.34
superfund	0.34
supposition	0.34
suprised	0.34
svu	0.34
synchronised	0.34
tabasco	0.34
tagore	0.34
tantra	0.34
tarsus	0.34
tasker	0.34
teatro	0.34
theorizing	0.34
thermoplastic	0.34
thessaloniki	0.34
thickly	0.34
thro	0.34
timbuktu	0.34
timeshare	0.34
tino	0.34
tinto	0.34
tipper	0.34
titanfall	0.34
todd's	0.34
toiling	0.34
toothbrushes	0.34
townshend	0.34
trailhead	0.34
transvestite	0.34
trask	0.34
trodden	0.34
tsang	0.34
tucks	0.34
turismo	0.34
tussle	0.34
twp	0.34
typist	0.34
tyr	0.34
uhhhh	0.34
uhuru	0.34
unaided	0.34
unbecoming	0.34
universalist	0.34
unmistakably	0.34
unrealized	0.34
unworkable	0.34
uppercut	0.34
uproot	0.34
usenet	0.34
valiantly	0.34
verandah	0.34
vermeer	0.34
villeneuve	0.34
virology	0.34
vivek	0.34
voir	0.34
voor	0.34
vulgaris	0.34
wastage	0.34
waterline	0.34
waxman	0.34
weariness	0.34
weblog	0.34
whalers	0.34
wheelbase	0.34
wholeness	0.34
williston	0.34
wilmer	0.34
wingate	0.34
woolley	0.34
woot	0.34
wrest	0.34
yannick	0.34
zillion	0.34
zona	0.34
zte	0.34
zynga	0.34
aar	0.33
acceptability	0.33
aceh	0.33
adjudged	0.33
adriano	0.33
ahaha	0.33
airbender	0.33
aire	0.33
alb	0.33
alcove	0.33
alger	0.33
alrighty	0.33
amira	0.33
ane	0.33
anesthesiologist	0.33
annualized	0.33
arcana	0.33
architecturally	0.33
ase	0.33
asimov	0.33
aspirant	0.33
assertiveness	0.33
assyrians	0.33
astride	0.33
astrophysicist	0.33
asx	0.33
ateneo	0.33
auerbach	0.33
aut	0.33
autocracy	0.33
autosomal	0.33
awwww	0.33
balloting	0.33
bandar	0.33
baratheon	0.33
basset	0.33
baynes	0.33
beaton	0.33
bestiality	0.33
biracial	0.33
bitcoin's	0.33
bixby	0.33
ble	0.33
blk	0.33
blue's	0.33
bluray	0.33
blurs	0.33
blurted	0.33
bodice	0.33
bogdan	0.33
bozo	0.33
brac	0.33
brainy	0.33
braithwaite	0.33
bren	0.33
broach	0.33
broadbent	0.33
bromance	0.33
butane	0.33
bynum	0.33
cabbie	0.33
calcite	0.33
callan	0.33
candied	0.33
cantons	0.33
carbondale	0.33
castiel	0.33
celta	0.33
centrality	0.33
chamomile	0.33
childbearing	0.33
chippy	0.33
chives	0.33
chris's	0.33
chua	0.33
citroen	0.33
clamor	0.33
classless	0.33
clink	0.33
cloaking	0.33
coastlines	0.33
coelho	0.33
cognate	0.33
coking	0.33
colombians	0.33
configuring	0.33
conifers	0.33
connoisseurs	0.33
consoling	0.33
contaminant	0.33
contrition	0.33
converges	0.33
correlating	0.33
cosa	0.33
counterclockwise	0.33
crevice	0.33
crewman	0.33
crockery	0.33
croke	0.33
crusts	0.33
cums	0.33
cusack	0.33
cushioned	0.33
cvd	0.33
dais	0.33
dalhousie	0.33
defector	0.33
deferring	0.33
degeneracy	0.33
delphine	0.33
demoralized	0.33
denali	0.33
devastate	0.33
diesels	0.33
dimming	0.33
disciplining	0.33
disloyalty	0.33
divested	0.33
dll	0.33
dmz	0.33
doers	0.33
dollop	0.33
donatello	0.33
dongle	0.33
donohue	0.33
dosed	0.33
doused	0.33
drapery	0.33
drawdown	0.33
dreadlocks	0.33
dreadnought	0.33
dregs	0.33
driveways	0.33
earl's	0.33
edgerton	0.33
elissa	0.33
emptive	0.33
enablers	0.33
engendered	0.33
engined	0.33
entranced	0.33
escapades	0.33
escarpment	0.33
esperanto	0.33
eval	0.33
expedia	0.33
expos	0.33
extrinsic	0.33
fabrizio	0.33
facie	0.33
falcone	0.33
fantasizing	0.33
farid	0.33
farthing	0.33
fascinates	0.33
favs	0.33
feigning	0.33
fells	0.33
fenty	0.33
fett	0.33
fie	0.33
finality	0.33
flatbush	0.33
foldable	0.33
forebears	0.33
forestall	0.33
furthered	0.33
garlands	0.33
gatehouse	0.33
generalizing	0.33
gentlemanly	0.33
gesellschaft	0.33
gillett	0.33
giordano	0.33
gloat	0.33
glossed	0.33
glycerin	0.33
gog	0.33
goldeneye	0.33
goldilocks	0.33
goldmine	0.33
goodfellas	0.33
gorgon	0.33
gorillaz	0.33
grace's	0.33
grayish	0.33
griezmann	0.33
gris	0.33
gros	0.33
groupies	0.33
gurl	0.33
gymnastic	0.33
hahahah	0.33
handcuff	0.33
harbin	0.33
hardwired	0.33
harland	0.33
harpsichord	0.33
harris's	0.33
hashish	0.33
hawaiians	0.33
hematology	0.33
hernández	0.33
heroically	0.33
highgate	0.33
hindenburg	0.33
hinkley	0.33
histogram	0.33
hmo	0.33
hokey	0.33
husain	0.33
hutu	0.33
hydrochloric	0.33
hydrochloride	0.33
iata	0.33
ibsen	0.33
iep	0.33
ies	0.33
impolite	0.33
inbetween	0.33
infringements	0.33
insomniac	0.33
installers	0.33
interlock	0.33
interventionist	0.33
ionian	0.33
ionized	0.33
irrelevance	0.33
italiano	0.33
itemized	0.33
ivanovic	0.33
jabba	0.33
javanese	0.33
jawline	0.33
jaylen	0.33
jell	0.33
jit	0.33
joann	0.33
kaiju	0.33
kaminsky	0.33
kanan	0.33
karts	0.33
kerouac	0.33
kilgore	0.33
kitt	0.33
koji	0.33
kyoko	0.33
lacroix	0.33
lake's	0.33
langton	0.33
languishing	0.33
lauryn	0.33
laymen	0.33
layne	0.33
leandro	0.33
leathery	0.33
leclerc	0.33
libertarianism	0.33
lisle	0.33
lll	0.33
loam	0.33
lodi	0.33
lollipops	0.33
luger	0.33
lunges	0.33
lys	0.33
lytton	0.33
machu	0.33
maggie's	0.33
maidenhead	0.33
malagasy	0.33
malfoy	0.33
malin	0.33
mammy	0.33
manning's	0.33
manuela	0.33
marlo	0.33
marshalls	0.33
masque	0.33
masseuse	0.33
masson	0.33
matti	0.33
maulana	0.33
mayes	0.33
mcauliffe	0.33
mello	0.33
meltzer	0.33
mendocino	0.33
messer	0.33
meteorologists	0.33
metronome	0.33
metzger	0.33
mha	0.33
midrange	0.33
militaristic	0.33
mimicked	0.33
minimising	0.33
minnow	0.33
mirth	0.33
mitosis	0.33
mnemonic	0.33
mobilise	0.33
mofo	0.33
moonstone	0.33
morel	0.33
morey	0.33
moria	0.33
morningside	0.33
mothering	0.33
motorcyclists	0.33
natsu	0.33
naz	0.33
ndc	0.33
ned's	0.33
neet	0.33
negotiates	0.33
nimbus	0.33
nog	0.33
notations	0.33
noyes	0.33
obscures	0.33
odis	0.33
ogilvie	0.33
oomph	0.33
ostracized	0.33
overvalued	0.33
overwork	0.33
pacman	0.33
paintbrush	0.33
passaic	0.33
patil	0.33
pcie	0.33
persecutions	0.33
pestering	0.33
pilkington	0.33
pivoting	0.33
pizzagate	0.33
plausibly	0.33
plebs	0.33
plucky	0.33
pocock	0.33
preposition	0.33
pretenses	0.33
privatised	0.33
proclamations	0.33
product's	0.33
prohibitively	0.33
prost	0.33
proximate	0.33
puller	0.33
punctures	0.33
py	0.33
quadrupled	0.33
queasy	0.33
quiche	0.33
quips	0.33
qureshi	0.33
radley	0.33
rainstorm	0.33
rangel	0.33
rapprochement	0.33
rayleigh	0.33
reappearance	0.33
recompense	0.33
recuperating	0.33
redesigning	0.33
redlands	0.33
redraw	0.33
redrawn	0.33
refutation	0.33
remiss	0.33
remittance	0.33
renfrewshire	0.33
repudiated	0.33
resuscitate	0.33
reticent	0.33
reverie	0.33
revisionism	0.33
rewrites	0.33
rheumatism	0.33
rickman	0.33
rightwing	0.33
roused	0.33
ruble	0.33
ryerson	0.33
safeguarded	0.33
sakurai	0.33
santorini	0.33
sasaki	0.33
saya	0.33
schaeffer	0.33
schweinsteiger	0.33
scintillating	0.33
scribbling	0.33
scuttled	0.33
sectoral	0.33
see's	0.33
selflessness	0.33
seong	0.33
sharapova	0.33
sharps	0.33
shauna	0.33
shimano	0.33
shinto	0.33
shrooms	0.33
shuddering	0.33
silken	0.33
slayers	0.33
slippage	0.33
slowness	0.33
slurred	0.33
smattering	0.33
snarl	0.33
snuggling	0.33
solvers	0.33
sook	0.33
sorbonne	0.33
soul's	0.33
spawns	0.33
spongy	0.33
spx	0.33
sterilize	0.33
stewardess	0.33
stockholder	0.33
storefronts	0.33
storyboard	0.33
stragglers	0.33
stratigraphy	0.33
striding	0.33
strom	0.33
stunting	0.33
surcharges	0.33
surest	0.33
suriname	0.33
swe	0.33
sweety	0.33
taiga	0.33
tangier	0.33
tapioca	0.33
taskforce	0.33
telemedicine	0.33
tendrils	0.33
teng	0.33
texarkana	0.33
tfc	0.33
thani	0.33
thickest	0.33
three's	0.33
ticklish	0.33
timestamp	0.33
tivo	0.33
tolerates	0.33
tomo	0.33
tradesman	0.33
traditionalists	0.33
trappers	0.33
tulle	0.33
turtleneck	0.33
tutsi	0.33
twats	0.33
uab	0.33
ugc	0.33
ula	0.33
ulm	0.33
umberto	0.33
unconvinced	0.33
underclass	0.33
underhill	0.33
undertone	0.33
undressing	0.33
unpopularity	0.33
unquestionable	0.33
unreadable	0.33
unwinding	0.33
urchins	0.33
ursa	0.33
vanquish	0.33
variegated	0.33
vedanta	0.33
vehement	0.33
vel	0.33
velma	0.33
videotapes	0.33
viewer's	0.33
vikas	0.33
vinaigrette	0.33
walkman	0.33
wallop	0.33
walter's	0.33
wcs	0.33
wea	0.33
weeknight	0.33
weenie	0.33
whet	0.33
whitehaven	0.33
wile	0.33
wilmot	0.33
wim	0.33
witten	0.33
wobbling	0.33
wowed	0.33
wps	0.33
wwe's	0.33
xoxo	0.33
yamaguchi	0.33
yesteryear	0.33
ziggler	0.33
zipping	0.33
ã	0.33
aced	0.32
act's	0.32
advantaged	0.32
afm	0.32
agarwal	0.32
agl	0.32
airspeed	0.32
ake	0.32
albus	0.32
allocates	0.32
alphas	0.32
altoona	0.32
amplifies	0.32
amply	0.32
anglophone	0.32
annealing	0.32
annexing	0.32
antecedents	0.32
antiretroviral	0.32
antithetical	0.32
antler	0.32
aoa	0.32
aoi	0.32
app's	0.32
applegate	0.32
apprenticed	0.32
arb	0.32
aris	0.32
arma	0.32
arn	0.32
aromatherapy	0.32
arranger	0.32
asb	0.32
aspirated	0.32
atchison	0.32
atr	0.32
attestation	0.32
aways	0.32
aylesbury	0.32
ayurveda	0.32
babar	0.32
baptisms	0.32
bar's	0.32
baraka	0.32
barbary	0.32
baudelaire	0.32
beached	0.32
beavis	0.32
beefing	0.32
belittling	0.32
bellini	0.32
bevel	0.32
birdsong	0.32
bizarro	0.32
blatt	0.32
blesses	0.32
blockaded	0.32
bly	0.32
bodhi	0.32
bookmaker	0.32
bradman	0.32
brava	0.32
brawling	0.32
breakouts	0.32
brezhnev	0.32
brin	0.32
brogan	0.32
bunyan	0.32
businesspeople	0.32
buzzword	0.32
cabbages	0.32
cacophony	0.32
caligula	0.32
capitalistic	0.32
caresses	0.32
carlsen	0.32
carnations	0.32
carruthers	0.32
carswell	0.32
cartoonists	0.32
castaway	0.32
catharine	0.32
cavanaugh	0.32
ccg	0.32
cenotaph	0.32
chafing	0.32
chairman's	0.32
chambered	0.32
chibi	0.32
chibok	0.32
chink	0.32
chl	0.32
cip	0.32
circumscribed	0.32
cking	0.32
clack	0.32
clicker	0.32
collation	0.32
colombia's	0.32
comings	0.32
commandeered	0.32
commemorations	0.32
commentating	0.32
competition's	0.32
comprehending	0.32
confidentially	0.32
confining	0.32
confucianism	0.32
connectedness	0.32
conscripts	0.32
conservator	0.32
cooperates	0.32
cooperatively	0.32
copperfield	0.32
cou	0.32
counseled	0.32
covey	0.32
crewmen	0.32
crimp	0.32
cruces	0.32
cryo	0.32
curbed	0.32
customarily	0.32
dagestan	0.32
dartford	0.32
ddd	0.32
deactivation	0.32
debby	0.32
deductibles	0.32
deflate	0.32
demonize	0.32
dena	0.32
denunciation	0.32
dft	0.32
diazepam	0.32
discrediting	0.32
dished	0.32
dismount	0.32
diuretic	0.32
dnb	0.32
domini	0.32
doppelganger	0.32
dpa	0.32
drawbridge	0.32
drivin	0.32
drudge	0.32
drugging	0.32
duquesne	0.32
dwindle	0.32
décor	0.32
eckert	0.32
eddie's	0.32
edp	0.32
effector	0.32
ellery	0.32
encapsulation	0.32
enchantress	0.32
encircle	0.32
env	0.32
eoin	0.32
epa's	0.32
epistemological	0.32
erdoğan	0.32
etiology	0.32
evangelion	0.32
exonerate	0.32
expediency	0.32
exudes	0.32
eyesore	0.32
faceoff	0.32
facile	0.32
facilitators	0.32
fatherless	0.32
featherstone	0.32
feely	0.32
fertilize	0.32
field's	0.32
fiennes	0.32
fittingly	0.32
flossing	0.32
fluted	0.32
fogarty	0.32
foreshore	0.32
foyle	0.32
français	0.32
fred's	0.32
frederik	0.32
frightens	0.32
fruiting	0.32
fuk	0.32
gangbang	0.32
gascoigne	0.32
gasses	0.32
gawain	0.32
gazes	0.32
geneticist	0.32
genotypes	0.32
gert	0.32
gilly	0.32
gizmo	0.32
glycine	0.32
godot	0.32
goop	0.32
gorsuch	0.32
gregson	0.32
griffin's	0.32
grimace	0.32
groggy	0.32
grt	0.32
guano	0.32
guava	0.32
guinean	0.32
gwinnett	0.32
gwyn	0.32
gwynn	0.32
hab	0.32
habsburg	0.32
haller	0.32
halliburton	0.32
halstead	0.32
hammocks	0.32
hamstrings	0.32
handbooks	0.32
hanzo	0.32
harford	0.32
haslam	0.32
hematoma	0.32
hew	0.32
hhh	0.32
hideo	0.32
histology	0.32
hitching	0.32
homewood	0.32
homogeneity	0.32
hoss	0.32
hossein	0.32
hotties	0.32
hoyle	0.32
huerta	0.32
huma	0.32
humanists	0.32
humbert	0.32
hummel	0.32
huntress	0.32
husks	0.32
ichigo	0.32
icrc	0.32
idiopathic	0.32
ige	0.32
ij	0.32
illini	0.32
immigrate	0.32
imparts	0.32
implacable	0.32
implicating	0.32
imprisoning	0.32
inclusiveness	0.32
indemnify	0.32
indiscretion	0.32
indulgences	0.32
infirm	0.32
inga	0.32
intermodal	0.32
intraday	0.32
ishikawa	0.32
itd	0.32
iwc	0.32
jackals	0.32
jaclyn	0.32
jailer	0.32
jamaat	0.32
jefferson's	0.32
jharkhand	0.32
jin's	0.32
joists	0.32
joke's	0.32
jon's	0.32
kanto	0.32
kanye's	0.32
karabakh	0.32
keiko	0.32
keith's	0.32
kenner	0.32
kennett	0.32
kerb	0.32
kiara	0.32
kidnaps	0.32
klingons	0.32
knott	0.32
kondo	0.32
kot	0.32
kwok	0.32
lacing	0.32
laidlaw	0.32
lambo	0.32
lanham	0.32
latches	0.32
ldr	0.32
lengthwise	0.32
lennon's	0.32
lenore	0.32
leopoldo	0.32
linoleum	0.32
listeria	0.32
lockett	0.32
longview	0.32
lutherans	0.32
luxemburg	0.32
lyre	0.32
maas	0.32
maasai	0.32
magnanimous	0.32
magus	0.32
mammoths	0.32
manchurian	0.32
maniacal	0.32
manish	0.32
marie's	0.32
marshawn	0.32
martel	0.32
materialist	0.32
matsumoto	0.32
maximizes	0.32
mccarthy's	0.32
mccarty	0.32
mccauley	0.32
medica	0.32
meeker	0.32
metabolized	0.32
mewtwo	0.32
mfc	0.32
mickelson	0.32
micrograms	0.32
micronesia	0.32
mie	0.32
mikes	0.32
miniscule	0.32
ministering	0.32
miramar	0.32
miri	0.32
miro	0.32
miscalculation	0.32
misdirection	0.32
mlc	0.32
moc	0.32
modernised	0.32
modulating	0.32
monger	0.32
montpelier	0.32
montreal's	0.32
mookie	0.32
morrell	0.32
mua	0.32
multicolored	0.32
multifamily	0.32
musing	0.32
mystified	0.32
narc	0.32
nat'l	0.32
natchez	0.32
natwest	0.32
naya	0.32
necromancer	0.32
neh	0.32
neurobiology	0.32
newman's	0.32
nics	0.32
nitride	0.32
noa	0.32
nobodies	0.32
norepinephrine	0.32
notional	0.32
nsaids	0.32
nuff	0.32
nuffield	0.32
obliging	0.32
observances	0.32
obverse	0.32
ocala	0.32
offing	0.32
offstage	0.32
oka	0.32
oooo	0.32
outkast	0.32
overlying	0.32
overridden	0.32
overruns	0.32
pacts	0.32
palatial	0.32
pappas	0.32
parley	0.32
parris	0.32
paucity	0.32
pauls	0.32
pavlov	0.32
peculiarly	0.32
peddler	0.32
pelagic	0.32
peppa	0.32
pepsico	0.32
persecuting	0.32
persephone	0.32
phds	0.32
phenomenally	0.32
philosopher's	0.32
phonics	0.32
phs	0.32
physiologically	0.32
pilgrimages	0.32
pithy	0.32
pittance	0.32
placental	0.32
plastering	0.32
plex	0.32
plop	0.32
poe's	0.32
portobello	0.32
prancing	0.32
preclinical	0.32
primark	0.32
prisms	0.32
prowling	0.32
puccini	0.32
pujols	0.32
pulleys	0.32
pullover	0.32
pye	0.32
rafi	0.32
rapp	0.32
rarities	0.32
raster	0.32
rau	0.32
razak	0.32
reassessment	0.32
recharged	0.32
reconfigured	0.32
reeled	0.32
registrant	0.32
rehabilitating	0.32
reimer	0.32
rekindled	0.32
renouncing	0.32
repaint	0.32
reprocessing	0.32
repulsion	0.32
resistive	0.32
resurgent	0.32
rfp	0.32
rihanna's	0.32
rika	0.32
rma	0.32
rob's	0.32
romania's	0.32
ronaldo's	0.32
ronson	0.32
roosevelt's	0.32
rosita	0.32
rothman	0.32
roxas	0.32
rubbery	0.32
ruby's	0.32
ruth's	0.32
sagas	0.32
salamanders	0.32
sameer	0.32
sandia	0.32
sashimi	0.32
sauber	0.32
sayed	0.32
scalding	0.32
sceptre	0.32
schmitz	0.32
scoundrels	0.32
scrambles	0.32
seacrest	0.32
seasonings	0.32
seditious	0.32
segway	0.32
selangor	0.32
senor	0.32
serviceman	0.32
seti	0.32
sfr	0.32
shinjuku	0.32
shopify	0.32
shorting	0.32
shortsighted	0.32
shunning	0.32
silverstein	0.32
simona	0.32
sinker	0.32
skyfall	0.32
slates	0.32
smartass	0.32
snodgrass	0.32
sono	0.32
sophocles	0.32
soren	0.32
sortie	0.32
sotomayor	0.32
standish	0.32
starburst	0.32
statist	0.32
statuette	0.32
steppes	0.32
steven's	0.32
storeroom	0.32
strumming	0.32
sua	0.32
subban	0.32
sucky	0.32
suiting	0.32
supersedes	0.32
swamy	0.32
swig	0.32
takeovers	0.32
tangles	0.32
tash	0.32
tass	0.32
taxidermy	0.32
taylors	0.32
tenner	0.32
texaco	0.32
thankless	0.32
thorin	0.32
thos	0.32
throwers	0.32
tightest	0.32
tillerson	0.32
tisdale	0.32
titian	0.32
todos	0.32
toiled	0.32
tomes	0.32
toots	0.32
trainor	0.32
triceps	0.32
tropez	0.32
tsui	0.32
ttp	0.32
tts	0.32
unapologetically	0.32
unappealing	0.32
uncivilized	0.32
underwritten	0.32
undoubted	0.32
unpatriotic	0.32
unrepentant	0.32
unsee	0.32
untidy	0.32
ural	0.32
useable	0.32
ushering	0.32
vassar	0.32
veep	0.32
velodrome	0.32
vevo	0.32
viewable	0.32
visionaries	0.32
vitals	0.32
waaaay	0.32
warrior's	0.32
washable	0.32
washy	0.32
waterproofing	0.32
watters	0.32
waveguide	0.32
weaponized	0.32
wearers	0.32
weill	0.32
welders	0.32
werk	0.32
wetness	0.32
wheelers	0.32
wierd	0.32
wiggling	0.32
wilfried	0.32
wince	0.32
winemaking	0.32
wn	0.32
wnt	0.32
womanizer	0.32
woodbine	0.32
wreaking	0.32
wrecker	0.32
wrenches	0.32
xa	0.32
yulia	0.32
zayed	0.32
zealander	0.32
zuckerman	0.32
aachen	0.31
abn	0.31
abrasions	0.31
acetylcholine	0.31
aco	0.31
actives	0.31
adherent	0.31
adulation	0.31
adverbs	0.31
aforesaid	0.31
afridi	0.31
agr	0.31
ahmadi	0.31
airlifted	0.31
alan's	0.31
aleksandar	0.31
ambassador's	0.31
amines	0.31
amniotic	0.31
amulets	0.31
amusements	0.31
antecedent	0.31
antiwar	0.31
aphasia	0.31
aphrodisiac	0.31
apm	0.31
aristotelian	0.31
arsenals	0.31
arteta	0.31
astley	0.31
astrophysical	0.31
asunder	0.31
aum	0.31
automating	0.31
ayy	0.31
backstabbing	0.31
backstop	0.31
bauhaus	0.31
bee's	0.31
begets	0.31
belgium's	0.31
bernanke	0.31
bevin	0.31
bharti	0.31
bibliographies	0.31
bimonthly	0.31
binocular	0.31
bioethics	0.31
birdy	0.31
birkenhead	0.31
birkin	0.31
biter	0.31
blatter	0.31
bldg	0.31
bloat	0.31
boden	0.31
boers	0.31
bolus	0.31
botanists	0.31
breakin	0.31
bretton	0.31
breyer	0.31
brightens	0.31
briskly	0.31
bruiser	0.31
brunel	0.31
brutes	0.31
bubonic	0.31
buggers	0.31
bulger	0.31
burgos	0.31
burj	0.31
bursa	0.31
bushels	0.31
busta	0.31
bylaw	0.31
cabello	0.31
cached	0.31
caddie	0.31
caplan	0.31
carrillo	0.31
carroll's	0.31
castro's	0.31
caterers	0.31
cations	0.31
cellophane	0.31
cept	0.31
cera	0.31
chaining	0.31
channelled	0.31
chiara	0.31
chiron	0.31
choker	0.31
chrysalis	0.31
chums	0.31
cialis	0.31
clamour	0.31
clarice	0.31
claudette	0.31
clenching	0.31
clumsily	0.31
cmv	0.31
codename	0.31
cofounder	0.31
collectives	0.31
colonizing	0.31
compressive	0.31
condoning	0.31
convalescent	0.31
costal	0.31
couscous	0.31
crassus	0.31
cristal	0.31
critiqued	0.31
croker	0.31
crompton	0.31
crone	0.31
crystallography	0.31
cupping	0.31
dabbling	0.31
dabs	0.31
dampers	0.31
dayz	0.31
decoys	0.31
decry	0.31
deferral	0.31
delisted	0.31
desc	0.31
desoto	0.31
deviantart	0.31
dirtbag	0.31
dirtier	0.31
disavow	0.31
discordant	0.31
dismounted	0.31
distrustful	0.31
dmg	0.31
doll's	0.31
downy	0.31
dragonball	0.31
dru	0.31
dsi	0.31
dualism	0.31
duplicating	0.31
durante	0.31
dwp	0.31
eazy	0.31
ecr	0.31
egon	0.31
elegans	0.31
embittered	0.31
emissaries	0.31
encyclopedias	0.31
endangers	0.31
enugu	0.31
epithets	0.31
esse	0.31
estimations	0.31
eunuchs	0.31
eve's	0.31
evidentiary	0.31
ewen	0.31
exalt	0.31
executors	0.31
exoplanets	0.31
fairground	0.31
fairytales	0.31
fancier	0.31
fatherly	0.31
faultless	0.31
feedstock	0.31
fending	0.31
fistula	0.31
fjords	0.31
flemming	0.31
foxtrot	0.31
frith	0.31
frizzy	0.31
gabriel's	0.31
garbled	0.31
garfunkel	0.31
gaskets	0.31
geert	0.31
generale	0.31
get's	0.31
ginn	0.31
gla	0.31
godin	0.31
gpo	0.31
grimshaw	0.31
gronk	0.31
gsw	0.31
gulfstream	0.31
gyu	0.31
hachette	0.31
hadoop	0.31
hallucinogenic	0.31
halve	0.31
hamer	0.31
handfuls	0.31
harlot	0.31
harpers	0.31
headbutt	0.31
heathcote	0.31
hebei	0.31
hecht	0.31
heckler	0.31
heifer	0.31
henderson's	0.31
hendrickson	0.31
hezekiah	0.31
hmas	0.31
hoards	0.31
holger	0.31
homer's	0.31
hoosiers	0.31
hsi	0.31
hued	0.31
humbug	0.31
hydrological	0.31
icf	0.31
icm	0.31
imc	0.31
ime	0.31
impetuous	0.31
inadequately	0.31
inconvenienced	0.31
indignity	0.31
indisputably	0.31
indoctrinated	0.31
inflorescence	0.31
infowars	0.31
injectable	0.31
inky	0.31
inlets	0.31
innsbruck	0.31
interactivity	0.31
interdiction	0.31
intros	0.31
isl	0.31
jarred	0.31
jasmin	0.31
jaunt	0.31
jawaharlal	0.31
job's	0.31
jointed	0.31
joker's	0.31
joong	0.31
jutting	0.31
kawaii	0.31
kayaks	0.31
keeley	0.31
keisha	0.31
kerry's	0.31
khans	0.31
kindergartens	0.31
kneels	0.31
knits	0.31
kph	0.31
kyo	0.31
ladbrokes	0.31
lane's	0.31
laszlo	0.31
laud	0.31
leavin	0.31
legation	0.31
leh	0.31
letterhead	0.31
levis	0.31
levity	0.31
lichtenstein	0.31
lidl	0.31
likud	0.31
limped	0.31
liquors	0.31
loh	0.31
lombardy	0.31
lorentz	0.31
louse	0.31
lsat	0.31
lucha	0.31
luciana	0.31
lucked	0.31
lugo	0.31
luhansk	0.31
maarten	0.31
mab	0.31
magick	0.31
malayan	0.31
malfeasance	0.31
mandeville	0.31
markey	0.31
markle	0.31
martinis	0.31
massaged	0.31
massif	0.31
mattingly	0.31
mccracken	0.31
mechanistic	0.31
meijer	0.31
mementos	0.31
mercado	0.31
mezzo	0.31
mightiest	0.31
mii	0.31
millenium	0.31
millimetre	0.31
minnows	0.31
mino	0.31
misappropriation	0.31
mishandling	0.31
misinterpret	0.31
misstep	0.31
mitsui	0.31
mmc	0.31
moguls	0.31
mohamad	0.31
montauk	0.31
moorhead	0.31
morello	0.31
motherfuckin	0.31
mowers	0.31
multichannel	0.31
mummified	0.31
musik	0.31
nacl	0.31
nagano	0.31
narcissists	0.31
narrators	0.31
natura	0.31
nawab	0.31
nct	0.31
nederland	0.31
neu	0.31
newington	0.31
newness	0.31
newsreader	0.31
nipping	0.31
nona	0.31
nontraditional	0.31
nori	0.31
o'brien's	0.31
octavian	0.31
oddest	0.31
olmsted	0.31
olympiad	0.31
optimise	0.31
oration	0.31
ordinates	0.31
orrin	0.31
ousting	0.31
overseers	0.31
oxidizing	0.31
paneling	0.31
panelled	0.31
pangs	0.31
pape	0.31
paribas	0.31
paschal	0.31
passivity	0.31
paterno	0.31
pcl	0.31
pec	0.31
peeks	0.31
percussive	0.31
perdue	0.31
phosphatase	0.31
pickets	0.31
piezoelectric	0.31
piglets	0.31
pinches	0.31
pir	0.31
pittsfield	0.31
plessis	0.31
plies	0.31
plinth	0.31
plos	0.31
pmc	0.31
polishes	0.31
polypeptide	0.31
postulate	0.31
presidio	0.31
priors	0.31
probiotic	0.31
productively	0.31
propylene	0.31
prosaic	0.31
proscribed	0.31
prosecutorial	0.31
pyrotechnics	0.31
qos	0.31
quacks	0.31
quandary	0.31
quietest	0.31
quipped	0.31
rabat	0.31
radisson	0.31
rajya	0.31
rationalism	0.31
rears	0.31
rebut	0.31
reclassified	0.31
reconnecting	0.31
redondo	0.31
refiners	0.31
reheat	0.31
reinhard	0.31
reinhart	0.31
reinvest	0.31
remorseful	0.31
renée	0.31
repackaged	0.31
repented	0.31
reprogramming	0.31
restocking	0.31
reticence	0.31
reversion	0.31
rey's	0.31
rhinestone	0.31
riemann	0.31
rittenhouse	0.31
roundabouts	0.31
rspca	0.31
rubinstein	0.31
rutter	0.31
saipan	0.31
saladin	0.31
saleem	0.31
sandown	0.31
sapphires	0.31
saran	0.31
scrip	0.31
scruff	0.31
scurrying	0.31
seafaring	0.31
sepp	0.31
sexiness	0.31
señora	0.31
shania	0.31
shaquille	0.31
sheaf	0.31
shipwrecks	0.31
shooter's	0.31
siesta	0.31
sikkim	0.31
sinhalese	0.31
skoda	0.31
slp	0.31
sniffer	0.31
snobs	0.31
snyder's	0.31
socialise	0.31
sociopathic	0.31
sociopaths	0.31
sof	0.31
speedometer	0.31
splints	0.31
spoofing	0.31
squad's	0.31
squalid	0.31
staves	0.31
stillman	0.31
stockwell	0.31
stringed	0.31
strollers	0.31
strolls	0.31
styx	0.31
submerge	0.31
subordination	0.31
summarise	0.31
sunnah	0.31
surfactant	0.31
surry	0.31
survivability	0.31
sweltering	0.31
swooping	0.31
sz	0.31
tahrir	0.31
tannins	0.31
tanto	0.31
tarn	0.31
tater	0.31
taxicab	0.31
tdp	0.31
tedx	0.31
telluride	0.31
telus	0.31
tenements	0.31
thanet	0.31
themself	0.31
theyve	0.31
thule	0.31
thunk	0.31
tiber	0.31
tigger	0.31
tints	0.31
tokugawa	0.31
tonk	0.31
trevelyan	0.31
ttt	0.31
tupelo	0.31
ulta	0.31
unabashed	0.31
unencumbered	0.31
unfilled	0.31
unionization	0.31
unjustifiable	0.31
unnaturally	0.31
uttarakhand	0.31
uwu	0.31
vann	0.31
vazquez	0.31
vegetarianism	0.31
verstappen	0.31
vey	0.31
vicarious	0.31
villainy	0.31
virtuosity	0.31
virulence	0.31
vishal	0.31
vix	0.31
vizier	0.31
vries	0.31
waa	0.31
wali	0.31
walkable	0.31
walling	0.31
warmers	0.31
westbury	0.31
whimsy	0.31
whitcomb	0.31
wicca	0.31
willett	0.31
wilted	0.31
winging	0.31
wolfpack	0.31
worf	0.31
workpiece	0.31
wormwood	0.31
wrangle	0.31
youngblood	0.31
yucatan	0.31
zander	0.31
zeller	0.31
zhi	0.31
zircon	0.31
zora	0.31
